tipo,item,calado_bm,calado_pm,calado_pm_regra,calado_unico_impresso,data_vigencia_impressa,descricao,primeira_captura,ultima_captura,n_capturas,ultima_captura_periodo_anterior,primeira_captura_periodo_seguinte,revisoes,data_revisao_impressa_min,formato,arquivos,documento_homologacao,data_homologacao,levantamento,carta_vigencia,data_carta,calado_pm_fonte,profundidade_projeto,trecho_berco,notas_rodape,remete_nota,comprimento_m
berco,37 Pto 1 e 2,13.2,13.5,,,,37 Pto 1 e 2,20191004100011,20191004100011,1,,20200614202932,221,2019-07-16,C,wayback/calado_maximo_operacional_2018/20191004100011.html,,,,,,,,II,,,74.0
berco,37 Pto 1 e 2,12.5,12.8,,,,37 Pto 1 e 2,20200614202932,20210116144927,6,20191004100011,20210302013408,"228,230,233,234,238",2020-06-04,C,wayback/calado_maximo_operacional_2018/20200614202932.html;wayback/calado_maximo_operacional_2018/20200708204409.html;wayback/calado_maximo_operacional_2018/20200709003858.html;wayback/calado_maximo_operacional_2018/20200814132526.html;wayback/calado_maximo_operacional_2018/20201024141308.html;wayback/calados_operacionais_2021/20210116144927.html,,,,,,,,II,,,74.0
berco,37 Pto 1 e 2,13.4,13.7,,,,37 Pto 1 e 2,20210302013408,20220815190641,13,20210116144927,20230330203418,"239,242,244,245",2021-01-29,C,wayback/calados_operacionais_2021/20210302013408.html;wayback/calados_operacionais_2021/20210419060037.html;wayback/calados_operacionais_2021/20210510223144.html;wayback/calados_operacionais_2021/20210511012409.html;wayback/calados_operacionais_2021/20210726231527.html;wayback/calados_operacionais_2021/20210730012955.html;wayback/calados_operacionais_2021/20210917162725.html;wayback/calados_operacionais_2021/20211018234425.html;wayback/calados_operacionais_2021/20220123062521.html;wayback/calados_operacionais_2021/20220126142321.html;wayback/calados_operacionais_2021/20220303061338.html;wayback/calados_operacionais_2021/20220701080245.html;wayback/calados_operacionais_2021/20220815190641.html,,,,,,,,II,,,74.0
berco,37 Pto 1 e 2,13.4,14.4,,,,37 Pto 1 e 2 (5),20230330203418,20261002000000,12,20220815190641,,"247,250,253,254,255,259,260,266,268,271",2022-09-06,C,wayback/calados_operacionais_2021/20230330203418.html;wayback/calados_operacionais_2021/20231204100812.html;wayback/calados_operacionais_2021/20240415123629.html;wayback/calados_operacionais_2021/20240917021223.html;wayback/calados_operacionais_2021/20250125025207.html;wayback/calados_operacionais_2021/20250516013825.html;wayback/calados_operacionais_2021/20250622213429.html;wayback/calados_operacionais_2021/20251205213245.html;wayback/calados_operacionais_2021/20260314084447.html;wayback/calados_operacionais_2021/20260617163833.html;fase0/20260930_calados_operacionais.html;atual/20261002_calados_operacionais.html,,,01/07/22; 25/05/23; 02/02/24; 22/06/24; 27/01/25; 05/08/25; 05/03/26,,,,13.7,II,6; 5; 4,,74.0
berco,AGEO 01,11.9,12.2,,,,AGEO 01,20191004100011,20261002000000,32,,,"221,228,230,233,234,238,239,242,244,245,247,250,253,254,255,259,260,266,268,271",2019-07-16,C,wayback/calado_maximo_operacional_2018/20191004100011.html;wayback/calado_maximo_operacional_2018/20200614202932.html;wayback/calado_maximo_operacional_2018/20200708204409.html;wayback/calado_maximo_operacional_2018/20200709003858.html;wayback/calado_maximo_operacional_2018/20200814132526.html;wayback/calado_maximo_operacional_2018/20201024141308.html;wayback/calados_operacionais_2021/20210116144927.html;wayback/calados_operacionais_2021/20210302013408.html;wayback/calados_operacionais_2021/20210419060037.html;wayback/calados_operacionais_2021/20210510223144.html;wayback/calados_operacionais_2021/20210511012409.html;wayback/calados_operacionais_2021/20210726231527.html;wayback/calados_operacionais_2021/20210730012955.html;wayback/calados_operacionais_2021/20210917162725.html;wayback/calados_operacionais_2021/20211018234425.html;wayback/calados_operacionais_2021/20220123062521.html;wayback/calados_operacionais_2021/20220126142321.html;wayback/calados_operacionais_2021/20220303061338.html;wayback/calados_operacionais_2021/20220701080245.html;wayback/calados_operacionais_2021/20220815190641.html;wayback/calados_operacionais_2021/20230330203418.html;wayback/calados_operacionais_2021/20231204100812.html;wayback/calados_operacionais_2021/20240415123629.html;wayback/calados_operacionais_2021/20240917021223.html;wayback/calados_operacionais_2021/20250125025207.html;wayback/calados_operacionais_2021/20250516013825.html;wayback/calados_operacionais_2021/20250622213429.html;wayback/calados_operacionais_2021/20251205213245.html;wayback/calados_operacionais_2021/20260314084447.html;wayback/calados_operacionais_2021/20260617163833.html;fase0/20260930_calados_operacionais.html;atual/20261002_calados_operacionais.html,,,09/06/22; 14/03/25; 20/09/25; 09/04/26,,,,15.0,IV,,,30.0
berco,AGEO SP,12.0,12.3,,,,AGEO SP,20240415123629,20251205213245,6,,,"253,254,255,259,260,266",2024-04-02,C,wayback/calados_operacionais_2021/20240415123629.html;wayback/calados_operacionais_2021/20240917021223.html;wayback/calados_operacionais_2021/20250125025207.html;wayback/calados_operacionais_2021/20250516013825.html;wayback/calados_operacionais_2021/20250622213429.html;wayback/calados_operacionais_2021/20251205213245.html,,,28/07/23,,,,15.0,IV,,,30.0
berco,AL 01,11.9,12.2,,,,AL 01,20191004100011,20210116144927,7,,20210302013408,"221,228,230,233,234,238",2019-07-16,C,wayback/calado_maximo_operacional_2018/20191004100011.html;wayback/calado_maximo_operacional_2018/20200614202932.html;wayback/calado_maximo_operacional_2018/20200708204409.html;wayback/calado_maximo_operacional_2018/20200709003858.html;wayback/calado_maximo_operacional_2018/20200814132526.html;wayback/calado_maximo_operacional_2018/20201024141308.html;wayback/calados_operacionais_2021/20210116144927.html,,,,,,,,IV,,,0.0
berco,AL 01,12.3,12.6,,,,AL 01,20210302013408,20210511012409,4,20210116144927,20210726231527,239,2021-01-29,C,wayback/calados_operacionais_2021/20210302013408.html;wayback/calados_operacionais_2021/20210419060037.html;wayback/calados_operacionais_2021/20210510223144.html;wayback/calados_operacionais_2021/20210511012409.html,,,,,,,,IV,,,7.0
berco,AL 01,12.1,12.4,,,,AL 01,20210726231527,20240415123629,12,20210511012409,20240917021223,"242,244,245,247,250,253",2021-05-31,C,wayback/calados_operacionais_2021/20210726231527.html;wayback/calados_operacionais_2021/20210730012955.html;wayback/calados_operacionais_2021/20210917162725.html;wayback/calados_operacionais_2021/20211018234425.html;wayback/calados_operacionais_2021/20220123062521.html;wayback/calados_operacionais_2021/20220126142321.html;wayback/calados_operacionais_2021/20220303061338.html;wayback/calados_operacionais_2021/20220701080245.html;wayback/calados_operacionais_2021/20220815190641.html;wayback/calados_operacionais_2021/20230330203418.html;wayback/calados_operacionais_2021/20231204100812.html;wayback/calados_operacionais_2021/20240415123629.html,,,05/07/22,,,,12.7,IV,,,7.0
berco,AL 01,12.4,12.7,,,,AL 01,20240917021223,20261002000000,9,20240415123629,,"254,255,259,260,266,268,271",2024-04-02,C,wayback/calados_operacionais_2021/20240917021223.html;wayback/calados_operacionais_2021/20250125025207.html;wayback/calados_operacionais_2021/20250516013825.html;wayback/calados_operacionais_2021/20250622213429.html;wayback/calados_operacionais_2021/20251205213245.html;wayback/calados_operacionais_2021/20260314084447.html;wayback/calados_operacionais_2021/20260617163833.html;fase0/20260930_calados_operacionais.html;atual/20261002_calados_operacionais.html,,,14/05/24; 16/01/25; 19/08/25,,,,12.7,IV,,,7.0
berco,AL 02,11.5,11.8,,,,AL 02,20191004100011,20200709003858,4,,20200814132526,"221,228,230",2019-07-16,C,wayback/calado_maximo_operacional_2018/20191004100011.html;wayback/calado_maximo_operacional_2018/20200614202932.html;wayback/calado_maximo_operacional_2018/20200708204409.html;wayback/calado_maximo_operacional_2018/20200709003858.html,,,,,,,,IV,,,0.0
berco,AL 02,12.4,12.7,,,,AL 02,20200814132526,20211018234425,11,20200709003858,20220123062521,"233,234,238,239,242",2020-08-06,C,wayback/calado_maximo_operacional_2018/20200814132526.html;wayback/calado_maximo_operacional_2018/20201024141308.html;wayback/calados_operacionais_2021/20210116144927.html;wayback/calados_operacionais_2021/20210302013408.html;wayback/calados_operacionais_2021/20210419060037.html;wayback/calados_operacionais_2021/20210510223144.html;wayback/calados_operacionais_2021/20210511012409.html;wayback/calados_operacionais_2021/20210726231527.html;wayback/calados_operacionais_2021/20210730012955.html;wayback/calados_operacionais_2021/20210917162725.html;wayback/calados_operacionais_2021/20211018234425.html,,,,,,,,IV,,,0.0; 7.0
berco,AL 02,12.1,12.4,,,,AL 02,20220123062521,20220815190641,5,20211018234425,20230330203418,"244,245",2022-01-06,C,wayback/calados_operacionais_2021/20220123062521.html;wayback/calados_operacionais_2021/20220126142321.html;wayback/calados_operacionais_2021/20220303061338.html;wayback/calados_operacionais_2021/20220701080245.html;wayback/calados_operacionais_2021/20220815190641.html,,,,,,,,IV,,,7.0
berco,AL 02,12.3,12.6,,,,AL 02,20230330203418,20230330203418,1,20220815190641,20231204100812,247,2022-09-06,C,wayback/calados_operacionais_2021/20230330203418.html,,,09/06/22,,,,,IV,,,7.0
berco,AL 02,12.4,12.7,,,,AL 02,20231204100812,20261002000000,11,20230330203418,,"250,253,254,255,259,260,266,268,271",2023-08-18,C,wayback/calados_operacionais_2021/20231204100812.html;wayback/calados_operacionais_2021/20240415123629.html;wayback/calados_operacionais_2021/20240917021223.html;wayback/calados_operacionais_2021/20250125025207.html;wayback/calados_operacionais_2021/20250516013825.html;wayback/calados_operacionais_2021/20250622213429.html;wayback/calados_operacionais_2021/20251205213245.html;wayback/calados_operacionais_2021/20260314084447.html;wayback/calados_operacionais_2021/20260617163833.html;fase0/20260930_calados_operacionais.html;atual/20261002_calados_operacionais.html,,,17/07/23; 14/05/24; 16/01/25; 16/08/25; 10/12/25,,,,12.7,IV,,,7.0
berco,AL 03,10.8,11.1,,,,AL 03,20191004100011,20210116144927,7,,20210302013408,"221,228,230,233,234,238",2019-07-16,C,wayback/calado_maximo_operacional_2018/20191004100011.html;wayback/calado_maximo_operacional_2018/20200614202932.html;wayback/calado_maximo_operacional_2018/20200708204409.html;wayback/calado_maximo_operacional_2018/20200709003858.html;wayback/calado_maximo_operacional_2018/20200814132526.html;wayback/calado_maximo_operacional_2018/20201024141308.html;wayback/calados_operacionais_2021/20210116144927.html,,,,,,,,IV,,,72.0
berco,AL 03,12.4,12.7,,,,AL 03,20210302013408,20211018234425,8,20210116144927,20220123062521,"239,242",2021-01-29,C,wayback/calados_operacionais_2021/20210302013408.html;wayback/calados_operacionais_2021/20210419060037.html;wayback/calados_operacionais_2021/20210510223144.html;wayback/calados_operacionais_2021/20210511012409.html;wayback/calados_operacionais_2021/20210726231527.html;wayback/calados_operacionais_2021/20210730012955.html;wayback/calados_operacionais_2021/20210917162725.html;wayback/calados_operacionais_2021/20211018234425.html,,,,,,,,IV,,,72.0
berco,AL 03,11.9,12.2,,,,AL 03,20220123062521,20220815190641,5,20211018234425,20230330203418,"244,245",2022-01-06,C,wayback/calados_operacionais_2021/20220123062521.html;wayback/calados_operacionais_2021/20220126142321.html;wayback/calados_operacionais_2021/20220303061338.html;wayback/calados_operacionais_2021/20220701080245.html;wayback/calados_operacionais_2021/20220815190641.html,,,,,,,,IV,,,72.0
berco,AL 03,12.4,12.7,,,,AL 03,20230330203418,20261002000000,12,20220815190641,,"247,250,253,254,255,259,260,266,268,271",2022-09-06,C,wayback/calados_operacionais_2021/20230330203418.html;wayback/calados_operacionais_2021/20231204100812.html;wayback/calados_operacionais_2021/20240415123629.html;wayback/calados_operacionais_2021/20240917021223.html;wayback/calados_operacionais_2021/20250125025207.html;wayback/calados_operacionais_2021/20250516013825.html;wayback/calados_operacionais_2021/20250622213429.html;wayback/calados_operacionais_2021/20251205213245.html;wayback/calados_operacionais_2021/20260314084447.html;wayback/calados_operacionais_2021/20260617163833.html;fase0/20260930_calados_operacionais.html;atual/20261002_calados_operacionais.html,,,14/06/22; 06/05/24; 26/03/25; 09/10/25,,,,12.7,IV,,,72.0
berco,AL 04,10.9,11.2,,,,AL 04,20191004100011,20191004100011,1,,20200614202932,221,2019-07-16,C,wayback/calado_maximo_operacional_2018/20191004100011.html,,,,,,,,IV,,,72.0
berco,AL 04,,,,,,AL 04,20200614202932,20200614202932,1,20191004100011,20200614202932,228,2020-06-04,C,wayback/calado_maximo_operacional_2018/20200614202932.html,,,,,,,,IV,,,72.0
berco,AL 04,10.2,10.5,,,,AL 04,20200614202932,20200614202932,1,20200614202932,20200614202932,228,2020-06-04,C,wayback/calado_maximo_operacional_2018/20200614202932.html,,,,,,,,IV,,,72.0
berco,AL 04,,,,,,AL 04,20200614202932,20200614202932,1,20200614202932,20200614202932,228,2020-06-04,C,wayback/calado_maximo_operacional_2018/20200614202932.html,,,,,,,,IV,,,72.0
berco,AL 04,10.5,10.8,,,,AL 04,20200614202932,20200614202932,1,20200614202932,20200614202932,228,2020-06-04,C,wayback/calado_maximo_operacional_2018/20200614202932.html,,,,,,,,IV,,,72.0
berco,AL 04,,,,,,AL 04,20200614202932,20200614202932,1,20200614202932,20200614202932,228,2020-06-04,C,wayback/calado_maximo_operacional_2018/20200614202932.html,,,,,,,,IV,,,72.0
berco,AL 04,10.9,11.2,,,,AL 04,20200614202932,20200614202932,1,20200614202932,20200708204409,228,2020-06-04,C,wayback/calado_maximo_operacional_2018/20200614202932.html,,,,,,,,IV,,,72.0
berco,AL 04,11.4,11.7,,,,AL 04,20200708204409,20261002000000,30,20200614202932,,"230,233,234,238,239,242,244,245,247,250,253,254,255,259,260,266,268,271",2020-07-01,C,wayback/calado_maximo_operacional_2018/20200708204409.html;wayback/calado_maximo_operacional_2018/20200709003858.html;wayback/calado_maximo_operacional_2018/20200814132526.html;wayback/calado_maximo_operacional_2018/20201024141308.html;wayback/calados_operacionais_2021/20210116144927.html;wayback/calados_operacionais_2021/20210302013408.html;wayback/calados_operacionais_2021/20210419060037.html;wayback/calados_operacionais_2021/20210510223144.html;wayback/calados_operacionais_2021/20210511012409.html;wayback/calados_operacionais_2021/20210726231527.html;wayback/calados_operacionais_2021/20210730012955.html;wayback/calados_operacionais_2021/20210917162725.html;wayback/calados_operacionais_2021/20211018234425.html;wayback/calados_operacionais_2021/20220123062521.html;wayback/calados_operacionais_2021/20220126142321.html;wayback/calados_operacionais_2021/20220303061338.html;wayback/calados_operacionais_2021/20220701080245.html;wayback/calados_operacionais_2021/20220815190641.html;wayback/calados_operacionais_2021/20230330203418.html;wayback/calados_operacionais_2021/20231204100812.html;wayback/calados_operacionais_2021/20240415123629.html;wayback/calados_operacionais_2021/20240917021223.html;wayback/calados_operacionais_2021/20250125025207.html;wayback/calados_operacionais_2021/20250516013825.html;wayback/calados_operacionais_2021/20250622213429.html;wayback/calados_operacionais_2021/20251205213245.html;wayback/calados_operacionais_2021/20260314084447.html;wayback/calados_operacionais_2021/20260617163833.html;fase0/20260930_calados_operacionais.html;atual/20261002_calados_operacionais.html,,,19/04/21; 10/07/23; 10/05/24; 21/03/25; 06/10/25,,,,11.7,IV,,,72.0
berco,ARM 12,10.1,10.4,,,,ARM 12,20251205213245,20251205213245,1,,20260314084447,266,2025-10-24,C,wayback/calados_operacionais_2021/20251205213245.html,,,23/09/25,,,,13.0,III,,,20.0
berco,ARM 12,,,,,,ARM 12,20260314084447,20261002000000,4,20251205213245,,"268,271",2026-01-30,C,wayback/calados_operacionais_2021/20260314084447.html;wayback/calados_operacionais_2021/20260617163833.html;fase0/20260930_calados_operacionais.html;atual/20261002_calados_operacionais.html,,,13/11/25; 10/02/26,,,,13.0,III,"2,2",(2),20.0
berco,ARM 12-A,,,,,,ARM 12-A (4),20240917021223,20251205213245,5,,20260314084447,"254,255,259,260,266",2024-04-02,C,wayback/calados_operacionais_2021/20240917021223.html;wayback/calados_operacionais_2021/20250125025207.html;wayback/calados_operacionais_2021/20250516013825.html;wayback/calados_operacionais_2021/20250622213429.html;wayback/calados_operacionais_2021/20251205213245.html,,,18/06/23; 17/03/25; 24/08/25,,,,12.5,III,"4,2,2",(2),15.0
berco,ARM 12-A,,,,,,ARM 12-A (5),20260314084447,20261002000000,4,20251205213245,,"268,271",2026-01-30,C,wayback/calados_operacionais_2021/20260314084447.html;wayback/calados_operacionais_2021/20260617163833.html;fase0/20260930_calados_operacionais.html;atual/20261002_calados_operacionais.html,,,24/08/25,,,,12.5; 14.6,III,"4,3,3; 5,3,3",(3),15.0
berco,ARM 12-A *,9.1,10.1,,,,ARM 12-A *,20191004100011,20191004100011,1,,20191004100011,221,2019-07-16,C,wayback/calado_maximo_operacional_2018/20191004100011.html,,,,,,,,III,,,15.0
berco,ARM 12-A *,12.4,13.4,,,,ARM 12-A *,20191004100011,20191004100011,1,20191004100011,20200614202932,221,2019-07-16,C,wayback/calado_maximo_operacional_2018/20191004100011.html,,,,,,,,III,,,15.0
berco,ARM 12-A *,9.1,10.1,,,,ARM 12-A *,20200614202932,20200614202932,1,20191004100011,20200614202932,228,2020-06-04,C,wayback/calado_maximo_operacional_2018/20200614202932.html,,,,,,,,III,,,15.0
berco,ARM 12-A *,12.4,13.4,,,,ARM 12-A *,20200614202932,20200614202932,1,20200614202932,20200708204409,228,2020-06-04,C,wayback/calado_maximo_operacional_2018/20200614202932.html,,,,,,,,III,,,15.0
berco,ARM 12-A *,9.1,10.1,,,,ARM 12-A *,20200708204409,20200708204409,1,20200614202932,20200708204409,230,2020-07-01,C,wayback/calado_maximo_operacional_2018/20200708204409.html,,,,,,,,III,,,15.0
berco,ARM 12-A *,12.4,13.4,,,,ARM 12-A *,20200708204409,20200708204409,1,20200708204409,20200709003858,230,2020-07-01,C,wayback/calado_maximo_operacional_2018/20200708204409.html,,,,,,,,III,,,15.0
berco,ARM 12-A *,9.1,10.1,,,,ARM 12-A *,20200709003858,20200709003858,1,20200708204409,20200709003858,230,2020-07-01,C,wayback/calado_maximo_operacional_2018/20200709003858.html,,,,,,,,III,,,15.0
berco,ARM 12-A *,12.4,13.4,,,,ARM 12-A *,20200709003858,20200709003858,1,20200709003858,20200814132526,230,2020-07-01,C,wayback/calado_maximo_operacional_2018/20200709003858.html,,,,,,,,III,,,15.0
berco,ARM 12-A *,9.1,10.1,,,,ARM 12-A *,20200814132526,20200814132526,1,20200709003858,20200814132526,233,2020-08-06,C,wayback/calado_maximo_operacional_2018/20200814132526.html,,,,,,,,III,,,15.0
berco,ARM 12-A *,12.4,13.4,,,,ARM 12-A *,20200814132526,20200814132526,1,20200814132526,20201024141308,233,2020-08-06,C,wayback/calado_maximo_operacional_2018/20200814132526.html,,,,,,,,III,,,15.0
berco,ARM 12-A *,9.1,10.1,,,,ARM 12-A *,20201024141308,20201024141308,1,20200814132526,20201024141308,234,2020-08-17,C,wayback/calado_maximo_operacional_2018/20201024141308.html,,,,,,,,III,,,15.0
berco,ARM 12-A *,12.4,13.4,,,,ARM 12-A *,20201024141308,20201024141308,1,20201024141308,,234,2020-08-17,C,wayback/calado_maximo_operacional_2018/20201024141308.html,,,,,,,,III,,,15.0
berco,ARM 12-A 5,,,,,,ARM 12-A 5,20240415123629,20240415123629,1,,,253,2024-04-02,C,wayback/calados_operacionais_2021/20240415123629.html,,,18/06/23,,,,12.5,III,"2,2",(2),15.0
berco,ARM 12-A 6,,,,,,ARM 12-A 6,20231204100812,20231204100812,1,,,250,2023-08-18,C,wayback/calados_operacionais_2021/20231204100812.html,,,18/06/23,,,,,III,"2,2",(2),15.0
berco,ARM 12-A ³,,,,,,ARM 12-A ³,20210116144927,20210511012409,5,,20210726231527,"238,239",2021-01-05,C,wayback/calados_operacionais_2021/20210116144927.html;wayback/calados_operacionais_2021/20210302013408.html;wayback/calados_operacionais_2021/20210419060037.html;wayback/calados_operacionais_2021/20210510223144.html;wayback/calados_operacionais_2021/20210511012409.html,,,,,,,,III,"2,2",(2),15.0
berco,ARM 12-A ³,,,,,,ARM 12-A ³,20210726231527,20210917162725,3,20210511012409,20211018234425,242,2021-05-31,C,wayback/calados_operacionais_2021/20210726231527.html;wayback/calados_operacionais_2021/20210730012955.html;wayback/calados_operacionais_2021/20210917162725.html,,,,,,,,III,"3,3",(3),15.0
berco,ARM 12-A ³,,,,,,ARM 12-A ³,20211018234425,20230330203418,7,20210917162725,,"242,244,245,247",2021-05-31,C,wayback/calados_operacionais_2021/20211018234425.html;wayback/calados_operacionais_2021/20220123062521.html;wayback/calados_operacionais_2021/20220126142321.html;wayback/calados_operacionais_2021/20220303061338.html;wayback/calados_operacionais_2021/20220701080245.html;wayback/calados_operacionais_2021/20220815190641.html;wayback/calados_operacionais_2021/20230330203418.html,,,30/06/22,,,,,III,"2,2",(2),15.0
berco,ARM 13/14,10.9,11.2,,,,ARM 13/14,20191004100011,20200709003858,4,,20200814132526,"221,228,230",2019-07-16,C,wayback/calado_maximo_operacional_2018/20191004100011.html;wayback/calado_maximo_operacional_2018/20200614202932.html;wayback/calado_maximo_operacional_2018/20200708204409.html;wayback/calado_maximo_operacional_2018/20200709003858.html,,,,,,,,III,,,16.0
berco,ARM 13/14,11.0,11.3,,,,ARM 13/14,20200814132526,20210917162725,10,20200709003858,20211018234425,"233,234,238,239,242",2020-08-06,C,wayback/calado_maximo_operacional_2018/20200814132526.html;wayback/calado_maximo_operacional_2018/20201024141308.html;wayback/calados_operacionais_2021/20210116144927.html;wayback/calados_operacionais_2021/20210302013408.html;wayback/calados_operacionais_2021/20210419060037.html;wayback/calados_operacionais_2021/20210510223144.html;wayback/calados_operacionais_2021/20210511012409.html;wayback/calados_operacionais_2021/20210726231527.html;wayback/calados_operacionais_2021/20210730012955.html;wayback/calados_operacionais_2021/20210917162725.html,,,,,,,,III,,,16.0
berco,ARM 13/14,10.9,11.2,,,,ARM 13/14,20211018234425,20250125025207,11,20210917162725,20250516013825,"242,244,245,247,250,253,254,255",2021-05-31,C,wayback/calados_operacionais_2021/20211018234425.html;wayback/calados_operacionais_2021/20220123062521.html;wayback/calados_operacionais_2021/20220126142321.html;wayback/calados_operacionais_2021/20220303061338.html;wayback/calados_operacionais_2021/20220701080245.html;wayback/calados_operacionais_2021/20220815190641.html;wayback/calados_operacionais_2021/20230330203418.html;wayback/calados_operacionais_2021/20231204100812.html;wayback/calados_operacionais_2021/20240415123629.html;wayback/calados_operacionais_2021/20240917021223.html;wayback/calados_operacionais_2021/20250125025207.html,,,30/06/22; 31/03/23,,,,11.3,III,,,16.0
berco,ARM 13/14,13.8,14.1,,,,ARM 13/14,20250516013825,20261002000000,7,20250125025207,,"259,260,266,268,271",2025-04-25,C,wayback/calados_operacionais_2021/20250516013825.html;wayback/calados_operacionais_2021/20250622213429.html;wayback/calados_operacionais_2021/20251205213245.html;wayback/calados_operacionais_2021/20260314084447.html;wayback/calados_operacionais_2021/20260617163833.html;fase0/20260930_calados_operacionais.html;atual/20261002_calados_operacionais.html,,,16/04/25; 14/08/25,,,,11.3,III,,,16.0
berco,ARM 15,10.9,11.2,,,,ARM 15,20191004100011,20200709003858,4,,20200814132526,"221,228,230",2019-07-16,C,wayback/calado_maximo_operacional_2018/20191004100011.html;wayback/calado_maximo_operacional_2018/20200614202932.html;wayback/calado_maximo_operacional_2018/20200708204409.html;wayback/calado_maximo_operacional_2018/20200709003858.html,,,,,,,,III,,,98.0
berco,ARM 15,11.0,11.3,,,,ARM 15,20200814132526,20210511012409,7,20200709003858,20210726231527,"233,234,238,239",2020-08-06,C,wayback/calado_maximo_operacional_2018/20200814132526.html;wayback/calado_maximo_operacional_2018/20201024141308.html;wayback/calados_operacionais_2021/20210116144927.html;wayback/calados_operacionais_2021/20210302013408.html;wayback/calados_operacionais_2021/20210419060037.html;wayback/calados_operacionais_2021/20210510223144.html;wayback/calados_operacionais_2021/20210511012409.html,,,,,,,,III,,,98.0
berco,ARM 15,10.9,11.2,,,,ARM 15,20210726231527,20250125025207,14,20210511012409,20250516013825,"242,244,245,247,250,253,254,255",2021-05-31,C,wayback/calados_operacionais_2021/20210726231527.html;wayback/calados_operacionais_2021/20210730012955.html;wayback/calados_operacionais_2021/20210917162725.html;wayback/calados_operacionais_2021/20211018234425.html;wayback/calados_operacionais_2021/20220123062521.html;wayback/calados_operacionais_2021/20220126142321.html;wayback/calados_operacionais_2021/20220303061338.html;wayback/calados_operacionais_2021/20220701080245.html;wayback/calados_operacionais_2021/20220815190641.html;wayback/calados_operacionais_2021/20230330203418.html;wayback/calados_operacionais_2021/20231204100812.html;wayback/calados_operacionais_2021/20240415123629.html;wayback/calados_operacionais_2021/20240917021223.html;wayback/calados_operacionais_2021/20250125025207.html,,,16/04/21; 03/04/23,,,,11.3,III,,,98.0
berco,ARM 15,14.2,14.5,,,,ARM 15,20250516013825,20261002000000,7,20250125025207,,"259,260,266,268,271",2025-04-25,C,wayback/calados_operacionais_2021/20250516013825.html;wayback/calados_operacionais_2021/20250622213429.html;wayback/calados_operacionais_2021/20251205213245.html;wayback/calados_operacionais_2021/20260314084447.html;wayback/calados_operacionais_2021/20260617163833.html;fase0/20260930_calados_operacionais.html;atual/20261002_calados_operacionais.html,,,17/03/25; 20/08/25,,,,11.3,III,,,98.0
berco,ARM 16/17,13.2,14.2,,,,ARM 16/17 (4),20231204100812,20260314084447,8,,20260617163833,"250,253,254,255,259,260,266,268",2023-08-18,C,wayback/calados_operacionais_2021/20231204100812.html;wayback/calados_operacionais_2021/20240415123629.html;wayback/calados_operacionais_2021/20240917021223.html;wayback/calados_operacionais_2021/20250125025207.html;wayback/calados_operacionais_2021/20250516013825.html;wayback/calados_operacionais_2021/20250622213429.html;wayback/calados_operacionais_2021/20251205213245.html;wayback/calados_operacionais_2021/20260314084447.html,,,03/02/23,,,,13.5,III,6; 5; 4,,67.0
berco,ARM 16/17,14.2,14.5,,,,ARM 16/17,20260617163833,20261002000000,3,20260314084447,,271,2026-04-30,C,wayback/calados_operacionais_2021/20260617163833.html;fase0/20260930_calados_operacionais.html;atual/20261002_calados_operacionais.html,,,21/01/26,,,,13.5,III,,,67.0
berco,ARM 16/17 *,13.2,14.2,,,,ARM 16/17 *,20191004100011,20201024141308,6,,,"221,228,230,233,234",2019-07-16,C,wayback/calado_maximo_operacional_2018/20191004100011.html;wayback/calado_maximo_operacional_2018/20200614202932.html;wayback/calado_maximo_operacional_2018/20200708204409.html;wayback/calado_maximo_operacional_2018/20200709003858.html;wayback/calado_maximo_operacional_2018/20200814132526.html;wayback/calado_maximo_operacional_2018/20201024141308.html,,,,,,,,III,,,67.0
berco,ARM 16/17 ³,13.2,14.2,,,,ARM 16/17 ³,20210116144927,20230330203418,15,,,"238,239,242,244,245,247",2021-01-05,C,wayback/calados_operacionais_2021/20210116144927.html;wayback/calados_operacionais_2021/20210302013408.html;wayback/calados_operacionais_2021/20210419060037.html;wayback/calados_operacionais_2021/20210510223144.html;wayback/calados_operacionais_2021/20210511012409.html;wayback/calados_operacionais_2021/20210726231527.html;wayback/calados_operacionais_2021/20210730012955.html;wayback/calados_operacionais_2021/20210917162725.html;wayback/calados_operacionais_2021/20211018234425.html;wayback/calados_operacionais_2021/20220123062521.html;wayback/calados_operacionais_2021/20220126142321.html;wayback/calados_operacionais_2021/20220303061338.html;wayback/calados_operacionais_2021/20220701080245.html;wayback/calados_operacionais_2021/20220815190641.html;wayback/calados_operacionais_2021/20230330203418.html,,,02/02/21,,,,,III,,,67.0
berco,ARM 19,13.0,14.0,,,,ARM 19 (4),20231204100812,20260314084447,8,,20260617163833,"250,253,254,255,259,260,266,268",2023-08-18,C,wayback/calados_operacionais_2021/20231204100812.html;wayback/calados_operacionais_2021/20240415123629.html;wayback/calados_operacionais_2021/20240917021223.html;wayback/calados_operacionais_2021/20250125025207.html;wayback/calados_operacionais_2021/20250516013825.html;wayback/calados_operacionais_2021/20250622213429.html;wayback/calados_operacionais_2021/20251205213245.html;wayback/calados_operacionais_2021/20260314084447.html,,,16/06/23,,,,13.0,III,6; 5; 4,,70.0
berco,ARM 19,14.2,14.5,,,,ARM 19,20260617163833,20261002000000,3,20260314084447,,271,2026-04-30,C,wayback/calados_operacionais_2021/20260617163833.html;fase0/20260930_calados_operacionais.html;atual/20261002_calados_operacionais.html,,,04/02/26,,,,13.0,III,,,70.0
berco,ARM 19 *,13.0,14.0,,,,ARM 19 *,20191004100011,20201024141308,6,,,"221,228,230,233,234",2019-07-16,C,wayback/calado_maximo_operacional_2018/20191004100011.html;wayback/calado_maximo_operacional_2018/20200614202932.html;wayback/calado_maximo_operacional_2018/20200708204409.html;wayback/calado_maximo_operacional_2018/20200709003858.html;wayback/calado_maximo_operacional_2018/20200814132526.html;wayback/calado_maximo_operacional_2018/20201024141308.html,,,,,,,,III,,,70.0
berco,ARM 19 ³,13.0,14.0,,,,ARM 19 ³,20210116144927,20230330203418,15,,,"238,239,242,244,245,247",2021-01-05,C,wayback/calados_operacionais_2021/20210116144927.html;wayback/calados_operacionais_2021/20210302013408.html;wayback/calados_operacionais_2021/20210419060037.html;wayback/calados_operacionais_2021/20210510223144.html;wayback/calados_operacionais_2021/20210511012409.html;wayback/calados_operacionais_2021/20210726231527.html;wayback/calados_operacionais_2021/20210730012955.html;wayback/calados_operacionais_2021/20210917162725.html;wayback/calados_operacionais_2021/20211018234425.html;wayback/calados_operacionais_2021/20220123062521.html;wayback/calados_operacionais_2021/20220126142321.html;wayback/calados_operacionais_2021/20220303061338.html;wayback/calados_operacionais_2021/20220701080245.html;wayback/calados_operacionais_2021/20220815190641.html;wayback/calados_operacionais_2021/20230330203418.html,,,14/02/21,,,,,III,,,70.0
berco,ARM 20/21,12.9,13.9,,,,ARM 20/21 (5),20231204100812,20261002000000,11,,,"250,253,254,255,259,260,266,268,271",2023-08-18,C,wayback/calados_operacionais_2021/20231204100812.html;wayback/calados_operacionais_2021/20240415123629.html;wayback/calados_operacionais_2021/20240917021223.html;wayback/calados_operacionais_2021/20250125025207.html;wayback/calados_operacionais_2021/20250516013825.html;wayback/calados_operacionais_2021/20250622213429.html;wayback/calados_operacionais_2021/20251205213245.html;wayback/calados_operacionais_2021/20260314084447.html;wayback/calados_operacionais_2021/20260617163833.html;fase0/20260930_calados_operacionais.html;atual/20261002_calados_operacionais.html,,,08/05/23; 12/02/26,,,,13.0,III,6; 5; 4,,51.0
berco,ARM 20/21 *,12.9,13.9,,,,ARM 20/21 *,20191004100011,20201024141308,6,,,"221,228,230,233,234",2019-07-16,C,wayback/calado_maximo_operacional_2018/20191004100011.html;wayback/calado_maximo_operacional_2018/20200614202932.html;wayback/calado_maximo_operacional_2018/20200708204409.html;wayback/calado_maximo_operacional_2018/20200709003858.html;wayback/calado_maximo_operacional_2018/20200814132526.html;wayback/calado_maximo_operacional_2018/20201024141308.html,,,,,,,,III,,,51.0
berco,ARM 20/21 ³,12.9,13.9,,,,ARM 20/21 ³,20210116144927,20230330203418,15,,,"238,239,242,244,245,247",2021-01-05,C,wayback/calados_operacionais_2021/20210116144927.html;wayback/calados_operacionais_2021/20210302013408.html;wayback/calados_operacionais_2021/20210419060037.html;wayback/calados_operacionais_2021/20210510223144.html;wayback/calados_operacionais_2021/20210511012409.html;wayback/calados_operacionais_2021/20210726231527.html;wayback/calados_operacionais_2021/20210730012955.html;wayback/calados_operacionais_2021/20210917162725.html;wayback/calados_operacionais_2021/20211018234425.html;wayback/calados_operacionais_2021/20220123062521.html;wayback/calados_operacionais_2021/20220126142321.html;wayback/calados_operacionais_2021/20220303061338.html;wayback/calados_operacionais_2021/20220701080245.html;wayback/calados_operacionais_2021/20220815190641.html;wayback/calados_operacionais_2021/20230330203418.html,,,01/07/22,,,,,III,,,51.0
berco,ARM 22/23,11.0,11.3,,,,ARM 22/23,20191004100011,20220815190641,20,,20230330203418,"221,228,230,233,234,238,239,242,244,245",2019-07-16,C,wayback/calado_maximo_operacional_2018/20191004100011.html;wayback/calado_maximo_operacional_2018/20200614202932.html;wayback/calado_maximo_operacional_2018/20200708204409.html;wayback/calado_maximo_operacional_2018/20200709003858.html;wayback/calado_maximo_operacional_2018/20200814132526.html;wayback/calado_maximo_operacional_2018/20201024141308.html;wayback/calados_operacionais_2021/20210116144927.html;wayback/calados_operacionais_2021/20210302013408.html;wayback/calados_operacionais_2021/20210419060037.html;wayback/calados_operacionais_2021/20210510223144.html;wayback/calados_operacionais_2021/20210511012409.html;wayback/calados_operacionais_2021/20210726231527.html;wayback/calados_operacionais_2021/20210730012955.html;wayback/calados_operacionais_2021/20210917162725.html;wayback/calados_operacionais_2021/20211018234425.html;wayback/calados_operacionais_2021/20220123062521.html;wayback/calados_operacionais_2021/20220126142321.html;wayback/calados_operacionais_2021/20220303061338.html;wayback/calados_operacionais_2021/20220701080245.html;wayback/calados_operacionais_2021/20220815190641.html,,,,,,,,III,,,83.0
berco,ARM 22/23,13.8,14.1,,,,ARM 22/23,20230330203418,20250622213429,7,20220815190641,20251205213245,"247,250,253,254,255,259,260",2022-09-06,C,wayback/calados_operacionais_2021/20230330203418.html;wayback/calados_operacionais_2021/20231204100812.html;wayback/calados_operacionais_2021/20240415123629.html;wayback/calados_operacionais_2021/20240917021223.html;wayback/calados_operacionais_2021/20250125025207.html;wayback/calados_operacionais_2021/20250516013825.html;wayback/calados_operacionais_2021/20250622213429.html,,,08/12/22; 14/03/24; 15/02/25,,,,15.0,III,,,56.0
berco,ARM 22/23,14.0,14.3,,,,ARM 22/23,20251205213245,20261002000000,5,20250622213429,,"266,268,271",2025-10-24,C,wayback/calados_operacionais_2021/20251205213245.html;wayback/calados_operacionais_2021/20260314084447.html;wayback/calados_operacionais_2021/20260617163833.html;fase0/20260930_calados_operacionais.html;atual/20261002_calados_operacionais.html,,,19/09/25; 06/04/26,,,,15.0,III,,,56.0
berco,ARM 25,8.3,8.6,,,,ARM 25,20191004100011,20250622213429,27,,20251205213245,"221,228,230,233,234,238,239,242,244,245,247,250,253,254,255,259,260",2019-07-16,C,wayback/calado_maximo_operacional_2018/20191004100011.html;wayback/calado_maximo_operacional_2018/20200614202932.html;wayback/calado_maximo_operacional_2018/20200708204409.html;wayback/calado_maximo_operacional_2018/20200709003858.html;wayback/calado_maximo_operacional_2018/20200814132526.html;wayback/calado_maximo_operacional_2018/20201024141308.html;wayback/calados_operacionais_2021/20210116144927.html;wayback/calados_operacionais_2021/20210302013408.html;wayback/calados_operacionais_2021/20210419060037.html;wayback/calados_operacionais_2021/20210510223144.html;wayback/calados_operacionais_2021/20210511012409.html;wayback/calados_operacionais_2021/20210726231527.html;wayback/calados_operacionais_2021/20210730012955.html;wayback/calados_operacionais_2021/20210917162725.html;wayback/calados_operacionais_2021/20211018234425.html;wayback/calados_operacionais_2021/20220123062521.html;wayback/calados_operacionais_2021/20220126142321.html;wayback/calados_operacionais_2021/20220303061338.html;wayback/calados_operacionais_2021/20220701080245.html;wayback/calados_operacionais_2021/20220815190641.html;wayback/calados_operacionais_2021/20230330203418.html;wayback/calados_operacionais_2021/20231204100812.html;wayback/calados_operacionais_2021/20240415123629.html;wayback/calados_operacionais_2021/20240917021223.html;wayback/calados_operacionais_2021/20250125025207.html;wayback/calados_operacionais_2021/20250516013825.html;wayback/calados_operacionais_2021/20250622213429.html,,,24/05/22; 16/05/23; 05/02/24; 17/06/24; 21/03/25,,,,8.3,III,,,53.0; 5.0
berco,ARM 25,8.6,8.9,,,,ARM 25,20251205213245,20261002000000,5,20250622213429,,"266,268,271",2025-10-24,C,wayback/calados_operacionais_2021/20251205213245.html;wayback/calados_operacionais_2021/20260314084447.html;wayback/calados_operacionais_2021/20260617163833.html;fase0/20260930_calados_operacionais.html;atual/20261002_calados_operacionais.html,,,31/07/25; 20/01/26,,,,8.3,III,,,5.0
berco,ARM 29,11.5,11.8,,,,ARM 29,20191004100011,20201024141308,6,,20210116144927,"221,228,230,233,234",2019-07-16,C,wayback/calado_maximo_operacional_2018/20191004100011.html;wayback/calado_maximo_operacional_2018/20200614202932.html;wayback/calado_maximo_operacional_2018/20200708204409.html;wayback/calado_maximo_operacional_2018/20200709003858.html;wayback/calado_maximo_operacional_2018/20200814132526.html;wayback/calado_maximo_operacional_2018/20201024141308.html,,,,,,,,II,,,79.0
berco,ARM 29,11.4,11.7,,,,ARM 29,20210116144927,20261002000000,26,20201024141308,,"238,239,242,244,245,247,250,253,254,255,259,260,266,268,271",2021-01-05,C,wayback/calados_operacionais_2021/20210116144927.html;wayback/calados_operacionais_2021/20210302013408.html;wayback/calados_operacionais_2021/20210419060037.html;wayback/calados_operacionais_2021/20210510223144.html;wayback/calados_operacionais_2021/20210511012409.html;wayback/calados_operacionais_2021/20210726231527.html;wayback/calados_operacionais_2021/20210730012955.html;wayback/calados_operacionais_2021/20210917162725.html;wayback/calados_operacionais_2021/20211018234425.html;wayback/calados_operacionais_2021/20220123062521.html;wayback/calados_operacionais_2021/20220126142321.html;wayback/calados_operacionais_2021/20220303061338.html;wayback/calados_operacionais_2021/20220701080245.html;wayback/calados_operacionais_2021/20220815190641.html;wayback/calados_operacionais_2021/20230330203418.html;wayback/calados_operacionais_2021/20231204100812.html;wayback/calados_operacionais_2021/20240415123629.html;wayback/calados_operacionais_2021/20240917021223.html;wayback/calados_operacionais_2021/20250125025207.html;wayback/calados_operacionais_2021/20250516013825.html;wayback/calados_operacionais_2021/20250622213429.html;wayback/calados_operacionais_2021/20251205213245.html;wayback/calados_operacionais_2021/20260314084447.html;wayback/calados_operacionais_2021/20260617163833.html;fase0/20260930_calados_operacionais.html;atual/20261002_calados_operacionais.html,,,28/03/23; 25/04/24; 11/11/24; 02/07/25; 19/11/25,,,,11.7,II,,,79.0; 29.0
berco,ARM 29/30,11.4,11.7,,,,ARM 29/30,20191004100011,20210511012409,11,,20210726231527,"221,228,230,233,234,238,239",2019-07-16,C,wayback/calado_maximo_operacional_2018/20191004100011.html;wayback/calado_maximo_operacional_2018/20200614202932.html;wayback/calado_maximo_operacional_2018/20200708204409.html;wayback/calado_maximo_operacional_2018/20200709003858.html;wayback/calado_maximo_operacional_2018/20200814132526.html;wayback/calado_maximo_operacional_2018/20201024141308.html;wayback/calados_operacionais_2021/20210116144927.html;wayback/calados_operacionais_2021/20210302013408.html;wayback/calados_operacionais_2021/20210419060037.html;wayback/calados_operacionais_2021/20210510223144.html;wayback/calados_operacionais_2021/20210511012409.html,,,,,,,,II,,,25.0
berco,ARM 29/30,11.2,11.5,,,,ARM 29/30,20210726231527,20210917162725,3,20210511012409,20211018234425,242,2021-05-31,C,wayback/calados_operacionais_2021/20210726231527.html;wayback/calados_operacionais_2021/20210730012955.html;wayback/calados_operacionais_2021/20210917162725.html,,,,,,,,II,,,25.0
berco,ARM 29/30,11.4,11.7,,,,ARM 29/30,20211018234425,20220815190641,6,20210917162725,,"242,244,245",2021-05-31,C,wayback/calados_operacionais_2021/20211018234425.html;wayback/calados_operacionais_2021/20220123062521.html;wayback/calados_operacionais_2021/20220126142321.html;wayback/calados_operacionais_2021/20220303061338.html;wayback/calados_operacionais_2021/20220701080245.html;wayback/calados_operacionais_2021/20220815190641.html,,,,,,,,II,,,25.0
berco,ARM 30,11.7,12.0,,,,ARM 30,20191004100011,20210511012409,11,,20210726231527,"221,228,230,233,234,238,239",2019-07-16,C,wayback/calado_maximo_operacional_2018/20191004100011.html;wayback/calado_maximo_operacional_2018/20200614202932.html;wayback/calado_maximo_operacional_2018/20200708204409.html;wayback/calado_maximo_operacional_2018/20200709003858.html;wayback/calado_maximo_operacional_2018/20200814132526.html;wayback/calado_maximo_operacional_2018/20201024141308.html;wayback/calados_operacionais_2021/20210116144927.html;wayback/calados_operacionais_2021/20210302013408.html;wayback/calados_operacionais_2021/20210419060037.html;wayback/calados_operacionais_2021/20210510223144.html;wayback/calados_operacionais_2021/20210511012409.html,,,,,,,,II,,,55.0
berco,ARM 30,11.4,11.7,,,,ARM 30,20210726231527,20261002000000,21,20210511012409,,"242,244,245,247,250,253,254,255,259,260,266,268,271",2021-05-31,C,wayback/calados_operacionais_2021/20210726231527.html;wayback/calados_operacionais_2021/20210730012955.html;wayback/calados_operacionais_2021/20210917162725.html;wayback/calados_operacionais_2021/20211018234425.html;wayback/calados_operacionais_2021/20220123062521.html;wayback/calados_operacionais_2021/20220126142321.html;wayback/calados_operacionais_2021/20220303061338.html;wayback/calados_operacionais_2021/20220701080245.html;wayback/calados_operacionais_2021/20220815190641.html;wayback/calados_operacionais_2021/20230330203418.html;wayback/calados_operacionais_2021/20231204100812.html;wayback/calados_operacionais_2021/20240415123629.html;wayback/calados_operacionais_2021/20240917021223.html;wayback/calados_operacionais_2021/20250125025207.html;wayback/calados_operacionais_2021/20250516013825.html;wayback/calados_operacionais_2021/20250622213429.html;wayback/calados_operacionais_2021/20251205213245.html;wayback/calados_operacionais_2021/20260314084447.html;wayback/calados_operacionais_2021/20260617163833.html;fase0/20260930_calados_operacionais.html;atual/20261002_calados_operacionais.html,,,03/07/23; 24/04/24; 26/02/25; 22/08/25; 18/04/26,,,,11.7,II,,,55.0; 25.0
berco,ARM 31,11.4,11.7,,,,ARM 31,20191004100011,20191004100011,1,,20200614202932,221,2019-07-16,C,wayback/calado_maximo_operacional_2018/20191004100011.html,,,,,,,,II,,,85.0
berco,ARM 31,11.7,12.0,,,,ARM 31,20200614202932,20200709003858,3,20191004100011,20200814132526,"228,230",2020-06-04,C,wayback/calado_maximo_operacional_2018/20200614202932.html;wayback/calado_maximo_operacional_2018/20200708204409.html;wayback/calado_maximo_operacional_2018/20200709003858.html,,,,,,,,II,,,85.0
berco,ARM 31,11.3,11.6,,,,ARM 31,20200814132526,20200814132526,1,20200709003858,20201024141308,233,2020-08-06,C,wayback/calado_maximo_operacional_2018/20200814132526.html,,,,,,,,II,,,85.0
berco,ARM 31,11.4,11.7,,,,ARM 31,20201024141308,20220815190641,15,20200814132526,20230330203418,"234,238,239,242,244,245",2020-08-17,C,wayback/calado_maximo_operacional_2018/20201024141308.html;wayback/calados_operacionais_2021/20210116144927.html;wayback/calados_operacionais_2021/20210302013408.html;wayback/calados_operacionais_2021/20210419060037.html;wayback/calados_operacionais_2021/20210510223144.html;wayback/calados_operacionais_2021/20210511012409.html;wayback/calados_operacionais_2021/20210726231527.html;wayback/calados_operacionais_2021/20210730012955.html;wayback/calados_operacionais_2021/20210917162725.html;wayback/calados_operacionais_2021/20211018234425.html;wayback/calados_operacionais_2021/20220123062521.html;wayback/calados_operacionais_2021/20220126142321.html;wayback/calados_operacionais_2021/20220303061338.html;wayback/calados_operacionais_2021/20220701080245.html;wayback/calados_operacionais_2021/20220815190641.html,,,,,,,,II,,,85.0
berco,ARM 31,11.3,11.6,,,,ARM 31,20230330203418,20231204100812,2,20220815190641,20240415123629,"247,250",2022-09-06,C,wayback/calados_operacionais_2021/20230330203418.html;wayback/calados_operacionais_2021/20231204100812.html,,,28/03/23,,,,,II,,,60.0
berco,ARM 31,11.4,11.7,,,,ARM 31,20240415123629,20261002000000,10,20231204100812,,"253,254,255,259,260,266,268,271",2024-04-02,C,wayback/calados_operacionais_2021/20240415123629.html;wayback/calados_operacionais_2021/20240917021223.html;wayback/calados_operacionais_2021/20250125025207.html;wayback/calados_operacionais_2021/20250516013825.html;wayback/calados_operacionais_2021/20250622213429.html;wayback/calados_operacionais_2021/20251205213245.html;wayback/calados_operacionais_2021/20260314084447.html;wayback/calados_operacionais_2021/20260617163833.html;fase0/20260930_calados_operacionais.html;atual/20261002_calados_operacionais.html,,,17/02/24; 17/07/24; 21/01/25; 15/08/25; 28/01/26,,,,11.7,II,,,60.0
berco,ARM 31/32,11.4,11.7,,,,ARM 31/32,20191004100011,20200709003858,4,,20200814132526,"221,228,230",2019-07-16,C,wayback/calado_maximo_operacional_2018/20191004100011.html;wayback/calado_maximo_operacional_2018/20200614202932.html;wayback/calado_maximo_operacional_2018/20200708204409.html;wayback/calado_maximo_operacional_2018/20200709003858.html,,,,,,,,II,,,72.0
berco,ARM 31/32,11.1,11.4,,,,ARM 31/32,20200814132526,20200814132526,1,20200709003858,20201024141308,233,2020-08-06,C,wayback/calado_maximo_operacional_2018/20200814132526.html,,,,,,,,II,,,72.0
berco,ARM 31/32,11.4,11.7,,,,ARM 31/32,20201024141308,20210917162725,9,20200814132526,20211018234425,"234,238,239,242",2020-08-17,C,wayback/calado_maximo_operacional_2018/20201024141308.html;wayback/calados_operacionais_2021/20210116144927.html;wayback/calados_operacionais_2021/20210302013408.html;wayback/calados_operacionais_2021/20210419060037.html;wayback/calados_operacionais_2021/20210510223144.html;wayback/calados_operacionais_2021/20210511012409.html;wayback/calados_operacionais_2021/20210726231527.html;wayback/calados_operacionais_2021/20210730012955.html;wayback/calados_operacionais_2021/20210917162725.html,,,,,,,,II,,,72.0
berco,ARM 31/32,11.3,11.6,,,,ARM 31/32,20211018234425,20220815190641,6,20210917162725,,"242,244,245",2021-05-31,C,wayback/calados_operacionais_2021/20211018234425.html;wayback/calados_operacionais_2021/20220123062521.html;wayback/calados_operacionais_2021/20220126142321.html;wayback/calados_operacionais_2021/20220303061338.html;wayback/calados_operacionais_2021/20220701080245.html;wayback/calados_operacionais_2021/20220815190641.html,,,,,,,,II,,,72.0
berco,ARM 32,11.5,11.8,,,,ARM 32,20191004100011,20191004100011,1,,20200614202932,221,2019-07-16,C,wayback/calado_maximo_operacional_2018/20191004100011.html,,,,,,,,II,,,45.0
berco,ARM 32,11.4,11.7,,,,ARM 32,20200614202932,20220815190641,19,20191004100011,20230330203418,"228,230,233,234,238,239,242,244,245",2020-06-04,C,wayback/calado_maximo_operacional_2018/20200614202932.html;wayback/calado_maximo_operacional_2018/20200708204409.html;wayback/calado_maximo_operacional_2018/20200709003858.html;wayback/calado_maximo_operacional_2018/20200814132526.html;wayback/calado_maximo_operacional_2018/20201024141308.html;wayback/calados_operacionais_2021/20210116144927.html;wayback/calados_operacionais_2021/20210302013408.html;wayback/calados_operacionais_2021/20210419060037.html;wayback/calados_operacionais_2021/20210510223144.html;wayback/calados_operacionais_2021/20210511012409.html;wayback/calados_operacionais_2021/20210726231527.html;wayback/calados_operacionais_2021/20210730012955.html;wayback/calados_operacionais_2021/20210917162725.html;wayback/calados_operacionais_2021/20211018234425.html;wayback/calados_operacionais_2021/20220123062521.html;wayback/calados_operacionais_2021/20220126142321.html;wayback/calados_operacionais_2021/20220303061338.html;wayback/calados_operacionais_2021/20220701080245.html;wayback/calados_operacionais_2021/20220815190641.html,,,,,,,,II,,,45.0
berco,ARM 32,11.3,11.6,,,,ARM 32,20230330203418,20230330203418,1,20220815190641,20231204100812,247,2022-09-06,C,wayback/calados_operacionais_2021/20230330203418.html,,,13/08/21,,,,,II,,,48.0
berco,ARM 32,11.4,11.7,,,,ARM 32,20231204100812,20261002000000,11,20230330203418,,"250,253,254,255,259,260,266,268,271",2023-08-18,C,wayback/calados_operacionais_2021/20231204100812.html;wayback/calados_operacionais_2021/20240415123629.html;wayback/calados_operacionais_2021/20240917021223.html;wayback/calados_operacionais_2021/20250125025207.html;wayback/calados_operacionais_2021/20250516013825.html;wayback/calados_operacionais_2021/20250622213429.html;wayback/calados_operacionais_2021/20251205213245.html;wayback/calados_operacionais_2021/20260314084447.html;wayback/calados_operacionais_2021/20260617163833.html;fase0/20260930_calados_operacionais.html;atual/20261002_calados_operacionais.html,,,08/05/23; 23/02/24; 26/06/24; 24/01/25; 04/07/25; 19/11/25,,,,11.7,II,,,48.0
berco,ARM 33,11.4,11.7,,,,ARM 33,20191004100011,20210511012409,11,,20210726231527,"221,228,230,233,234,238,239",2019-07-16,C,wayback/calado_maximo_operacional_2018/20191004100011.html;wayback/calado_maximo_operacional_2018/20200614202932.html;wayback/calado_maximo_operacional_2018/20200708204409.html;wayback/calado_maximo_operacional_2018/20200709003858.html;wayback/calado_maximo_operacional_2018/20200814132526.html;wayback/calado_maximo_operacional_2018/20201024141308.html;wayback/calados_operacionais_2021/20210116144927.html;wayback/calados_operacionais_2021/20210302013408.html;wayback/calados_operacionais_2021/20210419060037.html;wayback/calados_operacionais_2021/20210510223144.html;wayback/calados_operacionais_2021/20210511012409.html,,,,,,,,II,,,0.0
berco,ARM 33,11.2,11.5,,,,ARM 33,20210726231527,20231204100812,11,20210511012409,20240415123629,"242,244,245,247,250",2021-05-31,C,wayback/calados_operacionais_2021/20210726231527.html;wayback/calados_operacionais_2021/20210730012955.html;wayback/calados_operacionais_2021/20210917162725.html;wayback/calados_operacionais_2021/20211018234425.html;wayback/calados_operacionais_2021/20220123062521.html;wayback/calados_operacionais_2021/20220126142321.html;wayback/calados_operacionais_2021/20220303061338.html;wayback/calados_operacionais_2021/20220701080245.html;wayback/calados_operacionais_2021/20220815190641.html;wayback/calados_operacionais_2021/20230330203418.html;wayback/calados_operacionais_2021/20231204100812.html,,,02/06/21; 06/02/23,,,,,II,,,0.0; 53.0
berco,ARM 33,11.4,11.7,,,,ARM 33,20240415123629,20261002000000,10,20231204100812,,"253,254,255,259,260,266,268,271",2024-04-02,C,wayback/calados_operacionais_2021/20240415123629.html;wayback/calados_operacionais_2021/20240917021223.html;wayback/calados_operacionais_2021/20250125025207.html;wayback/calados_operacionais_2021/20250516013825.html;wayback/calados_operacionais_2021/20250622213429.html;wayback/calados_operacionais_2021/20251205213245.html;wayback/calados_operacionais_2021/20260314084447.html;wayback/calados_operacionais_2021/20260617163833.html;fase0/20260930_calados_operacionais.html;atual/20261002_calados_operacionais.html,,,09/11/23; 26/06/24; 28/01/25; 17/07/25; 19/02/26,,,,11.7,II,,,53.0
berco,ARM 33/34,11.4,11.7,,,,ARM 33/34,20191004100011,20210511012409,11,,20210726231527,"221,228,230,233,234,238,239",2019-07-16,C,wayback/calado_maximo_operacional_2018/20191004100011.html;wayback/calado_maximo_operacional_2018/20200614202932.html;wayback/calado_maximo_operacional_2018/20200708204409.html;wayback/calado_maximo_operacional_2018/20200709003858.html;wayback/calado_maximo_operacional_2018/20200814132526.html;wayback/calado_maximo_operacional_2018/20201024141308.html;wayback/calados_operacionais_2021/20210116144927.html;wayback/calados_operacionais_2021/20210302013408.html;wayback/calados_operacionais_2021/20210419060037.html;wayback/calados_operacionais_2021/20210510223144.html;wayback/calados_operacionais_2021/20210511012409.html,,,,,,,,II,,,5.0
berco,ARM 33/34,11.2,11.5,,,,ARM 33/34,20210726231527,20210917162725,3,20210511012409,20211018234425,242,2021-05-31,C,wayback/calados_operacionais_2021/20210726231527.html;wayback/calados_operacionais_2021/20210730012955.html;wayback/calados_operacionais_2021/20210917162725.html,,,,,,,,II,,,5.0
berco,ARM 33/34,11.4,11.7,,,,ARM 33/34,20211018234425,20220815190641,6,20210917162725,,"242,244,245",2021-05-31,C,wayback/calados_operacionais_2021/20211018234425.html;wayback/calados_operacionais_2021/20220123062521.html;wayback/calados_operacionais_2021/20220126142321.html;wayback/calados_operacionais_2021/20220303061338.html;wayback/calados_operacionais_2021/20220701080245.html;wayback/calados_operacionais_2021/20220815190641.html,,,,,,,,II,,,5.0
berco,ARM 34,11.4,11.7,,,,ARM 34,20230330203418,20261002000000,12,,,"247,250,253,254,255,259,260,266,268,271",2022-09-06,C,wayback/calados_operacionais_2021/20230330203418.html;wayback/calados_operacionais_2021/20231204100812.html;wayback/calados_operacionais_2021/20240415123629.html;wayback/calados_operacionais_2021/20240917021223.html;wayback/calados_operacionais_2021/20250125025207.html;wayback/calados_operacionais_2021/20250516013825.html;wayback/calados_operacionais_2021/20250622213429.html;wayback/calados_operacionais_2021/20251205213245.html;wayback/calados_operacionais_2021/20260314084447.html;wayback/calados_operacionais_2021/20260617163833.html;fase0/20260930_calados_operacionais.html;atual/20261002_calados_operacionais.html,,,18/03/24; 30/07/24; 29/01/25; 29/07/25; 17/11/25; 10/03/26,,,,11.7,II,,,63.0
berco,ARM 35.1,13.2,13.5,,,,ARM 35.1,20230330203418,20261002000000,12,,,"247,250,253,254,255,259,260,266,268,271",2022-09-06,C,wayback/calados_operacionais_2021/20230330203418.html;wayback/calados_operacionais_2021/20231204100812.html;wayback/calados_operacionais_2021/20240415123629.html;wayback/calados_operacionais_2021/20240917021223.html;wayback/calados_operacionais_2021/20250125025207.html;wayback/calados_operacionais_2021/20250516013825.html;wayback/calados_operacionais_2021/20250622213429.html;wayback/calados_operacionais_2021/20251205213245.html;wayback/calados_operacionais_2021/20260314084447.html;wayback/calados_operacionais_2021/20260617163833.html;fase0/20260930_calados_operacionais.html;atual/20261002_calados_operacionais.html,,,18/03/24; 11/02/25; 11/08/25; 11/03/26,,,,13.5,II,,,38.0
berco,ARM 35.2,13.2,13.5,,,,ARM 35.2,20230330203418,20261002000000,12,,,"247,250,253,254,255,259,260,266,268,271",2022-09-06,C,wayback/calados_operacionais_2021/20230330203418.html;wayback/calados_operacionais_2021/20231204100812.html;wayback/calados_operacionais_2021/20240415123629.html;wayback/calados_operacionais_2021/20240917021223.html;wayback/calados_operacionais_2021/20250125025207.html;wayback/calados_operacionais_2021/20250516013825.html;wayback/calados_operacionais_2021/20250622213429.html;wayback/calados_operacionais_2021/20251205213245.html;wayback/calados_operacionais_2021/20260314084447.html;wayback/calados_operacionais_2021/20260617163833.html;fase0/20260930_calados_operacionais.html;atual/20261002_calados_operacionais.html,,,06/12/23; 22/04/24; 21/06/24; 19/01/25; 12/08/25; 28/11/25; 11/03/26,,,,13.5,II,,,60.0
berco,ARM 35P1 (Arm34+35),13.7,14.0,,,,ARM 35P1 (Arm34+35),20191004100011,20210116144927,7,,20210302013408,"221,228,230,233,234,238",2019-07-16,C,wayback/calado_maximo_operacional_2018/20191004100011.html;wayback/calado_maximo_operacional_2018/20200614202932.html;wayback/calado_maximo_operacional_2018/20200708204409.html;wayback/calado_maximo_operacional_2018/20200709003858.html;wayback/calado_maximo_operacional_2018/20200814132526.html;wayback/calado_maximo_operacional_2018/20201024141308.html;wayback/calados_operacionais_2021/20210116144927.html,,,,,,,,II,,,40.0
berco,ARM 35P1 (Arm34+35),13.5,13.8,,,,ARM 35P1 (Arm34+35),20210302013408,20210917162725,7,20210116144927,20211018234425,"239,242",2021-01-29,C,wayback/calados_operacionais_2021/20210302013408.html;wayback/calados_operacionais_2021/20210419060037.html;wayback/calados_operacionais_2021/20210510223144.html;wayback/calados_operacionais_2021/20210511012409.html;wayback/calados_operacionais_2021/20210726231527.html;wayback/calados_operacionais_2021/20210730012955.html;wayback/calados_operacionais_2021/20210917162725.html,,,,,,,,II,,,40.0
berco,ARM 35P1 (Arm34+35),13.2,13.5,,,,ARM 35P1 (Arm34+35),20211018234425,20220815190641,6,20210917162725,,"242,244,245",2021-05-31,C,wayback/calados_operacionais_2021/20211018234425.html;wayback/calados_operacionais_2021/20220123062521.html;wayback/calados_operacionais_2021/20220126142321.html;wayback/calados_operacionais_2021/20220303061338.html;wayback/calados_operacionais_2021/20220701080245.html;wayback/calados_operacionais_2021/20220815190641.html,,,,,,,,II,,,40.0
berco,ARM 35P2 (35.1+35.2),13.7,14.0,,,,ARM 35P2 (35.1+35.2),20191004100011,20201024141308,6,,20210116144927,"221,228,230,233,234",2019-07-16,C,wayback/calado_maximo_operacional_2018/20191004100011.html;wayback/calado_maximo_operacional_2018/20200614202932.html;wayback/calado_maximo_operacional_2018/20200708204409.html;wayback/calado_maximo_operacional_2018/20200709003858.html;wayback/calado_maximo_operacional_2018/20200814132526.html;wayback/calado_maximo_operacional_2018/20201024141308.html,,,,,,,,II,,,54.0
berco,ARM 35P2 (35.1+35.2),13.5,13.8,,,,ARM 35P2 (35.1+35.2),20210116144927,20210917162725,8,20201024141308,20211018234425,"238,239,242",2021-01-05,C,wayback/calados_operacionais_2021/20210116144927.html;wayback/calados_operacionais_2021/20210302013408.html;wayback/calados_operacionais_2021/20210419060037.html;wayback/calados_operacionais_2021/20210510223144.html;wayback/calados_operacionais_2021/20210511012409.html;wayback/calados_operacionais_2021/20210726231527.html;wayback/calados_operacionais_2021/20210730012955.html;wayback/calados_operacionais_2021/20210917162725.html,,,,,,,,II,,,54.0
berco,ARM 35P2 (35.1+35.2),12.8,13.1,,,,ARM 35P2 (35.1+35.2),20211018234425,20211018234425,1,20210917162725,20220123062521,242,2021-05-31,C,wayback/calados_operacionais_2021/20211018234425.html,,,,,,,,II,,,54.0
berco,ARM 35P2 (35.1+35.2),12.1,12.4,,,,ARM 35P2 (35.1+35.2),20220123062521,20220815190641,5,20211018234425,,"244,245",2022-01-06,C,wayback/calados_operacionais_2021/20220123062521.html;wayback/calados_operacionais_2021/20220126142321.html;wayback/calados_operacionais_2021/20220303061338.html;wayback/calados_operacionais_2021/20220701080245.html;wayback/calados_operacionais_2021/20220815190641.html,,,,,,,,II,,,54.0
berco,ARM 38,13.5,14.5,,,,ARM 38 (5),20231204100812,20261002000000,11,,,"250,253,254,255,259,260,266,268,271",2023-08-18,C,wayback/calados_operacionais_2021/20231204100812.html;wayback/calados_operacionais_2021/20240415123629.html;wayback/calados_operacionais_2021/20240917021223.html;wayback/calados_operacionais_2021/20250125025207.html;wayback/calados_operacionais_2021/20250516013825.html;wayback/calados_operacionais_2021/20250622213429.html;wayback/calados_operacionais_2021/20251205213245.html;wayback/calados_operacionais_2021/20260314084447.html;wayback/calados_operacionais_2021/20260617163833.html;fase0/20260930_calados_operacionais.html;atual/20261002_calados_operacionais.html,,,15/05/23; 16/02/24; 12/08/24; 26/11/24; 31/07/25; 11/04/26,,,,13.7,II,6; 5; 4,,19.0
berco,ARM 38 *,13.7,14.7,,,,ARM 38 *,20191004100011,20201024141308,6,,,"221,228,230,233,234",2019-07-16,C,wayback/calado_maximo_operacional_2018/20191004100011.html;wayback/calado_maximo_operacional_2018/20200614202932.html;wayback/calado_maximo_operacional_2018/20200708204409.html;wayback/calado_maximo_operacional_2018/20200709003858.html;wayback/calado_maximo_operacional_2018/20200814132526.html;wayback/calado_maximo_operacional_2018/20201024141308.html,,,,,,,,II,,,19.0
berco,ARM 38 ³,13.7,14.7,,,,ARM 38 ³,20210116144927,20210116144927,1,,20210302013408,238,2021-01-05,C,wayback/calados_operacionais_2021/20210116144927.html,,,,,,,,II,,,19.0
berco,ARM 38 ³,13.5,14.5,,,,ARM 38 ³,20210302013408,20230330203418,14,20210116144927,,"239,242,244,245,247",2021-01-29,C,wayback/calados_operacionais_2021/20210302013408.html;wayback/calados_operacionais_2021/20210419060037.html;wayback/calados_operacionais_2021/20210510223144.html;wayback/calados_operacionais_2021/20210511012409.html;wayback/calados_operacionais_2021/20210726231527.html;wayback/calados_operacionais_2021/20210730012955.html;wayback/calados_operacionais_2021/20210917162725.html;wayback/calados_operacionais_2021/20211018234425.html;wayback/calados_operacionais_2021/20220123062521.html;wayback/calados_operacionais_2021/20220126142321.html;wayback/calados_operacionais_2021/20220303061338.html;wayback/calados_operacionais_2021/20220701080245.html;wayback/calados_operacionais_2021/20220815190641.html;wayback/calados_operacionais_2021/20230330203418.html,,,12/08/21,,,,,II,,,19.0
berco,ARM 39,13.5,14.5,,,,ARM 39 (5),20231204100812,20261002000000,11,,,"250,253,254,255,259,260,266,268,271",2023-08-18,C,wayback/calados_operacionais_2021/20231204100812.html;wayback/calados_operacionais_2021/20240415123629.html;wayback/calados_operacionais_2021/20240917021223.html;wayback/calados_operacionais_2021/20250125025207.html;wayback/calados_operacionais_2021/20250516013825.html;wayback/calados_operacionais_2021/20250622213429.html;wayback/calados_operacionais_2021/20251205213245.html;wayback/calados_operacionais_2021/20260314084447.html;wayback/calados_operacionais_2021/20260617163833.html;fase0/20260930_calados_operacionais.html;atual/20261002_calados_operacionais.html,,,24/01/23; 02/03/24; 11/05/24; 16/08/24; 13/01/25; 06/08/25; 02/12/25; 10/04/26,,,,13.7,II,6; 5; 4,,89.0
berco,ARM 39 *,13.7,14.7,,,,ARM 39 *,20191004100011,20201024141308,6,,,"221,228,230,233,234",2019-07-16,C,wayback/calado_maximo_operacional_2018/20191004100011.html;wayback/calado_maximo_operacional_2018/20200614202932.html;wayback/calado_maximo_operacional_2018/20200708204409.html;wayback/calado_maximo_operacional_2018/20200709003858.html;wayback/calado_maximo_operacional_2018/20200814132526.html;wayback/calado_maximo_operacional_2018/20201024141308.html,,,,,,,,II,,,89.0
berco,ARM 39 ³,13.7,14.7,,,,ARM 39 ³,20210116144927,20210116144927,1,,20210302013408,238,2021-01-05,C,wayback/calados_operacionais_2021/20210116144927.html,,,,,,,,II,,,89.0
berco,ARM 39 ³,13.5,14.5,,,,ARM 39 ³,20210302013408,20230330203418,14,20210116144927,,"239,242,244,245,247",2021-01-29,C,wayback/calados_operacionais_2021/20210302013408.html;wayback/calados_operacionais_2021/20210419060037.html;wayback/calados_operacionais_2021/20210510223144.html;wayback/calados_operacionais_2021/20210511012409.html;wayback/calados_operacionais_2021/20210726231527.html;wayback/calados_operacionais_2021/20210730012955.html;wayback/calados_operacionais_2021/20210917162725.html;wayback/calados_operacionais_2021/20211018234425.html;wayback/calados_operacionais_2021/20220123062521.html;wayback/calados_operacionais_2021/20220126142321.html;wayback/calados_operacionais_2021/20220303061338.html;wayback/calados_operacionais_2021/20220701080245.html;wayback/calados_operacionais_2021/20220815190641.html;wayback/calados_operacionais_2021/20230330203418.html,,,07/07/22,,,,,II,,,89.0
berco,ARM FRIGº,8.3,8.6,,,,ARM FRIGº,20191004100011,20220815190641,20,,,"221,228,230,233,234,238,239,242,244,245",2019-07-16,C,wayback/calado_maximo_operacional_2018/20191004100011.html;wayback/calado_maximo_operacional_2018/20200614202932.html;wayback/calado_maximo_operacional_2018/20200708204409.html;wayback/calado_maximo_operacional_2018/20200709003858.html;wayback/calado_maximo_operacional_2018/20200814132526.html;wayback/calado_maximo_operacional_2018/20201024141308.html;wayback/calados_operacionais_2021/20210116144927.html;wayback/calados_operacionais_2021/20210302013408.html;wayback/calados_operacionais_2021/20210419060037.html;wayback/calados_operacionais_2021/20210510223144.html;wayback/calados_operacionais_2021/20210511012409.html;wayback/calados_operacionais_2021/20210726231527.html;wayback/calados_operacionais_2021/20210730012955.html;wayback/calados_operacionais_2021/20210917162725.html;wayback/calados_operacionais_2021/20211018234425.html;wayback/calados_operacionais_2021/20220123062521.html;wayback/calados_operacionais_2021/20220126142321.html;wayback/calados_operacionais_2021/20220303061338.html;wayback/calados_operacionais_2021/20220701080245.html;wayback/calados_operacionais_2021/20220815190641.html,,,,,,,,III,,,52.0
berco,BTP 01,14.5,14.8,,,,BTP 01,20191004100011,20191004100011,1,,20200614202932,221,2019-07-16,C,wayback/calado_maximo_operacional_2018/20191004100011.html,,,,,,,,IV,,,54.0
berco,BTP 01,14.2,14.5,,,,BTP 01,20200614202932,20261002000000,31,20191004100011,,"228,230,233,234,238,239,242,244,245,247,250,253,254,255,259,260,266,268,271",2020-06-04,C,wayback/calado_maximo_operacional_2018/20200614202932.html;wayback/calado_maximo_operacional_2018/20200708204409.html;wayback/calado_maximo_operacional_2018/20200709003858.html;wayback/calado_maximo_operacional_2018/20200814132526.html;wayback/calado_maximo_operacional_2018/20201024141308.html;wayback/calados_operacionais_2021/20210116144927.html;wayback/calados_operacionais_2021/20210302013408.html;wayback/calados_operacionais_2021/20210419060037.html;wayback/calados_operacionais_2021/20210510223144.html;wayback/calados_operacionais_2021/20210511012409.html;wayback/calados_operacionais_2021/20210726231527.html;wayback/calados_operacionais_2021/20210730012955.html;wayback/calados_operacionais_2021/20210917162725.html;wayback/calados_operacionais_2021/20211018234425.html;wayback/calados_operacionais_2021/20220123062521.html;wayback/calados_operacionais_2021/20220126142321.html;wayback/calados_operacionais_2021/20220303061338.html;wayback/calados_operacionais_2021/20220701080245.html;wayback/calados_operacionais_2021/20220815190641.html;wayback/calados_operacionais_2021/20230330203418.html;wayback/calados_operacionais_2021/20231204100812.html;wayback/calados_operacionais_2021/20240415123629.html;wayback/calados_operacionais_2021/20240917021223.html;wayback/calados_operacionais_2021/20250125025207.html;wayback/calados_operacionais_2021/20250516013825.html;wayback/calados_operacionais_2021/20250622213429.html;wayback/calados_operacionais_2021/20251205213245.html;wayback/calados_operacionais_2021/20260314084447.html;wayback/calados_operacionais_2021/20260617163833.html;fase0/20260930_calados_operacionais.html;atual/20261002_calados_operacionais.html,,,11/06/22; 29/05/23; 06/03/24; 29/01/25; 03/10/25; 11/04/26,,,,15.0,IV,,,54.0
berco,BTP 02,14.1,14.4,,,,BTP 02,20191004100011,20191004100011,1,,20200614202932,221,2019-07-16,C,wayback/calado_maximo_operacional_2018/20191004100011.html,,,,,,,,IV,,,54.0
berco,BTP 02,13.9,14.2,,,,BTP 02,20200614202932,20200614202932,1,20191004100011,20200708204409,228,2020-06-04,C,wayback/calado_maximo_operacional_2018/20200614202932.html,,,,,,,,IV,,,54.0
berco,BTP 02,14.2,14.5,,,,BTP 02,20200708204409,20261002000000,30,20200614202932,,"230,233,234,238,239,242,244,245,247,250,253,254,255,259,260,266,268,271",2020-07-01,C,wayback/calado_maximo_operacional_2018/20200708204409.html;wayback/calado_maximo_operacional_2018/20200709003858.html;wayback/calado_maximo_operacional_2018/20200814132526.html;wayback/calado_maximo_operacional_2018/20201024141308.html;wayback/calados_operacionais_2021/20210116144927.html;wayback/calados_operacionais_2021/20210302013408.html;wayback/calados_operacionais_2021/20210419060037.html;wayback/calados_operacionais_2021/20210510223144.html;wayback/calados_operacionais_2021/20210511012409.html;wayback/calados_operacionais_2021/20210726231527.html;wayback/calados_operacionais_2021/20210730012955.html;wayback/calados_operacionais_2021/20210917162725.html;wayback/calados_operacionais_2021/20211018234425.html;wayback/calados_operacionais_2021/20220123062521.html;wayback/calados_operacionais_2021/20220126142321.html;wayback/calados_operacionais_2021/20220303061338.html;wayback/calados_operacionais_2021/20220701080245.html;wayback/calados_operacionais_2021/20220815190641.html;wayback/calados_operacionais_2021/20230330203418.html;wayback/calados_operacionais_2021/20231204100812.html;wayback/calados_operacionais_2021/20240415123629.html;wayback/calados_operacionais_2021/20240917021223.html;wayback/calados_operacionais_2021/20250125025207.html;wayback/calados_operacionais_2021/20250516013825.html;wayback/calados_operacionais_2021/20250622213429.html;wayback/calados_operacionais_2021/20251205213245.html;wayback/calados_operacionais_2021/20260314084447.html;wayback/calados_operacionais_2021/20260617163833.html;fase0/20260930_calados_operacionais.html;atual/20261002_calados_operacionais.html,,,22/06/22; 29/05/23; 30/03/24; 30/09/25; 24/03/26,,,,15.0,IV,,,54.0
berco,BTP 03,14.4,14.7,,,,BTP 03,20191004100011,20191004100011,1,,20200614202932,221,2019-07-16,C,wayback/calado_maximo_operacional_2018/20191004100011.html,,,,,,,,IV,,,0.0
berco,BTP 03,14.2,14.5,,,,BTP 03,20200614202932,20261002000000,31,20191004100011,,"228,230,233,234,238,239,242,244,245,247,250,253,254,255,259,260,266,268,271",2020-06-04,C,wayback/calado_maximo_operacional_2018/20200614202932.html;wayback/calado_maximo_operacional_2018/20200708204409.html;wayback/calado_maximo_operacional_2018/20200709003858.html;wayback/calado_maximo_operacional_2018/20200814132526.html;wayback/calado_maximo_operacional_2018/20201024141308.html;wayback/calados_operacionais_2021/20210116144927.html;wayback/calados_operacionais_2021/20210302013408.html;wayback/calados_operacionais_2021/20210419060037.html;wayback/calados_operacionais_2021/20210510223144.html;wayback/calados_operacionais_2021/20210511012409.html;wayback/calados_operacionais_2021/20210726231527.html;wayback/calados_operacionais_2021/20210730012955.html;wayback/calados_operacionais_2021/20210917162725.html;wayback/calados_operacionais_2021/20211018234425.html;wayback/calados_operacionais_2021/20220123062521.html;wayback/calados_operacionais_2021/20220126142321.html;wayback/calados_operacionais_2021/20220303061338.html;wayback/calados_operacionais_2021/20220701080245.html;wayback/calados_operacionais_2021/20220815190641.html;wayback/calados_operacionais_2021/20230330203418.html;wayback/calados_operacionais_2021/20231204100812.html;wayback/calados_operacionais_2021/20240415123629.html;wayback/calados_operacionais_2021/20240917021223.html;wayback/calados_operacionais_2021/20250125025207.html;wayback/calados_operacionais_2021/20250516013825.html;wayback/calados_operacionais_2021/20250622213429.html;wayback/calados_operacionais_2021/20251205213245.html;wayback/calados_operacionais_2021/20260314084447.html;wayback/calados_operacionais_2021/20260617163833.html;fase0/20260930_calados_operacionais.html;atual/20261002_calados_operacionais.html,,,22/06/22; 10/07/23; 30/03/24; 08/07/24; 16/01/25; 08/10/25; 06/04/26,,,,15.0,IV,,,0.0
berco,CORTE,10.4,10.7,,,,CORTE,20191004100011,20210917162725,14,,20211018234425,"221,228,230,233,234,238,239,242",2019-07-16,C,wayback/calado_maximo_operacional_2018/20191004100011.html;wayback/calado_maximo_operacional_2018/20200614202932.html;wayback/calado_maximo_operacional_2018/20200708204409.html;wayback/calado_maximo_operacional_2018/20200709003858.html;wayback/calado_maximo_operacional_2018/20200814132526.html;wayback/calado_maximo_operacional_2018/20201024141308.html;wayback/calados_operacionais_2021/20210116144927.html;wayback/calados_operacionais_2021/20210302013408.html;wayback/calados_operacionais_2021/20210419060037.html;wayback/calados_operacionais_2021/20210510223144.html;wayback/calados_operacionais_2021/20210511012409.html;wayback/calados_operacionais_2021/20210726231527.html;wayback/calados_operacionais_2021/20210730012955.html;wayback/calados_operacionais_2021/20210917162725.html,,,,,,,,IV,,,97.0
berco,CORTE,10.3,10.6,,,,CORTE,20211018234425,20261002000000,18,20210917162725,,"242,244,245,247,250,253,254,255,259,260,266,268,271",2021-05-31,C,wayback/calados_operacionais_2021/20211018234425.html;wayback/calados_operacionais_2021/20220123062521.html;wayback/calados_operacionais_2021/20220126142321.html;wayback/calados_operacionais_2021/20220303061338.html;wayback/calados_operacionais_2021/20220701080245.html;wayback/calados_operacionais_2021/20220815190641.html;wayback/calados_operacionais_2021/20230330203418.html;wayback/calados_operacionais_2021/20231204100812.html;wayback/calados_operacionais_2021/20240415123629.html;wayback/calados_operacionais_2021/20240917021223.html;wayback/calados_operacionais_2021/20250125025207.html;wayback/calados_operacionais_2021/20250516013825.html;wayback/calados_operacionais_2021/20250622213429.html;wayback/calados_operacionais_2021/20251205213245.html;wayback/calados_operacionais_2021/20260314084447.html;wayback/calados_operacionais_2021/20260617163833.html;fase0/20260930_calados_operacionais.html;atual/20261002_calados_operacionais.html,,,16/06/22; 13/03/23; 29/01/24; 08/07/24; 02/01/25; 11/07/25; 28/01/26,,,,11.7,IV,,,97.0
berco,CS 01,9.9,10.2,,,,CS 01,20191004100011,20191004100011,1,,20200614202932,221,2019-07-16,C,wayback/calado_maximo_operacional_2018/20191004100011.html,,,,,,,,IV,,,84.0
berco,CS 01,10.7,11.0,,,,CS 01,20200614202932,20201024141308,5,20191004100011,20210116144927,"228,230,233,234",2020-06-04,C,wayback/calado_maximo_operacional_2018/20200614202932.html;wayback/calado_maximo_operacional_2018/20200708204409.html;wayback/calado_maximo_operacional_2018/20200709003858.html;wayback/calado_maximo_operacional_2018/20200814132526.html;wayback/calado_maximo_operacional_2018/20201024141308.html,,,,,,,,IV,,,84.0
berco,CS 01,10.4,10.7,,,,CS 01,20210116144927,20261002000000,26,20201024141308,,"238,239,242,244,245,247,250,253,254,255,259,260,266,268,271",2021-01-05,C,wayback/calados_operacionais_2021/20210116144927.html;wayback/calados_operacionais_2021/20210302013408.html;wayback/calados_operacionais_2021/20210419060037.html;wayback/calados_operacionais_2021/20210510223144.html;wayback/calados_operacionais_2021/20210511012409.html;wayback/calados_operacionais_2021/20210726231527.html;wayback/calados_operacionais_2021/20210730012955.html;wayback/calados_operacionais_2021/20210917162725.html;wayback/calados_operacionais_2021/20211018234425.html;wayback/calados_operacionais_2021/20220123062521.html;wayback/calados_operacionais_2021/20220126142321.html;wayback/calados_operacionais_2021/20220303061338.html;wayback/calados_operacionais_2021/20220701080245.html;wayback/calados_operacionais_2021/20220815190641.html;wayback/calados_operacionais_2021/20230330203418.html;wayback/calados_operacionais_2021/20231204100812.html;wayback/calados_operacionais_2021/20240415123629.html;wayback/calados_operacionais_2021/20240917021223.html;wayback/calados_operacionais_2021/20250125025207.html;wayback/calados_operacionais_2021/20250516013825.html;wayback/calados_operacionais_2021/20250622213429.html;wayback/calados_operacionais_2021/20251205213245.html;wayback/calados_operacionais_2021/20260314084447.html;wayback/calados_operacionais_2021/20260617163833.html;fase0/20260930_calados_operacionais.html;atual/20261002_calados_operacionais.html,,,21/06/22; 08/05/24; 17/02/25; 25/09/25; 18/04/26,,,,10.7,IV,,,84.0
berco,CS 02,10.9,11.2,,,,CS 02,20191004100011,20210116144927,7,,20210302013408,"221,228,230,233,234,238",2019-07-16,C,wayback/calado_maximo_operacional_2018/20191004100011.html;wayback/calado_maximo_operacional_2018/20200614202932.html;wayback/calado_maximo_operacional_2018/20200708204409.html;wayback/calado_maximo_operacional_2018/20200709003858.html;wayback/calado_maximo_operacional_2018/20200814132526.html;wayback/calado_maximo_operacional_2018/20201024141308.html;wayback/calados_operacionais_2021/20210116144927.html,,,,,,,,IV,,,0.0
berco,CS 02,10.7,11.0,,,,CS 02,20210302013408,20210917162725,7,20210116144927,20211018234425,"239,242",2021-01-29,C,wayback/calados_operacionais_2021/20210302013408.html;wayback/calados_operacionais_2021/20210419060037.html;wayback/calados_operacionais_2021/20210510223144.html;wayback/calados_operacionais_2021/20210511012409.html;wayback/calados_operacionais_2021/20210726231527.html;wayback/calados_operacionais_2021/20210730012955.html;wayback/calados_operacionais_2021/20210917162725.html,,,,,,,,IV,,,0.0
berco,CS 02,10.5,10.8,,,,CS 02,20211018234425,20240415123629,9,20210917162725,20240917021223,"242,244,245,247,250,253",2021-05-31,C,wayback/calados_operacionais_2021/20211018234425.html;wayback/calados_operacionais_2021/20220123062521.html;wayback/calados_operacionais_2021/20220126142321.html;wayback/calados_operacionais_2021/20220303061338.html;wayback/calados_operacionais_2021/20220701080245.html;wayback/calados_operacionais_2021/20220815190641.html;wayback/calados_operacionais_2021/20230330203418.html;wayback/calados_operacionais_2021/20231204100812.html;wayback/calados_operacionais_2021/20240415123629.html,,,01/06/21; 04/04/23,,,,10.7,IV,,,0.0
berco,CS 02,10.4,10.7,,,,CS 02,20240917021223,20261002000000,9,20240415123629,,"254,255,259,260,266,268,271",2024-04-02,C,wayback/calados_operacionais_2021/20240917021223.html;wayback/calados_operacionais_2021/20250125025207.html;wayback/calados_operacionais_2021/20250516013825.html;wayback/calados_operacionais_2021/20250622213429.html;wayback/calados_operacionais_2021/20251205213245.html;wayback/calados_operacionais_2021/20260314084447.html;wayback/calados_operacionais_2021/20260617163833.html;fase0/20260930_calados_operacionais.html;atual/20261002_calados_operacionais.html,,,07/03/24; 22/08/24; 16/01/25; 19/11/25; 19/03/26,,,,10.7,IV,,,0.0
berco,CS 03,11.7,12.0,,,,CS 03,20191004100011,20191004100011,1,,20200614202932,221,2019-07-16,C,wayback/calado_maximo_operacional_2018/20191004100011.html,,,,,,,,IV,,,2.0
berco,CS 03,10.4,10.7,,,,CS 03,20200614202932,20261002000000,31,20191004100011,,"228,230,233,234,238,239,242,244,245,247,250,253,254,255,259,260,266,268,271",2020-06-04,C,wayback/calado_maximo_operacional_2018/20200614202932.html;wayback/calado_maximo_operacional_2018/20200708204409.html;wayback/calado_maximo_operacional_2018/20200709003858.html;wayback/calado_maximo_operacional_2018/20200814132526.html;wayback/calado_maximo_operacional_2018/20201024141308.html;wayback/calados_operacionais_2021/20210116144927.html;wayback/calados_operacionais_2021/20210302013408.html;wayback/calados_operacionais_2021/20210419060037.html;wayback/calados_operacionais_2021/20210510223144.html;wayback/calados_operacionais_2021/20210511012409.html;wayback/calados_operacionais_2021/20210726231527.html;wayback/calados_operacionais_2021/20210730012955.html;wayback/calados_operacionais_2021/20210917162725.html;wayback/calados_operacionais_2021/20211018234425.html;wayback/calados_operacionais_2021/20220123062521.html;wayback/calados_operacionais_2021/20220126142321.html;wayback/calados_operacionais_2021/20220303061338.html;wayback/calados_operacionais_2021/20220701080245.html;wayback/calados_operacionais_2021/20220815190641.html;wayback/calados_operacionais_2021/20230330203418.html;wayback/calados_operacionais_2021/20231204100812.html;wayback/calados_operacionais_2021/20240415123629.html;wayback/calados_operacionais_2021/20240917021223.html;wayback/calados_operacionais_2021/20250125025207.html;wayback/calados_operacionais_2021/20250516013825.html;wayback/calados_operacionais_2021/20250622213429.html;wayback/calados_operacionais_2021/20251205213245.html;wayback/calados_operacionais_2021/20260314084447.html;wayback/calados_operacionais_2021/20260617163833.html;fase0/20260930_calados_operacionais.html;atual/20261002_calados_operacionais.html,,,17/06/22; 15/02/24; 15/08/24; 15/02/25; 26/08/25,,,,10.7,IV,,,2.0
berco,CS 04,12.0,12.3,,,,CS 04,20191004100011,20200709003858,4,,20200814132526,"221,228,230",2019-07-16,C,wayback/calado_maximo_operacional_2018/20191004100011.html;wayback/calado_maximo_operacional_2018/20200614202932.html;wayback/calado_maximo_operacional_2018/20200708204409.html;wayback/calado_maximo_operacional_2018/20200709003858.html,,,,,,,,IV,,,84.0
berco,CS 04,11.1,11.4,,,,CS 04,20200814132526,20210116144927,3,20200709003858,20210302013408,"233,234,238",2020-08-06,C,wayback/calado_maximo_operacional_2018/20200814132526.html;wayback/calado_maximo_operacional_2018/20201024141308.html;wayback/calados_operacionais_2021/20210116144927.html,,,,,,,,IV,,,84.0
berco,CS 04,11.9,12.2,,,,CS 04,20210302013408,20261002000000,25,20210116144927,,"239,242,244,245,247,250,253,254,255,259,260,266,268,271",2021-01-29,C,wayback/calados_operacionais_2021/20210302013408.html;wayback/calados_operacionais_2021/20210419060037.html;wayback/calados_operacionais_2021/20210510223144.html;wayback/calados_operacionais_2021/20210511012409.html;wayback/calados_operacionais_2021/20210726231527.html;wayback/calados_operacionais_2021/20210730012955.html;wayback/calados_operacionais_2021/20210917162725.html;wayback/calados_operacionais_2021/20211018234425.html;wayback/calados_operacionais_2021/20220123062521.html;wayback/calados_operacionais_2021/20220126142321.html;wayback/calados_operacionais_2021/20220303061338.html;wayback/calados_operacionais_2021/20220701080245.html;wayback/calados_operacionais_2021/20220815190641.html;wayback/calados_operacionais_2021/20230330203418.html;wayback/calados_operacionais_2021/20231204100812.html;wayback/calados_operacionais_2021/20240415123629.html;wayback/calados_operacionais_2021/20240917021223.html;wayback/calados_operacionais_2021/20250125025207.html;wayback/calados_operacionais_2021/20250516013825.html;wayback/calados_operacionais_2021/20250622213429.html;wayback/calados_operacionais_2021/20251205213245.html;wayback/calados_operacionais_2021/20260314084447.html;wayback/calados_operacionais_2021/20260617163833.html;fase0/20260930_calados_operacionais.html;atual/20261002_calados_operacionais.html,,,22/05/22; 29/05/23; 15/03/24; 16/01/25; 26/08/25; 27/01/26,,,,13.2,IV,,,84.0
berco,CURVA 23,7.2,7.5,,,,CURVA 23,20191004100011,20261002000000,32,,,"221,228,230,233,234,238,239,242,244,245,247,250,253,254,255,259,260,266,268,271",2019-07-16,C,wayback/calado_maximo_operacional_2018/20191004100011.html;wayback/calado_maximo_operacional_2018/20200614202932.html;wayback/calado_maximo_operacional_2018/20200708204409.html;wayback/calado_maximo_operacional_2018/20200709003858.html;wayback/calado_maximo_operacional_2018/20200814132526.html;wayback/calado_maximo_operacional_2018/20201024141308.html;wayback/calados_operacionais_2021/20210116144927.html;wayback/calados_operacionais_2021/20210302013408.html;wayback/calados_operacionais_2021/20210419060037.html;wayback/calados_operacionais_2021/20210510223144.html;wayback/calados_operacionais_2021/20210511012409.html;wayback/calados_operacionais_2021/20210726231527.html;wayback/calados_operacionais_2021/20210730012955.html;wayback/calados_operacionais_2021/20210917162725.html;wayback/calados_operacionais_2021/20211018234425.html;wayback/calados_operacionais_2021/20220123062521.html;wayback/calados_operacionais_2021/20220126142321.html;wayback/calados_operacionais_2021/20220303061338.html;wayback/calados_operacionais_2021/20220701080245.html;wayback/calados_operacionais_2021/20220815190641.html;wayback/calados_operacionais_2021/20230330203418.html;wayback/calados_operacionais_2021/20231204100812.html;wayback/calados_operacionais_2021/20240415123629.html;wayback/calados_operacionais_2021/20240917021223.html;wayback/calados_operacionais_2021/20250125025207.html;wayback/calados_operacionais_2021/20250516013825.html;wayback/calados_operacionais_2021/20250622213429.html;wayback/calados_operacionais_2021/20251205213245.html;wayback/calados_operacionais_2021/20260314084447.html;wayback/calados_operacionais_2021/20260617163833.html;fase0/20260930_calados_operacionais.html;atual/20261002_calados_operacionais.html,,,25/05/22; 16/05/23; 25/04/24; 12/03/25; 21/01/26,,,,8.3,III,,,45.0; 72.0
berco,IB BC,10.4,10.7,,,,IB BC,20191004100011,20191004100011,1,,20200614202932,221,2019-07-16,C,wayback/calado_maximo_operacional_2018/20191004100011.html,,,,,,,,IV,,,15.0
berco,IB BC,10.2,10.5,,,,IB BC,20200614202932,20201024141308,5,20191004100011,20210116144927,"228,230,233,234",2020-06-04,C,wayback/calado_maximo_operacional_2018/20200614202932.html;wayback/calado_maximo_operacional_2018/20200708204409.html;wayback/calado_maximo_operacional_2018/20200709003858.html;wayback/calado_maximo_operacional_2018/20200814132526.html;wayback/calado_maximo_operacional_2018/20201024141308.html,,,,,,,,IV,,,15.0
berco,IB BC,10.0,10.3,,,,IB BC,20210116144927,20210511012409,5,20201024141308,20210726231527,"238,239",2021-01-05,C,wayback/calados_operacionais_2021/20210116144927.html;wayback/calados_operacionais_2021/20210302013408.html;wayback/calados_operacionais_2021/20210419060037.html;wayback/calados_operacionais_2021/20210510223144.html;wayback/calados_operacionais_2021/20210511012409.html,,,,,,,,IV,,,15.0
berco,IB BC,,,,,,IB BC,20210726231527,20210917162725,3,20210511012409,20211018234425,242,2021-05-31,C,wayback/calados_operacionais_2021/20210726231527.html;wayback/calados_operacionais_2021/20210730012955.html;wayback/calados_operacionais_2021/20210917162725.html,,,,,,,,IV,"2,2",(2),15.0
berco,IB BC,10.0,10.3,,,,IB BC,20211018234425,20261002000000,18,20210917162725,,"242,244,245,247,250,253,254,255,259,260,266,268,271",2021-05-31,C,wayback/calados_operacionais_2021/20211018234425.html;wayback/calados_operacionais_2021/20220123062521.html;wayback/calados_operacionais_2021/20220126142321.html;wayback/calados_operacionais_2021/20220303061338.html;wayback/calados_operacionais_2021/20220701080245.html;wayback/calados_operacionais_2021/20220815190641.html;wayback/calados_operacionais_2021/20230330203418.html;wayback/calados_operacionais_2021/20231204100812.html;wayback/calados_operacionais_2021/20240415123629.html;wayback/calados_operacionais_2021/20240917021223.html;wayback/calados_operacionais_2021/20250125025207.html;wayback/calados_operacionais_2021/20250516013825.html;wayback/calados_operacionais_2021/20250622213429.html;wayback/calados_operacionais_2021/20251205213245.html;wayback/calados_operacionais_2021/20260314084447.html;wayback/calados_operacionais_2021/20260617163833.html;fase0/20260930_calados_operacionais.html;atual/20261002_calados_operacionais.html,,,14/06/21; 17/04/23; 30/07/24; 04/04/25; 23/09/25; 06/02/26,,,,10.3,IV,,,15.0
berco,IB OE,12.0,12.3,,,,IB OE,20240917021223,20250125025207,2,,20250516013825,"254,255",2024-04-02,C,wayback/calados_operacionais_2021/20240917021223.html;wayback/calados_operacionais_2021/20250125025207.html,,,07/05/24,,,,15.0,IV,,,30.0
berco,IB OE,12.8,13.1,,,,IB OE,20250516013825,20261002000000,7,20250125025207,,"259,260,266,268,271",2025-04-25,C,wayback/calados_operacionais_2021/20250516013825.html;wayback/calados_operacionais_2021/20250622213429.html;wayback/calados_operacionais_2021/20251205213245.html;wayback/calados_operacionais_2021/20260314084447.html;wayback/calados_operacionais_2021/20260617163833.html;fase0/20260930_calados_operacionais.html;atual/20261002_calados_operacionais.html,,,01/04/25; 08/10/25; 16/03/26,,,,15.0,IV,,,30.0
berco,IB SP,10.2,10.5,,,,IB SP,20191004100011,20191004100011,1,,20200614202932,221,2019-07-16,C,wayback/calado_maximo_operacional_2018/20191004100011.html,,,,,,,,IV,,,15.0
berco,IB SP,10.3,10.6,,,,IB SP,20200614202932,20210116144927,6,20191004100011,20210302013408,"228,230,233,234,238",2020-06-04,C,wayback/calado_maximo_operacional_2018/20200614202932.html;wayback/calado_maximo_operacional_2018/20200708204409.html;wayback/calado_maximo_operacional_2018/20200709003858.html;wayback/calado_maximo_operacional_2018/20200814132526.html;wayback/calado_maximo_operacional_2018/20201024141308.html;wayback/calados_operacionais_2021/20210116144927.html,,,,,,,,IV,,,15.0
berco,IB SP,10.0,10.3,,,,IB SP,20210302013408,20210511012409,4,20210116144927,20210726231527,239,2021-01-29,C,wayback/calados_operacionais_2021/20210302013408.html;wayback/calados_operacionais_2021/20210419060037.html;wayback/calados_operacionais_2021/20210510223144.html;wayback/calados_operacionais_2021/20210511012409.html,,,,,,,,IV,,,15.0
berco,IB SP,9.8,10.1,,,,IB SP,20210726231527,20210917162725,3,20210511012409,20211018234425,242,2021-05-31,C,wayback/calados_operacionais_2021/20210726231527.html;wayback/calados_operacionais_2021/20210730012955.html;wayback/calados_operacionais_2021/20210917162725.html,,,,,,,,IV,,,15.0
berco,IB SP,10.0,10.3,,,,IB SP,20211018234425,20261002000000,18,20210917162725,,"242,244,245,247,250,253,254,255,259,260,266,268,271",2021-05-31,C,wayback/calados_operacionais_2021/20211018234425.html;wayback/calados_operacionais_2021/20220123062521.html;wayback/calados_operacionais_2021/20220126142321.html;wayback/calados_operacionais_2021/20220303061338.html;wayback/calados_operacionais_2021/20220701080245.html;wayback/calados_operacionais_2021/20220815190641.html;wayback/calados_operacionais_2021/20230330203418.html;wayback/calados_operacionais_2021/20231204100812.html;wayback/calados_operacionais_2021/20240415123629.html;wayback/calados_operacionais_2021/20240917021223.html;wayback/calados_operacionais_2021/20250125025207.html;wayback/calados_operacionais_2021/20250516013825.html;wayback/calados_operacionais_2021/20250622213429.html;wayback/calados_operacionais_2021/20251205213245.html;wayback/calados_operacionais_2021/20260314084447.html;wayback/calados_operacionais_2021/20260617163833.html;fase0/20260930_calados_operacionais.html;atual/20261002_calados_operacionais.html,,,21/08/21; 06/12/23; 13/05/24; 21/11/24; 11/09/25; 08/04/26,,,,10.3,IV,,,15.0
berco,OUTEIRINHOS 01(MB),11.7,12.0,,,,OUTEIRINHOS 01(MB),20191004100011,20220815190641,20,,20230330203418,"221,228,230,233,234,238,239,242,244,245",2019-07-16,C,wayback/calado_maximo_operacional_2018/20191004100011.html;wayback/calado_maximo_operacional_2018/20200614202932.html;wayback/calado_maximo_operacional_2018/20200708204409.html;wayback/calado_maximo_operacional_2018/20200709003858.html;wayback/calado_maximo_operacional_2018/20200814132526.html;wayback/calado_maximo_operacional_2018/20201024141308.html;wayback/calados_operacionais_2021/20210116144927.html;wayback/calados_operacionais_2021/20210302013408.html;wayback/calados_operacionais_2021/20210419060037.html;wayback/calados_operacionais_2021/20210510223144.html;wayback/calados_operacionais_2021/20210511012409.html;wayback/calados_operacionais_2021/20210726231527.html;wayback/calados_operacionais_2021/20210730012955.html;wayback/calados_operacionais_2021/20210917162725.html;wayback/calados_operacionais_2021/20211018234425.html;wayback/calados_operacionais_2021/20220123062521.html;wayback/calados_operacionais_2021/20220126142321.html;wayback/calados_operacionais_2021/20220303061338.html;wayback/calados_operacionais_2021/20220701080245.html;wayback/calados_operacionais_2021/20220815190641.html,,,,,,,,II,,,10.0
berco,OUTEIRINHOS 01(MB),14.0,14.3,,,,OUTEIRINHOS 01(MB),20230330203418,20261002000000,12,20220815190641,,"247,250,253,254,255,259,260,266,268,271",2022-09-06,C,wayback/calados_operacionais_2021/20230330203418.html;wayback/calados_operacionais_2021/20231204100812.html;wayback/calados_operacionais_2021/20240415123629.html;wayback/calados_operacionais_2021/20240917021223.html;wayback/calados_operacionais_2021/20250125025207.html;wayback/calados_operacionais_2021/20250516013825.html;wayback/calados_operacionais_2021/20250622213429.html;wayback/calados_operacionais_2021/20251205213245.html;wayback/calados_operacionais_2021/20260314084447.html;wayback/calados_operacionais_2021/20260617163833.html;fase0/20260930_calados_operacionais.html;atual/20261002_calados_operacionais.html,,,16/07/22; 12/08/24,,,,15.0,II,,,10.0
berco,OUTEIRINHOS 02(MB),13.5,14.5,,,,OUTEIRINHOS 02(MB) (4),20231204100812,20240917021223,3,,20250125025207,"250,253,254",2023-08-18,C,wayback/calados_operacionais_2021/20231204100812.html;wayback/calados_operacionais_2021/20240415123629.html;wayback/calados_operacionais_2021/20240917021223.html,,,15/05/23,,,,15.0,II,6; 5; 4,,10.0
berco,OUTEIRINHOS 02(MB),14.2,14.5,,,,OUTEIRINHOS 02(MB),20250125025207,20261002000000,8,20240917021223,,"255,259,260,266,268,271",2024-09-13,C,wayback/calados_operacionais_2021/20250125025207.html;wayback/calados_operacionais_2021/20250516013825.html;wayback/calados_operacionais_2021/20250622213429.html;wayback/calados_operacionais_2021/20251205213245.html;wayback/calados_operacionais_2021/20260314084447.html;wayback/calados_operacionais_2021/20260617163833.html;fase0/20260930_calados_operacionais.html;atual/20261002_calados_operacionais.html,,,09/08/24; 19/03/25; 11/06/25; 01/12/25; 05/02/26,,,,15.0,II,,,10.0
berco,OUTEIRINHOS 02(MB) *,13.2,14.2,,,,OUTEIRINHOS 02(MB) *,20191004100011,20201024141308,6,,,"221,228,230,233,234",2019-07-16,C,wayback/calado_maximo_operacional_2018/20191004100011.html;wayback/calado_maximo_operacional_2018/20200614202932.html;wayback/calado_maximo_operacional_2018/20200708204409.html;wayback/calado_maximo_operacional_2018/20200709003858.html;wayback/calado_maximo_operacional_2018/20200814132526.html;wayback/calado_maximo_operacional_2018/20201024141308.html,,,,,,,,II,,,10.0
berco,OUTEIRINHOS 02(MB) ³,13.2,14.2,,,,OUTEIRINHOS 02(MB) ³,20210116144927,20210116144927,1,,20210302013408,238,2021-01-05,C,wayback/calados_operacionais_2021/20210116144927.html,,,,,,,,II,,,10.0
berco,OUTEIRINHOS 02(MB) ³,12.9,13.9,,,,OUTEIRINHOS 02(MB) ³,20210302013408,20210917162725,7,20210116144927,20211018234425,"239,242",2021-01-29,C,wayback/calados_operacionais_2021/20210302013408.html;wayback/calados_operacionais_2021/20210419060037.html;wayback/calados_operacionais_2021/20210510223144.html;wayback/calados_operacionais_2021/20210511012409.html;wayback/calados_operacionais_2021/20210726231527.html;wayback/calados_operacionais_2021/20210730012955.html;wayback/calados_operacionais_2021/20210917162725.html,,,,,,,,II,,,10.0
berco,OUTEIRINHOS 02(MB) ³,13.5,14.5,,,,OUTEIRINHOS 02(MB) ³,20211018234425,20230330203418,7,20210917162725,,"242,244,245,247",2021-05-31,C,wayback/calados_operacionais_2021/20211018234425.html;wayback/calados_operacionais_2021/20220123062521.html;wayback/calados_operacionais_2021/20220126142321.html;wayback/calados_operacionais_2021/20220303061338.html;wayback/calados_operacionais_2021/20220701080245.html;wayback/calados_operacionais_2021/20220815190641.html;wayback/calados_operacionais_2021/20230330203418.html,,,09/06/22,,,,,II,,,10.0
berco,OUTEIRINHOS 03,13.5,14.5,,,,OUTEIRINHOS 03 (5),20231204100812,20261002000000,11,,,"250,253,254,255,259,260,266,268,271",2023-08-18,C,wayback/calados_operacionais_2021/20231204100812.html;wayback/calados_operacionais_2021/20240415123629.html;wayback/calados_operacionais_2021/20240917021223.html;wayback/calados_operacionais_2021/20250125025207.html;wayback/calados_operacionais_2021/20250516013825.html;wayback/calados_operacionais_2021/20250622213429.html;wayback/calados_operacionais_2021/20251205213245.html;wayback/calados_operacionais_2021/20260314084447.html;wayback/calados_operacionais_2021/20260617163833.html;fase0/20260930_calados_operacionais.html;atual/20261002_calados_operacionais.html,,,24/05/22; 06/10/23; 07/05/24; 30/01/25; 15/07/25,,,,15.0,II,6; 5; 4,,5.0
berco,OUTEIRINHOS 03 *,12.9,13.9,,,,OUTEIRINHOS 03 *,20191004100011,20201024141308,6,,,"221,228,230,233,234",2019-07-16,C,wayback/calado_maximo_operacional_2018/20191004100011.html;wayback/calado_maximo_operacional_2018/20200614202932.html;wayback/calado_maximo_operacional_2018/20200708204409.html;wayback/calado_maximo_operacional_2018/20200709003858.html;wayback/calado_maximo_operacional_2018/20200814132526.html;wayback/calado_maximo_operacional_2018/20201024141308.html,,,,,,,,II,,,54.0
berco,OUTEIRINHOS 03 ³,12.9,13.9,,,,OUTEIRINHOS 03 ³,20210116144927,20210917162725,8,,20211018234425,"238,239,242",2021-01-05,C,wayback/calados_operacionais_2021/20210116144927.html;wayback/calados_operacionais_2021/20210302013408.html;wayback/calados_operacionais_2021/20210419060037.html;wayback/calados_operacionais_2021/20210510223144.html;wayback/calados_operacionais_2021/20210511012409.html;wayback/calados_operacionais_2021/20210726231527.html;wayback/calados_operacionais_2021/20210730012955.html;wayback/calados_operacionais_2021/20210917162725.html,,,,,,,,II,,,5.0
berco,OUTEIRINHOS 03 ³,13.5,14.5,,,,OUTEIRINHOS 03 ³,20211018234425,20230330203418,7,20210917162725,,"242,244,245,247",2021-05-31,C,wayback/calados_operacionais_2021/20211018234425.html;wayback/calados_operacionais_2021/20220123062521.html;wayback/calados_operacionais_2021/20220126142321.html;wayback/calados_operacionais_2021/20220303061338.html;wayback/calados_operacionais_2021/20220701080245.html;wayback/calados_operacionais_2021/20220815190641.html;wayback/calados_operacionais_2021/20230330203418.html,,,24/05/22,,,,,II,,,5.0
berco,TEAG,12.7,13.7,,,,TEAG (4),20231204100812,20250125025207,4,,20250516013825,"250,253,254,255",2023-08-18,C,wayback/calados_operacionais_2021/20231204100812.html;wayback/calados_operacionais_2021/20240415123629.html;wayback/calados_operacionais_2021/20240917021223.html;wayback/calados_operacionais_2021/20250125025207.html,,,30/05/22; 03/02/24; 10/07/24,,,,13.0,II,6; 5; 4,,74.0
berco,TEAG,12.8,13.8,,,,TEAG (5),20250516013825,20261002000000,7,20250125025207,,"259,260,266,268,271",2025-04-25,C,wayback/calados_operacionais_2021/20250516013825.html;wayback/calados_operacionais_2021/20250622213429.html;wayback/calados_operacionais_2021/20251205213245.html;wayback/calados_operacionais_2021/20260314084447.html;wayback/calados_operacionais_2021/20260617163833.html;fase0/20260930_calados_operacionais.html;atual/20261002_calados_operacionais.html,,,29/01/25; 29/09/25; 20/01/26,,,,13.0,II,4; 5,,74.0
berco,TEAG *,13.1,14.1,,,,TEAG *,20191004100011,20201024141308,6,,,"221,228,230,233,234",2019-07-16,C,wayback/calado_maximo_operacional_2018/20191004100011.html;wayback/calado_maximo_operacional_2018/20200614202932.html;wayback/calado_maximo_operacional_2018/20200708204409.html;wayback/calado_maximo_operacional_2018/20200709003858.html;wayback/calado_maximo_operacional_2018/20200814132526.html;wayback/calado_maximo_operacional_2018/20201024141308.html,,,,,,,,II,,,74.0
berco,TEAG ³,13.1,14.1,,,,TEAG ³,20210116144927,20210116144927,1,,20210302013408,238,2021-01-05,C,wayback/calados_operacionais_2021/20210116144927.html,,,,,,,,II,,,74.0
berco,TEAG ³,12.7,13.7,,,,TEAG ³,20210302013408,20230330203418,14,20210116144927,,"239,242,244,245,247",2021-01-29,C,wayback/calados_operacionais_2021/20210302013408.html;wayback/calados_operacionais_2021/20210419060037.html;wayback/calados_operacionais_2021/20210510223144.html;wayback/calados_operacionais_2021/20210511012409.html;wayback/calados_operacionais_2021/20210726231527.html;wayback/calados_operacionais_2021/20210730012955.html;wayback/calados_operacionais_2021/20210917162725.html;wayback/calados_operacionais_2021/20211018234425.html;wayback/calados_operacionais_2021/20220123062521.html;wayback/calados_operacionais_2021/20220126142321.html;wayback/calados_operacionais_2021/20220303061338.html;wayback/calados_operacionais_2021/20220701080245.html;wayback/calados_operacionais_2021/20220815190641.html;wayback/calados_operacionais_2021/20230330203418.html,,,30/05/22,,,,,II,,,74.0
berco,TECON 1,13.7,14.0,,,,TECON 1,20191004100011,20201024141308,6,,20210116144927,"221,228,230,233,234",2019-07-16,C,wayback/calado_maximo_operacional_2018/20191004100011.html;wayback/calado_maximo_operacional_2018/20200614202932.html;wayback/calado_maximo_operacional_2018/20200708204409.html;wayback/calado_maximo_operacional_2018/20200709003858.html;wayback/calado_maximo_operacional_2018/20200814132526.html;wayback/calado_maximo_operacional_2018/20201024141308.html,,,,,,,,II,,,45.0
berco,TECON 1,13.8,14.1,,,,TECON 1,20210116144927,20231204100812,16,20201024141308,,"238,239,242,244,245,247,250",2021-01-05,C,wayback/calados_operacionais_2021/20210116144927.html;wayback/calados_operacionais_2021/20210302013408.html;wayback/calados_operacionais_2021/20210419060037.html;wayback/calados_operacionais_2021/20210510223144.html;wayback/calados_operacionais_2021/20210511012409.html;wayback/calados_operacionais_2021/20210726231527.html;wayback/calados_operacionais_2021/20210730012955.html;wayback/calados_operacionais_2021/20210917162725.html;wayback/calados_operacionais_2021/20211018234425.html;wayback/calados_operacionais_2021/20220123062521.html;wayback/calados_operacionais_2021/20220126142321.html;wayback/calados_operacionais_2021/20220303061338.html;wayback/calados_operacionais_2021/20220701080245.html;wayback/calados_operacionais_2021/20220815190641.html;wayback/calados_operacionais_2021/20230330203418.html;wayback/calados_operacionais_2021/20231204100812.html,,,09/06/22; 14/06/23,,,,,II,,,45.0
berco,TECON 1.1,14.2,14.5,,,,TECON 1.1,20240415123629,20261002000000,10,,,"253,254,255,259,260,266,268,271",2024-04-02,C,wayback/calados_operacionais_2021/20240415123629.html;wayback/calados_operacionais_2021/20240917021223.html;wayback/calados_operacionais_2021/20250125025207.html;wayback/calados_operacionais_2021/20250516013825.html;wayback/calados_operacionais_2021/20250622213429.html;wayback/calados_operacionais_2021/20251205213245.html;wayback/calados_operacionais_2021/20260314084447.html;wayback/calados_operacionais_2021/20260617163833.html;fase0/20260930_calados_operacionais.html;atual/20261002_calados_operacionais.html,,,19/02/24; 01/07/24; 04/04/25; 29/07/25; 01/04/26,,,,16.0,II,,,20.0
berco,TECON 1.2,14.2,14.5,,,,TECON 1.2,20240415123629,20261002000000,10,,,"253,254,255,259,260,266,268,271",2024-04-02,C,wayback/calados_operacionais_2021/20240415123629.html;wayback/calados_operacionais_2021/20240917021223.html;wayback/calados_operacionais_2021/20250125025207.html;wayback/calados_operacionais_2021/20250516013825.html;wayback/calados_operacionais_2021/20250622213429.html;wayback/calados_operacionais_2021/20251205213245.html;wayback/calados_operacionais_2021/20260314084447.html;wayback/calados_operacionais_2021/20260617163833.html;fase0/20260930_calados_operacionais.html;atual/20261002_calados_operacionais.html,,,14/02/24; 11/07/24; 14/01/25; 15/07/25; 01/12/25; 01/04/26,,,,16.0,II,,,45.0
berco,TECON 2,13.6,13.9,,,,TECON 2,20191004100011,20200614202932,2,,20200614202932,"221,228",2019-07-16,C,wayback/calado_maximo_operacional_2018/20191004100011.html;wayback/calado_maximo_operacional_2018/20200614202932.html,,,,,,,,II,,,83.0
berco,TECON 2,13.4,13.7,,,,TECON 2,20200614202932,20200614202932,1,20200614202932,20200614202932,228,2020-06-04,C,wayback/calado_maximo_operacional_2018/20200614202932.html,,,,,,,,II,,,83.0
berco,TECON 2,13.6,13.9,,,,TECON 2,20200614202932,20200614202932,1,20200614202932,20200708204409,228,2020-06-04,C,wayback/calado_maximo_operacional_2018/20200614202932.html,,,,,,,,II,,,83.0
berco,TECON 2,13.5,13.8,,,,TECON 2,20200708204409,20201024141308,4,20200614202932,20210116144927,"230,233,234",2020-07-01,C,wayback/calado_maximo_operacional_2018/20200708204409.html;wayback/calado_maximo_operacional_2018/20200709003858.html;wayback/calado_maximo_operacional_2018/20200814132526.html;wayback/calado_maximo_operacional_2018/20201024141308.html,,,,,,,,II,,,83.0
berco,TECON 2,14.2,14.5,,,,TECON 2,20210116144927,20261002000000,26,20201024141308,,"238,239,242,244,245,247,250,253,254,255,259,260,266,268,271",2021-01-05,C,wayback/calados_operacionais_2021/20210116144927.html;wayback/calados_operacionais_2021/20210302013408.html;wayback/calados_operacionais_2021/20210419060037.html;wayback/calados_operacionais_2021/20210510223144.html;wayback/calados_operacionais_2021/20210511012409.html;wayback/calados_operacionais_2021/20210726231527.html;wayback/calados_operacionais_2021/20210730012955.html;wayback/calados_operacionais_2021/20210917162725.html;wayback/calados_operacionais_2021/20211018234425.html;wayback/calados_operacionais_2021/20220123062521.html;wayback/calados_operacionais_2021/20220126142321.html;wayback/calados_operacionais_2021/20220303061338.html;wayback/calados_operacionais_2021/20220701080245.html;wayback/calados_operacionais_2021/20220815190641.html;wayback/calados_operacionais_2021/20230330203418.html;wayback/calados_operacionais_2021/20231204100812.html;wayback/calados_operacionais_2021/20240415123629.html;wayback/calados_operacionais_2021/20240917021223.html;wayback/calados_operacionais_2021/20250125025207.html;wayback/calados_operacionais_2021/20250516013825.html;wayback/calados_operacionais_2021/20250622213429.html;wayback/calados_operacionais_2021/20251205213245.html;wayback/calados_operacionais_2021/20260314084447.html;wayback/calados_operacionais_2021/20260617163833.html;fase0/20260930_calados_operacionais.html;atual/20261002_calados_operacionais.html,,,09/06/22; 26/06/23; 22/03/24; 07/07/24; 07/02/25; 24/08/25; 27/02/26,,,,15.0,II,,,83.0; 67.0
berco,TECON 3,14.2,14.5,,,,TECON 3,20191004100011,20261002000000,32,,,"221,228,230,233,234,238,239,242,244,245,247,250,253,254,255,259,260,266,268,271",2019-07-16,C,wayback/calado_maximo_operacional_2018/20191004100011.html;wayback/calado_maximo_operacional_2018/20200614202932.html;wayback/calado_maximo_operacional_2018/20200708204409.html;wayback/calado_maximo_operacional_2018/20200709003858.html;wayback/calado_maximo_operacional_2018/20200814132526.html;wayback/calado_maximo_operacional_2018/20201024141308.html;wayback/calados_operacionais_2021/20210116144927.html;wayback/calados_operacionais_2021/20210302013408.html;wayback/calados_operacionais_2021/20210419060037.html;wayback/calados_operacionais_2021/20210510223144.html;wayback/calados_operacionais_2021/20210511012409.html;wayback/calados_operacionais_2021/20210726231527.html;wayback/calados_operacionais_2021/20210730012955.html;wayback/calados_operacionais_2021/20210917162725.html;wayback/calados_operacionais_2021/20211018234425.html;wayback/calados_operacionais_2021/20220123062521.html;wayback/calados_operacionais_2021/20220126142321.html;wayback/calados_operacionais_2021/20220303061338.html;wayback/calados_operacionais_2021/20220701080245.html;wayback/calados_operacionais_2021/20220815190641.html;wayback/calados_operacionais_2021/20230330203418.html;wayback/calados_operacionais_2021/20231204100812.html;wayback/calados_operacionais_2021/20240415123629.html;wayback/calados_operacionais_2021/20240917021223.html;wayback/calados_operacionais_2021/20250125025207.html;wayback/calados_operacionais_2021/20250516013825.html;wayback/calados_operacionais_2021/20250622213429.html;wayback/calados_operacionais_2021/20251205213245.html;wayback/calados_operacionais_2021/20260314084447.html;wayback/calados_operacionais_2021/20260617163833.html;fase0/20260930_calados_operacionais.html;atual/20261002_calados_operacionais.html,,,14/06/22; 29/02/24; 26/06/24; 18/12/24; 19/08/25; 26/11/25; 01/04/26,,,,15.0,II,,,50.0; 66.0
berco,TEG,13.0,14.0,,,,TEG (5),20231204100812,20261002000000,11,,,"250,253,254,255,259,260,266,268,271",2023-08-18,C,wayback/calados_operacionais_2021/20231204100812.html;wayback/calados_operacionais_2021/20240415123629.html;wayback/calados_operacionais_2021/20240917021223.html;wayback/calados_operacionais_2021/20250125025207.html;wayback/calados_operacionais_2021/20250516013825.html;wayback/calados_operacionais_2021/20250622213429.html;wayback/calados_operacionais_2021/20251205213245.html;wayback/calados_operacionais_2021/20260314084447.html;wayback/calados_operacionais_2021/20260617163833.html;fase0/20260930_calados_operacionais.html;atual/20261002_calados_operacionais.html,,,25/08/21; 06/05/24; 13/01/25; 10/10/25,,,,13.0,II,6; 5; 4,,68.0
berco,TEG *,13.0,14.0,,,,TEG *,20191004100011,20201024141308,6,,,"221,228,230,233,234",2019-07-16,C,wayback/calado_maximo_operacional_2018/20191004100011.html;wayback/calado_maximo_operacional_2018/20200614202932.html;wayback/calado_maximo_operacional_2018/20200708204409.html;wayback/calado_maximo_operacional_2018/20200709003858.html;wayback/calado_maximo_operacional_2018/20200814132526.html;wayback/calado_maximo_operacional_2018/20201024141308.html,,,,,,,,II,,,68.0
berco,TEG ³,13.0,14.0,,,,TEG ³,20210116144927,20230330203418,15,,,"238,239,242,244,245,247",2021-01-05,C,wayback/calados_operacionais_2021/20210116144927.html;wayback/calados_operacionais_2021/20210302013408.html;wayback/calados_operacionais_2021/20210419060037.html;wayback/calados_operacionais_2021/20210510223144.html;wayback/calados_operacionais_2021/20210511012409.html;wayback/calados_operacionais_2021/20210726231527.html;wayback/calados_operacionais_2021/20210730012955.html;wayback/calados_operacionais_2021/20210917162725.html;wayback/calados_operacionais_2021/20211018234425.html;wayback/calados_operacionais_2021/20220123062521.html;wayback/calados_operacionais_2021/20220126142321.html;wayback/calados_operacionais_2021/20220303061338.html;wayback/calados_operacionais_2021/20220701080245.html;wayback/calados_operacionais_2021/20220815190641.html;wayback/calados_operacionais_2021/20230330203418.html,,,25/08/21,,,,,II,,,68.0
berco,TERMAG,13.7,14.0,,,,TERMAG,20191004100011,20210917162725,14,,20211018234425,"221,228,230,233,234,238,239,242",2019-07-16,C,wayback/calado_maximo_operacional_2018/20191004100011.html;wayback/calado_maximo_operacional_2018/20200614202932.html;wayback/calado_maximo_operacional_2018/20200708204409.html;wayback/calado_maximo_operacional_2018/20200709003858.html;wayback/calado_maximo_operacional_2018/20200814132526.html;wayback/calado_maximo_operacional_2018/20201024141308.html;wayback/calados_operacionais_2021/20210116144927.html;wayback/calados_operacionais_2021/20210302013408.html;wayback/calados_operacionais_2021/20210419060037.html;wayback/calados_operacionais_2021/20210510223144.html;wayback/calados_operacionais_2021/20210511012409.html;wayback/calados_operacionais_2021/20210726231527.html;wayback/calados_operacionais_2021/20210730012955.html;wayback/calados_operacionais_2021/20210917162725.html,,,,,,,,II,,,77.0
berco,TERMAG,13.9,14.2,,,,TERMAG,20211018234425,20230330203418,7,20210917162725,20231204100812,"242,244,245,247",2021-05-31,C,wayback/calados_operacionais_2021/20211018234425.html;wayback/calados_operacionais_2021/20220123062521.html;wayback/calados_operacionais_2021/20220126142321.html;wayback/calados_operacionais_2021/20220303061338.html;wayback/calados_operacionais_2021/20220701080245.html;wayback/calados_operacionais_2021/20220815190641.html;wayback/calados_operacionais_2021/20230330203418.html,,,29/07/21,,,,,II,,,77.0
berco,TERMAG,,,,,,TERMAG,20231204100812,20231204100812,1,20230330203418,20240415123629,250,2023-08-18,C,wayback/calados_operacionais_2021/20231204100812.html,,,20/05/23,,,,,II,"5,5",(5),77.0
berco,TERMAG,,,,,,TERMAG,20240415123629,20260314084447,7,20231204100812,20260617163833,"253,254,255,259,260,266,268",2024-04-02,C,wayback/calados_operacionais_2021/20240415123629.html;wayback/calados_operacionais_2021/20240917021223.html;wayback/calados_operacionais_2021/20250125025207.html;wayback/calados_operacionais_2021/20250516013825.html;wayback/calados_operacionais_2021/20250622213429.html;wayback/calados_operacionais_2021/20251205213245.html;wayback/calados_operacionais_2021/20260314084447.html,,,20/05/23; 28/04/24; 14/02/25; 04/10/25,,,,14.2,II,"4,4",(4),77.0
berco,TERMAG,13.9,14.2,,,,TERMAG,20260617163833,20261002000000,3,20260314084447,,271,2026-04-30,C,wayback/calados_operacionais_2021/20260617163833.html;fase0/20260930_calados_operacionais.html;atual/20261002_calados_operacionais.html,,,10/04/26,,,,14.2,II,,,77.0
berco,TEV,10.2,10.5,,,,TEV,20191004100011,20191004100011,1,,20191004100011,221,2019-07-16,C,wayback/calado_maximo_operacional_2018/20191004100011.html,,,,,,,,II,,,10.0
berco,TEV,12.9,13.2,,,,TEV,20191004100011,20191004100011,1,20191004100011,20200614202932,221,2019-07-16,C,wayback/calado_maximo_operacional_2018/20191004100011.html,,,,,,,,II,,,90.0
berco,TEV,10.2,10.5,,,,TEV,20200614202932,20200614202932,1,20191004100011,20200614202932,228,2020-06-04,C,wayback/calado_maximo_operacional_2018/20200614202932.html,,,,,,,,II,,,10.0
berco,TEV,12.9,13.2,,,,TEV,20200614202932,20200614202932,1,20200614202932,20200708204409,228,2020-06-04,C,wayback/calado_maximo_operacional_2018/20200614202932.html,,,,,,,,II,,,90.0
berco,TEV,10.2,10.5,,,,TEV,20200708204409,20200708204409,1,20200614202932,20200708204409,230,2020-07-01,C,wayback/calado_maximo_operacional_2018/20200708204409.html,,,,,,,,II,,,10.0
berco,TEV,12.9,13.2,,,,TEV,20200708204409,20200708204409,1,20200708204409,20200709003858,230,2020-07-01,C,wayback/calado_maximo_operacional_2018/20200708204409.html,,,,,,,,II,,,90.0
berco,TEV,10.2,10.5,,,,TEV,20200709003858,20200709003858,1,20200708204409,20200709003858,230,2020-07-01,C,wayback/calado_maximo_operacional_2018/20200709003858.html,,,,,,,,II,,,10.0
berco,TEV,12.9,13.2,,,,TEV,20200709003858,20200709003858,1,20200709003858,20200814132526,230,2020-07-01,C,wayback/calado_maximo_operacional_2018/20200709003858.html,,,,,,,,II,,,90.0
berco,TEV,10.2,10.5,,,,TEV,20200814132526,20200814132526,1,20200709003858,20200814132526,233,2020-08-06,C,wayback/calado_maximo_operacional_2018/20200814132526.html,,,,,,,,II,,,10.0
berco,TEV,12.9,13.2,,,,TEV,20200814132526,20200814132526,1,20200814132526,20201024141308,233,2020-08-06,C,wayback/calado_maximo_operacional_2018/20200814132526.html,,,,,,,,II,,,90.0
berco,TEV,10.2,10.5,,,,TEV,20201024141308,20201024141308,1,20200814132526,20201024141308,234,2020-08-17,C,wayback/calado_maximo_operacional_2018/20201024141308.html,,,,,,,,II,,,10.0
berco,TEV,12.9,13.2,,,,TEV,20201024141308,20201024141308,1,20201024141308,20210116144927,234,2020-08-17,C,wayback/calado_maximo_operacional_2018/20201024141308.html,,,,,,,,II,,,90.0
berco,TEV,10.2,10.5,,,,TEV,20210116144927,20210116144927,1,20201024141308,20210116144927,238,2021-01-05,C,wayback/calados_operacionais_2021/20210116144927.html,,,,,,,,II,,,10.0
berco,TEV,12.9,13.2,,,,TEV,20210116144927,20210116144927,1,20210116144927,20210302013408,238,2021-01-05,C,wayback/calados_operacionais_2021/20210116144927.html,,,,,,,,II,,,90.0
berco,TEV,13.4,13.7,,,,TEV,20210302013408,20210511012409,4,20210116144927,20210726231527,239,2021-01-29,C,wayback/calados_operacionais_2021/20210302013408.html;wayback/calados_operacionais_2021/20210419060037.html;wayback/calados_operacionais_2021/20210510223144.html;wayback/calados_operacionais_2021/20210511012409.html,,,,,,,,II,,,12.0
berco,TEV,,,,,,TEV,20210726231527,20210917162725,3,20210511012409,20211018234425,242,2021-05-31,C,wayback/calados_operacionais_2021/20210726231527.html;wayback/calados_operacionais_2021/20210730012955.html;wayback/calados_operacionais_2021/20210917162725.html,,,,,,,,II,"4,4",(4),12.0
berco,TEV,13.4,13.7,,,,TEV,20211018234425,20220815190641,6,20210917162725,20230330203418,"242,244,245",2021-05-31,C,wayback/calados_operacionais_2021/20211018234425.html;wayback/calados_operacionais_2021/20220123062521.html;wayback/calados_operacionais_2021/20220126142321.html;wayback/calados_operacionais_2021/20220303061338.html;wayback/calados_operacionais_2021/20220701080245.html;wayback/calados_operacionais_2021/20220815190641.html,,,,,,,,II,,,12.0
berco,TEV,12.6,12.9,,,,TEV,20230330203418,20231204100812,2,20220815190641,20240415123629,"247,250",2022-09-06,C,wayback/calados_operacionais_2021/20230330203418.html;wayback/calados_operacionais_2021/20231204100812.html,,,30/06/22; 28/03/23,,,,,II,,,12.0
berco,TEV,14.2,14.5,,,,TEV,20240415123629,20261002000000,10,20231204100812,,"253,254,255,259,260,266,268,271",2024-04-02,C,wayback/calados_operacionais_2021/20240415123629.html;wayback/calados_operacionais_2021/20240917021223.html;wayback/calados_operacionais_2021/20250125025207.html;wayback/calados_operacionais_2021/20250516013825.html;wayback/calados_operacionais_2021/20250622213429.html;wayback/calados_operacionais_2021/20251205213245.html;wayback/calados_operacionais_2021/20260314084447.html;wayback/calados_operacionais_2021/20260617163833.html;fase0/20260930_calados_operacionais.html;atual/20261002_calados_operacionais.html,,,10/03/24; 28/06/24; 07/04/25; 05/08/25; 14/03/26,,,,16.0,II,,,10.0
berco,TEV 2,12.6,12.9,,,,TEV 2,20230330203418,20231204100812,2,,,"247,250",2022-09-06,C,wayback/calados_operacionais_2021/20230330203418.html;wayback/calados_operacionais_2021/20231204100812.html,,,20/09/22,,,,,II,,,10.0
berco,TGG,13.2,14.2,,,,TGG (5),20231204100812,20240415123629,2,,20240917021223,"250,253",2023-08-18,C,wayback/calados_operacionais_2021/20231204100812.html;wayback/calados_operacionais_2021/20240415123629.html,,,28/07/22,,,,14.2,II,6; 5,,77.0
berco,TGG,13.4,14.4,,,,TGG (5),20240917021223,20261002000000,9,20240415123629,,"254,255,259,260,266,268,271",2024-04-02,C,wayback/calados_operacionais_2021/20240917021223.html;wayback/calados_operacionais_2021/20250125025207.html;wayback/calados_operacionais_2021/20250516013825.html;wayback/calados_operacionais_2021/20250622213429.html;wayback/calados_operacionais_2021/20251205213245.html;wayback/calados_operacionais_2021/20260314084447.html;wayback/calados_operacionais_2021/20260617163833.html;fase0/20260930_calados_operacionais.html;atual/20261002_calados_operacionais.html,,,10/04/24; 24/01/25; 19/09/25,,,,14.2,II,4; 5,,77.0
berco,TGG *,13.3,14.3,,,,TGG *,20191004100011,20201024141308,6,,,"221,228,230,233,234",2019-07-16,C,wayback/calado_maximo_operacional_2018/20191004100011.html;wayback/calado_maximo_operacional_2018/20200614202932.html;wayback/calado_maximo_operacional_2018/20200708204409.html;wayback/calado_maximo_operacional_2018/20200709003858.html;wayback/calado_maximo_operacional_2018/20200814132526.html;wayback/calado_maximo_operacional_2018/20201024141308.html,,,,,,,,II,,,77.0
berco,TGG ³,13.3,14.3,,,,TGG ³,20210116144927,20220126142321,11,,20220303061338,"238,239,242,244",2021-01-05,C,wayback/calados_operacionais_2021/20210116144927.html;wayback/calados_operacionais_2021/20210302013408.html;wayback/calados_operacionais_2021/20210419060037.html;wayback/calados_operacionais_2021/20210510223144.html;wayback/calados_operacionais_2021/20210511012409.html;wayback/calados_operacionais_2021/20210726231527.html;wayback/calados_operacionais_2021/20210730012955.html;wayback/calados_operacionais_2021/20210917162725.html;wayback/calados_operacionais_2021/20211018234425.html;wayback/calados_operacionais_2021/20220123062521.html;wayback/calados_operacionais_2021/20220126142321.html,,,,,,,,II,,,77.0
berco,TGG ³,12.8,13.8,,,,TGG ³,20220303061338,20220815190641,3,20220126142321,20230330203418,245,2022-02-01,C,wayback/calados_operacionais_2021/20220303061338.html;wayback/calados_operacionais_2021/20220701080245.html;wayback/calados_operacionais_2021/20220815190641.html,,,,,,,,II,,,77.0
berco,TGG ³,13.2,14.2,,,,TGG ³,20230330203418,20230330203418,1,20220815190641,,247,2022-09-06,C,wayback/calados_operacionais_2021/20230330203418.html,,,28/07/22,,,,,II,,,77.0
berco,VALONGO,13.4,13.7,,,,VALONGO,20191004100011,20261002000000,32,,,"221,228,230,233,234,238,239,242,244,245,247,250,253,254,255,259,260,266,268,271",2019-07-16,C,wayback/calado_maximo_operacional_2018/20191004100011.html;wayback/calado_maximo_operacional_2018/20200614202932.html;wayback/calado_maximo_operacional_2018/20200708204409.html;wayback/calado_maximo_operacional_2018/20200709003858.html;wayback/calado_maximo_operacional_2018/20200814132526.html;wayback/calado_maximo_operacional_2018/20201024141308.html;wayback/calados_operacionais_2021/20210116144927.html;wayback/calados_operacionais_2021/20210302013408.html;wayback/calados_operacionais_2021/20210419060037.html;wayback/calados_operacionais_2021/20210510223144.html;wayback/calados_operacionais_2021/20210511012409.html;wayback/calados_operacionais_2021/20210726231527.html;wayback/calados_operacionais_2021/20210730012955.html;wayback/calados_operacionais_2021/20210917162725.html;wayback/calados_operacionais_2021/20211018234425.html;wayback/calados_operacionais_2021/20220123062521.html;wayback/calados_operacionais_2021/20220126142321.html;wayback/calados_operacionais_2021/20220303061338.html;wayback/calados_operacionais_2021/20220701080245.html;wayback/calados_operacionais_2021/20220815190641.html;wayback/calados_operacionais_2021/20230330203418.html;wayback/calados_operacionais_2021/20231204100812.html;wayback/calados_operacionais_2021/20240415123629.html;wayback/calados_operacionais_2021/20240917021223.html;wayback/calados_operacionais_2021/20250125025207.html;wayback/calados_operacionais_2021/20250516013825.html;wayback/calados_operacionais_2021/20250622213429.html;wayback/calados_operacionais_2021/20251205213245.html;wayback/calados_operacionais_2021/20260314084447.html;wayback/calados_operacionais_2021/20260617163833.html;fase0/20260930_calados_operacionais.html;atual/20261002_calados_operacionais.html,,,12/06/21; 12/04/23; 26/03/24; 08/07/24; 26/11/24; 11/07/25; 08/04/26,,,,15.0,IV,,,20.0
berco_regra_especial,ARM-12 :: ARM-12,9.1,10.1,,,,"ARM-12 | S/ Defensas | Boreste | 9,10 | 10,10",20210116144927,20210116144927,1,,20210116144927,238,2021-01-05,C,wayback/calados_operacionais_2021/20210116144927.html,,,,,,,,,,,
berco_regra_especial,ARM-12 :: ARM-12,12.2,13.2,,,,"ARM-12 | C/ Defensas ≥5,0 m | Boreste | 12,20 | 13,20",20210116144927,20210116144927,1,20210116144927,20210302013408,238,2021-01-05,C,wayback/calados_operacionais_2021/20210116144927.html,,,,,,,,,,,
berco_regra_especial,ARM-12 :: ARM-12,9.1,10.1,,,,"ARM-12 | S/ Defensas | Boreste | 9,10 | 10,10",20210302013408,20210302013408,1,20210116144927,20210302013408,239,2021-01-29,C,wayback/calados_operacionais_2021/20210302013408.html,,,,,,,,,,,
berco_regra_especial,ARM-12 :: ARM-12,12.4,13.4,,,,"ARM-12 | C/ Defensas ≥5,0 m | Boreste | 12,40 | 13,40",20210302013408,20210302013408,1,20210302013408,20210419060037,239,2021-01-29,C,wayback/calados_operacionais_2021/20210302013408.html,,,,,,,,,,,
berco_regra_especial,ARM-12 :: ARM-12,9.1,10.1,,,,"ARM-12 | S/ Defensas | Boreste | 9,10 | 10,10",20210419060037,20210419060037,1,20210302013408,20210419060037,239,2021-01-29,C,wayback/calados_operacionais_2021/20210419060037.html,,,,,,,,,,,
berco_regra_especial,ARM-12 :: ARM-12,12.4,13.4,,,,"ARM-12 | C/ Defensas ≥5,0 m | Boreste | 12,40 | 13,40",20210419060037,20210419060037,1,20210419060037,20210510223144,239,2021-01-29,C,wayback/calados_operacionais_2021/20210419060037.html,,,,,,,,,,,
berco_regra_especial,ARM-12 :: ARM-12,9.1,10.1,,,,"ARM-12 | S/ Defensas | Boreste | 9,10 | 10,10",20210510223144,20210510223144,1,20210419060037,20210510223144,239,2021-01-29,C,wayback/calados_operacionais_2021/20210510223144.html,,,,,,,,,,,
berco_regra_especial,ARM-12 :: ARM-12,12.4,13.4,,,,"ARM-12 | C/ Defensas ≥5,0 m | Boreste | 12,40 | 13,40",20210510223144,20210510223144,1,20210510223144,20210511012409,239,2021-01-29,C,wayback/calados_operacionais_2021/20210510223144.html,,,,,,,,,,,
berco_regra_especial,ARM-12 :: ARM-12,9.1,10.1,,,,"ARM-12 | S/ Defensas | Boreste | 9,10 | 10,10",20210511012409,20210511012409,1,20210510223144,20210511012409,239,2021-01-29,C,wayback/calados_operacionais_2021/20210511012409.html,,,,,,,,,,,
berco_regra_especial,ARM-12 :: ARM-12,12.4,13.4,,,,"ARM-12 | C/ Defensas ≥5,0 m | Boreste | 12,40 | 13,40",20210511012409,20210511012409,1,20210511012409,20210726231527,239,2021-01-29,C,wayback/calados_operacionais_2021/20210511012409.html,,,,,,,,,,,
berco_regra_especial,ARM-12 :: ARM-12,9.1,10.1,,,,"ARM-12 | S/ Defensas | Boreste | 9,10 | 10,10",20210726231527,20210726231527,1,20210511012409,20210726231527,242,2021-05-31,C,wayback/calados_operacionais_2021/20210726231527.html,,,,,,,,,,,
berco_regra_especial,ARM-12 :: ARM-12,12.4,13.4,,,,"ARM-12 | C/ Defensas ≥5,0 m | Boreste | 12,40 | 13,40",20210726231527,20210726231527,1,20210726231527,20210730012955,242,2021-05-31,C,wayback/calados_operacionais_2021/20210726231527.html,,,,,,,,,,,
berco_regra_especial,ARM-12 :: ARM-12,9.1,10.1,,,,"ARM-12 | S/ Defensas | Boreste | 9,10 | 10,10",20210730012955,20210730012955,1,20210726231527,20210730012955,242,2021-05-31,C,wayback/calados_operacionais_2021/20210730012955.html,,,,,,,,,,,
berco_regra_especial,ARM-12 :: ARM-12,12.4,13.4,,,,"ARM-12 | C/ Defensas ≥5,0 m | Boreste | 12,40 | 13,40",20210730012955,20210730012955,1,20210730012955,20210917162725,242,2021-05-31,C,wayback/calados_operacionais_2021/20210730012955.html,,,,,,,,,,,
berco_regra_especial,ARM-12 :: ARM-12,9.1,10.1,,,,"ARM-12 | S/ Defensas | Boreste | 9,10 | 10,10",20210917162725,20210917162725,1,20210730012955,20210917162725,242,2021-05-31,C,wayback/calados_operacionais_2021/20210917162725.html,,,,,,,,,,,
berco_regra_especial,ARM-12 :: ARM-12,12.4,13.4,,,,"ARM-12 | C/ Defensas ≥5,0 m | Boreste | 12,40 | 13,40",20210917162725,20210917162725,1,20210917162725,20211018234425,242,2021-05-31,C,wayback/calados_operacionais_2021/20210917162725.html,,,,,,,,,,,
berco_regra_especial,ARM-12 :: ARM-12,10.1,11.1,,,,"ARM-12 | S/ Defensas | Boreste | 10,10 | 11,10",20211018234425,20211018234425,1,20210917162725,20211018234425,242,2021-05-31,C,wayback/calados_operacionais_2021/20211018234425.html,,,,,,,,,,,
berco_regra_especial,ARM-12 :: ARM-12,12.4,13.4,,,,"ARM-12 | C/ Defensas ≥5,0 m | Boreste | 12,40 | 13,40",20211018234425,20211018234425,1,20211018234425,20220123062521,242,2021-05-31,C,wayback/calados_operacionais_2021/20211018234425.html,,,,,,,,,,,
berco_regra_especial,ARM-12 :: ARM-12,10.1,11.1,,,,"ARM-12 | S/ Defensas | Boreste | 10,10 | 11,10",20220123062521,20220123062521,1,20211018234425,20220123062521,244,2022-01-06,C,wayback/calados_operacionais_2021/20220123062521.html,,,,,,,,,,,
berco_regra_especial,ARM-12 :: ARM-12,12.4,13.4,,,,"ARM-12 | C/ Defensas ≥5,0 m | Boreste | 12,40 | 13,40",20220123062521,20220123062521,1,20220123062521,20220126142321,244,2022-01-06,C,wayback/calados_operacionais_2021/20220123062521.html,,,,,,,,,,,
berco_regra_especial,ARM-12 :: ARM-12,10.1,11.1,,,,"ARM-12 | S/ Defensas | Boreste | 10,10 | 11,10",20220126142321,20220126142321,1,20220123062521,20220126142321,244,2022-01-06,C,wayback/calados_operacionais_2021/20220126142321.html,,,,,,,,,,,
berco_regra_especial,ARM-12 :: ARM-12,12.4,13.4,,,,"ARM-12 | C/ Defensas ≥5,0 m | Boreste | 12,40 | 13,40",20220126142321,20220126142321,1,20220126142321,20220303061338,244,2022-01-06,C,wayback/calados_operacionais_2021/20220126142321.html,,,,,,,,,,,
berco_regra_especial,ARM-12 :: ARM-12,10.1,11.1,,,,"ARM-12 | S/ Defensas | Boreste | 10,10 | 11,10",20220303061338,20220303061338,1,20220126142321,20220303061338,245,2022-02-01,C,wayback/calados_operacionais_2021/20220303061338.html,,,,,,,,,,,
berco_regra_especial,ARM-12 :: ARM-12,12.4,13.4,,,,"ARM-12 | C/ Defensas ≥5,0 m | Boreste | 12,40 | 13,40",20220303061338,20220303061338,1,20220303061338,20220701080245,245,2022-02-01,C,wayback/calados_operacionais_2021/20220303061338.html,,,,,,,,,,,
berco_regra_especial,ARM-12 :: ARM-12,10.1,11.1,,,,"ARM-12 | S/ Defensas | Boreste | 10,10 | 11,10",20220701080245,20220701080245,1,20220303061338,20220701080245,245,2022-02-01,C,wayback/calados_operacionais_2021/20220701080245.html,,,,,,,,,,,
berco_regra_especial,ARM-12 :: ARM-12,12.4,13.4,,,,"ARM-12 | C/ Defensas ≥5,0 m | Boreste | 12,40 | 13,40",20220701080245,20220701080245,1,20220701080245,20220815190641,245,2022-02-01,C,wayback/calados_operacionais_2021/20220701080245.html,,,,,,,,,,,
berco_regra_especial,ARM-12 :: ARM-12,10.1,11.1,,,,"ARM-12 | S/ Defensas | Boreste | 10,10 | 11,10",20220815190641,20220815190641,1,20220701080245,20220815190641,245,2022-02-01,C,wayback/calados_operacionais_2021/20220815190641.html,,,,,,,,,,,
berco_regra_especial,ARM-12 :: ARM-12,12.4,13.4,,,,"ARM-12 | C/ Defensas ≥5,0 m | Boreste | 12,40 | 13,40",20220815190641,20220815190641,1,20220815190641,20260314084447,245,2022-02-01,C,wayback/calados_operacionais_2021/20220815190641.html,,,,,,,,,,,
berco_regra_especial,ARM-12 :: ARM-12,12.7,13.0,,,,"ARM-12 | LOA ≤ 190 | 12,70 | 13,00",20260314084447,20260314084447,1,20220815190641,20260314084447,268,2026-01-30,C,wayback/calados_operacionais_2021/20260314084447.html,,,,,,,,,,,
berco_regra_especial,ARM-12 :: ARM-12,10.1,10.4,,,,"ARM-12 | 190 < LOA ≤ 200 | 10,10 | 10,40",20260314084447,20260314084447,1,20260314084447,20260617163833,268,2026-01-30,C,wayback/calados_operacionais_2021/20260314084447.html,,,,,,,,,,,
berco_regra_especial,ARM-12 :: ARM-12,12.7,13.0,,,,"ARM-12 | LOA ≤ 190 | 12,70 | 13,00",20260617163833,20260617163833,1,20260314084447,20260617163833,271,2026-04-30,C,wayback/calados_operacionais_2021/20260617163833.html,,,,,,,,,,,
berco_regra_especial,ARM-12 :: ARM-12,10.1,10.4,,,,"ARM-12 | 190 < LOA ≤ 200 | 10,10 | 10,40",20260617163833,20260617163833,1,20260617163833,20260930000000,271,2026-04-30,C,wayback/calados_operacionais_2021/20260617163833.html,,,,,,,,,,,
berco_regra_especial,ARM-12 :: ARM-12,12.7,13.0,,,,"ARM-12 | LOA ≤ 190 | 12,70 | 13,00",20260930000000,20260930000000,1,20260617163833,20260930000000,271,2026-04-30,C,fase0/20260930_calados_operacionais.html,,,,,,,,,,,
berco_regra_especial,ARM-12 :: ARM-12,10.1,10.4,,,,"ARM-12 | 190 < LOA ≤ 200 | 10,10 | 10,40",20260930000000,20260930000000,1,20260930000000,20261002000000,271,2026-04-30,C,fase0/20260930_calados_operacionais.html,,,,,,,,,,,
berco_regra_especial,ARM-12 :: ARM-12,12.7,13.0,,,,"ARM-12 | LOA ≤ 190 | 12,70 | 13,00",20261002000000,20261002000000,1,20260930000000,20261002000000,271,2026-04-30,C,atual/20261002_calados_operacionais.html,,,,,,,,,,,
berco_regra_especial,ARM-12 :: ARM-12,10.1,10.4,,,,"ARM-12 | 190 < LOA ≤ 200 | 10,10 | 10,40",20261002000000,20261002000000,1,20261002000000,,271,2026-04-30,C,atual/20261002_calados_operacionais.html,,,,,,,,,,,
berco_regra_especial,ARM-12-A :: ARM-12-A,10.1,11.1,,,,"ARM-12-A | S/ Defensas | Boreste | 10,10 | 11,10",20230330203418,20230330203418,1,,20230330203418,247,2022-09-06,C,wayback/calados_operacionais_2021/20230330203418.html,,,,,,,,,,,
berco_regra_especial,ARM-12-A :: ARM-12-A,12.4,13.4,,,,"ARM-12-A | C/ Defensas ≥5,0 m | Boreste | 12,40 | 13,40",20230330203418,20230330203418,1,20230330203418,20231204100812,247,2022-09-06,C,wayback/calados_operacionais_2021/20230330203418.html,,,,,,,,,,,
berco_regra_especial,ARM-12-A :: ARM-12-A,10.1,11.1,,,,"ARM-12-A | S/ Defensas | Boreste | 10,10 | 11,10",20231204100812,20231204100812,1,20230330203418,20231204100812,250,2023-08-18,C,wayback/calados_operacionais_2021/20231204100812.html,,,,,,,,,,,
berco_regra_especial,ARM-12-A :: ARM-12-A,12.4,13.4,,,,"ARM-12-A | C/ Defensas ≥5,0 m | Boreste | 12,40 | 13,40",20231204100812,20231204100812,1,20231204100812,20240415123629,250,2023-08-18,C,wayback/calados_operacionais_2021/20231204100812.html,,,,,,,,,,,
berco_regra_especial,ARM-12-A :: ARM-12-A,10.1,11.1,,,,"ARM-12-A | S/ Defensas | Boreste | 10,10 | 11,10",20240415123629,20240415123629,1,20231204100812,20240415123629,253,2024-04-02,C,wayback/calados_operacionais_2021/20240415123629.html,,,,,,,,,,,
berco_regra_especial,ARM-12-A :: ARM-12-A,12.4,13.4,,,,"ARM-12-A | C/ Defensas ≥5,0 m | Boreste | 12,40 | 13,40",20240415123629,20240415123629,1,20240415123629,20240917021223,253,2024-04-02,C,wayback/calados_operacionais_2021/20240415123629.html,,,,,,,,,,,
berco_regra_especial,ARM-12-A :: ARM-12-A,10.1,11.1,,,,"ARM-12-A | S/ Defensas | Boreste | 10,10 | 11,10",20240917021223,20240917021223,1,20240415123629,20240917021223,254,2024-04-02,C,wayback/calados_operacionais_2021/20240917021223.html,,,,,,,,,,,
berco_regra_especial,ARM-12-A :: ARM-12-A,12.4,13.4,,,,"ARM-12-A | C/ Defensas ≥5,0 m | Boreste | 12,40 | 13,40",20240917021223,20240917021223,1,20240917021223,20250125025207,254,2024-04-02,C,wayback/calados_operacionais_2021/20240917021223.html,,,,,,,,,,,
berco_regra_especial,ARM-12-A :: ARM-12-A,10.1,11.1,,,,"ARM-12-A | S/ Defensas | Boreste | 10,10 | 11,10",20250125025207,20250125025207,1,20240917021223,20250125025207,255,2024-09-13,C,wayback/calados_operacionais_2021/20250125025207.html,,,,,,,,,,,
berco_regra_especial,ARM-12-A :: ARM-12-A,12.4,13.4,,,,"ARM-12-A | C/ Defensas ≥5,0 m | Boreste | 12,40 | 13,40",20250125025207,20250125025207,1,20250125025207,20250516013825,255,2024-09-13,C,wayback/calados_operacionais_2021/20250125025207.html,,,,,,,,,,,
berco_regra_especial,ARM-12-A :: ARM-12-A,10.1,11.1,,,,"ARM-12-A | S/ Defensas | Boreste | 10,10 | 11,10",20250516013825,20250516013825,1,20250125025207,20250516013825,259,2025-04-25,C,wayback/calados_operacionais_2021/20250516013825.html,,,,,,,,,,,
berco_regra_especial,ARM-12-A :: ARM-12-A,14.2,14.5,,,,"ARM-12-A | C/ Defensas ≥5,0 m | Boreste | 14,20 | 14,50",20250516013825,20250516013825,1,20250516013825,20250622213429,259,2025-04-25,C,wayback/calados_operacionais_2021/20250516013825.html,,,,,,,,,,,
berco_regra_especial,ARM-12-A :: ARM-12-A,10.1,11.1,,,,"ARM-12-A | S/ Defensas | Boreste | 10,10 | 11,10",20250622213429,20250622213429,1,20250516013825,20250622213429,260,2025-05-05,C,wayback/calados_operacionais_2021/20250622213429.html,,,,,,,,,,,
berco_regra_especial,ARM-12-A :: ARM-12-A,14.2,14.5,,,,"ARM-12-A | C/ Defensas ≥5,0 m | Boreste | 14,20 | 14,50",20250622213429,20250622213429,1,20250622213429,20251205213245,260,2025-05-05,C,wayback/calados_operacionais_2021/20250622213429.html,,,,,,,,,,,
berco_regra_especial,ARM-12-A :: ARM-12-A,10.1,11.1,,,,"ARM-12-A | S/ Defensas | Boreste | 10,10 | 11,10",20251205213245,20251205213245,1,20250622213429,20251205213245,266,2025-10-24,C,wayback/calados_operacionais_2021/20251205213245.html,,,,,,,,,,,
berco_regra_especial,ARM-12-A :: ARM-12-A,14.2,14.5,,,,"ARM-12-A | C/ Defensas ≥5,0 m | Boreste | 14,20 | 14,50",20251205213245,20251205213245,1,20251205213245,20260314084447,266,2025-10-24,C,wayback/calados_operacionais_2021/20251205213245.html,,,,,,,,,,,
berco_regra_especial,ARM-12-A :: ARM-12-A,10.1,11.1,,,,"ARM-12-A | S/ Defensas | Boreste | 10,10 | 11,10",20260314084447,20260314084447,1,20251205213245,20260314084447,268,2026-01-30,C,wayback/calados_operacionais_2021/20260314084447.html,,,,,,,,,,,
berco_regra_especial,ARM-12-A :: ARM-12-A,14.2,14.5,,,,"ARM-12-A | C/ Defensas ≥5,0 m | Boreste | 14,20 | 14,50",20260314084447,20260314084447,1,20260314084447,20260617163833,268,2026-01-30,C,wayback/calados_operacionais_2021/20260314084447.html,,,,,,,,,,,
berco_regra_especial,ARM-12-A :: ARM-12-A,10.1,11.1,,,,"ARM-12-A | S/ Defensas | Boreste | 10,10 | 11,10",20260617163833,20260617163833,1,20260314084447,20260617163833,271,2026-04-30,C,wayback/calados_operacionais_2021/20260617163833.html,,,,,,,,,,,
berco_regra_especial,ARM-12-A :: ARM-12-A,14.2,14.5,,,,"ARM-12-A | C/ Defensas ≥5,0 m | Boreste | 14,20 | 14,50",20260617163833,20260617163833,1,20260617163833,20260930000000,271,2026-04-30,C,wayback/calados_operacionais_2021/20260617163833.html,,,,,,,,,,,
berco_regra_especial,ARM-12-A :: ARM-12-A,10.1,11.1,,,,"ARM-12-A | S/ Defensas | Boreste | 10,10 | 11,10",20260930000000,20260930000000,1,20260617163833,20260930000000,271,2026-04-30,C,fase0/20260930_calados_operacionais.html,,,,,,,,,,,
berco_regra_especial,ARM-12-A :: ARM-12-A,14.2,14.5,,,,"ARM-12-A | C/ Defensas ≥5,0 m | Boreste | 14,20 | 14,50",20260930000000,20260930000000,1,20260930000000,20261002000000,271,2026-04-30,C,fase0/20260930_calados_operacionais.html,,,,,,,,,,,
berco_regra_especial,ARM-12-A :: ARM-12-A,10.1,11.1,,,,"ARM-12-A | S/ Defensas | Boreste | 10,10 | 11,10",20261002000000,20261002000000,1,20260930000000,20261002000000,271,2026-04-30,C,atual/20261002_calados_operacionais.html,,,,,,,,,,,
berco_regra_especial,ARM-12-A :: ARM-12-A,14.2,14.5,,,,"ARM-12-A | C/ Defensas ≥5,0 m | Boreste | 14,20 | 14,50",20261002000000,20261002000000,1,20261002000000,,271,2026-04-30,C,atual/20261002_calados_operacionais.html,,,,,,,,,,,
berco_regra_especial,ARM-34 :: ARM-34,11.4,11.7,,,,"ARM-34 | 323-325 | 11,70 | 11,40 | 11,70",20230330203418,20230330203418,1,,20230330203418,247,2022-09-06,C,wayback/calados_operacionais_2021/20230330203418.html,,,,,,,,,,,
berco_regra_especial,ARM-34 :: ARM-34,13.2,13.5,,,,"ARM-34 | 325-333 | 13,50 | 13,20 | 13,50",20230330203418,20230330203418,1,20230330203418,20231204100812,247,2022-09-06,C,wayback/calados_operacionais_2021/20230330203418.html,,,,,,,,,,,
berco_regra_especial,ARM-34 :: ARM-34,11.4,11.7,,,,"ARM-34 | 323-325 | 11,70 | 11,40 | 11,70",20231204100812,20231204100812,1,20230330203418,20231204100812,250,2023-08-18,C,wayback/calados_operacionais_2021/20231204100812.html,,,,,,,,,,,
berco_regra_especial,ARM-34 :: ARM-34,13.2,13.5,,,,"ARM-34 | 325-333 | 13,50 | 13,20 | 13,50",20231204100812,20231204100812,1,20231204100812,20240415123629,250,2023-08-18,C,wayback/calados_operacionais_2021/20231204100812.html,,,,,,,,,,,
berco_regra_especial,ARM-34 :: ARM-34,11.4,11.7,,,,"ARM-34 | 323-325 | 11,70 | 11,40 | 11,70",20240415123629,20240415123629,1,20231204100812,20240415123629,253,2024-04-02,C,wayback/calados_operacionais_2021/20240415123629.html,,,,,,,,,,,
berco_regra_especial,ARM-34 :: ARM-34,13.2,13.5,,,,"ARM-34 | 325-333 | 13,50 | 13,20 | 13,50",20240415123629,20240415123629,1,20240415123629,20240917021223,253,2024-04-02,C,wayback/calados_operacionais_2021/20240415123629.html,,,,,,,,,,,
berco_regra_especial,ARM-34 :: ARM-34,11.4,11.7,,,,"ARM-34 | 323-325 | 11,70 | 11,40 | 11,70",20240917021223,20240917021223,1,20240415123629,20240917021223,254,2024-04-02,C,wayback/calados_operacionais_2021/20240917021223.html,,,,,,,,,,,
berco_regra_especial,ARM-34 :: ARM-34,13.2,13.5,,,,"ARM-34 | 325-333 | 13,50 | 13,20 | 13,50",20240917021223,20240917021223,1,20240917021223,20250125025207,254,2024-04-02,C,wayback/calados_operacionais_2021/20240917021223.html,,,,,,,,,,,
berco_regra_especial,ARM-34 :: ARM-34,11.4,11.7,,,,"ARM-34 | 323-325 | 11,70 | 11,40 | 11,70",20250125025207,20250125025207,1,20240917021223,20250125025207,255,2024-09-13,C,wayback/calados_operacionais_2021/20250125025207.html,,,,,,,,,,,
berco_regra_especial,ARM-34 :: ARM-34,13.2,13.5,,,,"ARM-34 | 325-333 | 13,50 | 13,20 | 13,50",20250125025207,20250125025207,1,20250125025207,20250516013825,255,2024-09-13,C,wayback/calados_operacionais_2021/20250125025207.html,,,,,,,,,,,
berco_regra_especial,ARM-34 :: ARM-34,11.4,11.7,,,,"ARM-34 | 323-325 | 11,70 | 11,40 | 11,70",20250516013825,20250516013825,1,20250125025207,20250516013825,259,2025-04-25,C,wayback/calados_operacionais_2021/20250516013825.html,,,,,,,,,,,
berco_regra_especial,ARM-34 :: ARM-34,13.2,13.5,,,,"ARM-34 | 325-333 | 13,50 | 13,20 | 13,50",20250516013825,20250516013825,1,20250516013825,20250622213429,259,2025-04-25,C,wayback/calados_operacionais_2021/20250516013825.html,,,,,,,,,,,
berco_regra_especial,ARM-34 :: ARM-34,11.4,11.7,,,,"ARM-34 | 323-325 | 11,70 | 11,40 | 11,70",20250622213429,20250622213429,1,20250516013825,20250622213429,260,2025-05-05,C,wayback/calados_operacionais_2021/20250622213429.html,,,,,,,,,,,
berco_regra_especial,ARM-34 :: ARM-34,13.2,13.5,,,,"ARM-34 | 325-333 | 13,50 | 13,20 | 13,50",20250622213429,20250622213429,1,20250622213429,20251205213245,260,2025-05-05,C,wayback/calados_operacionais_2021/20250622213429.html,,,,,,,,,,,
berco_regra_especial,ARM-34 :: ARM-34,11.4,11.7,,,,"ARM-34 | 323-325 | 11,70 | 11,40 | 11,70",20251205213245,20251205213245,1,20250622213429,20251205213245,266,2025-10-24,C,wayback/calados_operacionais_2021/20251205213245.html,,,,,,,,,,,
berco_regra_especial,ARM-34 :: ARM-34,13.2,13.5,,,,"ARM-34 | 325-333 | 13,50 | 13,20 | 13,50",20251205213245,20251205213245,1,20251205213245,20260314084447,266,2025-10-24,C,wayback/calados_operacionais_2021/20251205213245.html,,,,,,,,,,,
berco_regra_especial,ARM-34 :: ARM-34,11.4,11.7,,,,"ARM-34 | 323-325 | 11,70 | 11,40 | 11,70",20260314084447,20260314084447,1,20251205213245,20260314084447,268,2026-01-30,C,wayback/calados_operacionais_2021/20260314084447.html,,,,,,,,,,,
berco_regra_especial,ARM-34 :: ARM-34,13.2,13.5,,,,"ARM-34 | 325-333 | 13,50 | 13,20 | 13,50",20260314084447,20260314084447,1,20260314084447,20260617163833,268,2026-01-30,C,wayback/calados_operacionais_2021/20260314084447.html,,,,,,,,,,,
berco_regra_especial,ARM-34 :: ARM-34,11.4,11.7,,,,"ARM-34 | 323-325 | 11,70 | 11,40 | 11,70",20260617163833,20260617163833,1,20260314084447,20260617163833,271,2026-04-30,C,wayback/calados_operacionais_2021/20260617163833.html,,,,,,,,,,,
berco_regra_especial,ARM-34 :: ARM-34,13.2,13.5,,,,"ARM-34 | 325-333 | 13,50 | 13,20 | 13,50",20260617163833,20260617163833,1,20260617163833,20260930000000,271,2026-04-30,C,wayback/calados_operacionais_2021/20260617163833.html,,,,,,,,,,,
berco_regra_especial,ARM-34 :: ARM-34,11.4,11.7,,,,"ARM-34 | 323-325 | 11,70 | 11,40 | 11,70",20260930000000,20260930000000,1,20260617163833,20260930000000,271,2026-04-30,C,fase0/20260930_calados_operacionais.html,,,,,,,,,,,
berco_regra_especial,ARM-34 :: ARM-34,13.2,13.5,,,,"ARM-34 | 325-333 | 13,50 | 13,20 | 13,50",20260930000000,20260930000000,1,20260930000000,20261002000000,271,2026-04-30,C,fase0/20260930_calados_operacionais.html,,,,,,,,,,,
berco_regra_especial,ARM-34 :: ARM-34,11.4,11.7,,,,"ARM-34 | 323-325 | 11,70 | 11,40 | 11,70",20261002000000,20261002000000,1,20260930000000,20261002000000,271,2026-04-30,C,atual/20261002_calados_operacionais.html,,,,,,,,,,,
berco_regra_especial,ARM-34 :: ARM-34,13.2,13.5,,,,"ARM-34 | 325-333 | 13,50 | 13,20 | 13,50",20261002000000,20261002000000,1,20261002000000,,271,2026-04-30,C,atual/20261002_calados_operacionais.html,,,,,,,,,,,
trecho,I,,12.8,,12.8,,Barra até Entreposto de Pesca,20070214043531,20070602101756,2,,20080928214953,,,A,wayback/authority_infra_2000/20070214043531.html;wayback/authority_infra_2000/20070602101756.html,,,Dezembro de 2006,,,impresso_tabela_canal,,,,,
trecho,I,,13.1,,13.1,,Barra até Entreposto de Pesca,20080928214953,20080928214953,1,20070602101756,20091223112559,,,A,wayback/authority_infra_2000/20080928214953.html,,,Maio de 2008,,,impresso_tabela_canal,,,,,
trecho,I,,13.3,,13.3,,Barra até Entreposto de Pesca,20091223112559,20140313164458,19,20080928214953,20140905223439,,,A,wayback/calado_php_2009/20091223112559.html;wayback/calado_php_2009/20091230072102.html;wayback/calado_php_2009/20100218012533.html;wayback/calado_php_2009/20100530013949.html;wayback/calado_php_2009/20100805002047.html;wayback/calado_php_2009/20110122111847.html;wayback/calado_php_2009/20110522124838.html;wayback/calado_php_2009/20110529103448.html;wayback/calado_php_2009/20110709141700.html;wayback/calado_php_2009/20110710043830.html;wayback/calado_php_2009/20111001005758.html;wayback/calado_php_2009/20111130141024.html;wayback/calado_php_2009/20120123082412.html;wayback/calado_php_2009/20120419194747.html;wayback/calado_php_2009/20120521135319.html;wayback/calado_php_2009/20120621172711.html;wayback/calado_php_2009/20131106005406.html;wayback/calado_php_2009/20140201103531.html;wayback/calado_php_2009/20140313164458.html,,,Março de 2009; Julho de 2010,,,impresso_tabela_canal,,,,,
trecho,I,13.2,,14.2,13.2,2014-07-03,Barra até Entreposto de Pesca (Trecho I),20140905223439,20150411075504,5,20140313164458,20150710045928,,,C,wayback/calado_php_2009/20140905223439.html;wayback/calado_php_2009/20140924134650.html;wayback/calado_php_2009/20150221204505.html;wayback/calado_php_2009/20150409025309.html;wayback/calado_php_2009/20150411075504.html,,,MAIO 2014,DP-GD/299.2014,2014-07-03,,,,,,
trecho,I,13.2,,14.2,13.2,2014-12-09,Barra até Entreposto de Pesca (Trecho I),20150710045928,20160504214832,9,20150411075504,20160620151505,,,C,wayback/calado_php_2009/20150710045928.html;wayback/calado_php_2009/20150801055638.html;wayback/calado_php_2009/20150813184132.html;wayback/calado_php_2009/20151016232057.html;wayback/calado_php_2009/20151113002752.html;wayback/calado_php_2009/20151113033415.html;wayback/calado_php_2009/20160204182050.html;wayback/calado_php_2009/20160305171342.html;wayback/calado_php_2009/20160504214832.html,,,DEZEMBRO 2014; FEVEREIRO 2016,DP-GD/560.2014,2014-12-09,,,,,,
trecho,I,13.2,,14.2,13.2,2016-06-06,Barra até Entreposto de Pesca (Trecho I),20160620151505,20170209174908,10,20160504214832,20170409063048,,,C,wayback/calado_php_2009/20160620151505.html;wayback/calado_php_2009/20160714220357.html;wayback/calado_php_2009/20160827090557.html;wayback/calado_php_2009/20160829032457.html;wayback/calado_php_2009/20160929161801.html;wayback/calado_php_2009/20161030234635.html;wayback/calado_php_2009/20161031144235.html;wayback/calado_php_2009/20161101104842.html;wayback/calado_php_2009/20161111231826.html;wayback/calado_php_2009/20170209174908.html,,,JUNHO 2016; OUTUBRO 2016,DP-GD/452.2016,2016-06-06,,,,,,
trecho,I,13.2,,,13.2,2017-02-14,Barra até Entreposto de Pesca (Trecho I),20170409063048,20170621212229,6,20170209174908,20170723112612,,,C,wayback/calado_php_2009/20170409063048.html;wayback/calado_php_2009/20170419024617.html;wayback/calado_php_2009/20170420021037.html;wayback/calado_php_2009/20170521093334.html;wayback/calado_php_2009/20170608150956.html;wayback/calado_php_2009/20170621212229.html,,,FEVEREIRO 2017,DP-GD/121.2017,2017-02-14,,,,,,
trecho,I,12.6,,13.6,12.6,2017-07-07,Barra até Entreposto de Pesca (Trecho I),20170723112612,20170731165057,2,20170621212229,20170823183723,,,C,wayback/calado_php_2009/20170723112612.html;wayback/calado_php_2009/20170731165057.html,,,JULHO 2017,DP-GD/356.2017,2017-07-07,,,,,,
trecho,I,13.0,,14.0,13.0,2017-08-04,Barra até Entreposto de Pesca (Trecho I),20170823183723,20170924215552,3,20170731165057,20171026151943,,,C,wayback/calado_php_2009/20170823183723.html;wayback/calado_php_2009/20170824204918.html;wayback/calado_php_2009/20170924215552.html,,,AGOSTO 2017,DP-GD/409.2017,2017-08-04,,,,,,
trecho,I,13.2,,14.2,13.2,2017-10-20,Barra até Entreposto de Pesca (Trecho I),20171026151943,20180102034016,5,20170924215552,20180202164732,,,C,wayback/calado_php_2009/20171026151943.html;wayback/calado_php_2009/20171130230133.html;wayback/calado_php_2009/20171202011305.html;wayback/calado_php_2009/20171207155137.html;wayback/calado_php_2009/20180102034016.html,,,OUTUBRO 2017,DP-GD/524.2017,2017-10-20,,,,,,
trecho,I,13.2,,14.2,13.2,2018-01-15,Barra até Entreposto de Pesca (Trecho I),20180202164732,20180712092121,8,20180102034016,20180715010646,,,C,wayback/calado_php_2009/20180202164732.html;wayback/calado_php_2009/20180307151520.html;wayback/calado_php_2009/20180308234125.html;wayback/calado_php_2009/20180406152431.html;wayback/calado_php_2009/20180410234145.html;wayback/calado_php_2009/20180512211028.html;wayback/calado_php_2009/20180613110559.html;wayback/calado_maximo_operacional_2018/20180712092121.html,,,JANEIRO 2018,DP-GD/17.2018,2018-01-15,,,,,,
trecho,I,13.5,,14.5,13.5,2018-07-12,Barra até Entreposto de Pesca (Trecho I),20180715010646,20190822000545,20,20180712092121,20191004100011,,,C,wayback/calado_maximo_operacional_2018/20180715010646.html;wayback/calado_maximo_operacional_2018/20180721052245.html;wayback/calado_maximo_operacional_2018/20180722091959.html;wayback/calado_maximo_operacional_2018/20180815101010.html;wayback/calado_maximo_operacional_2018/20180816151617.html;wayback/calado_maximo_operacional_2018/20180819090359.html;wayback/calado_maximo_operacional_2018/20180821073250.html;wayback/calado_maximo_operacional_2018/20180904054801.html;wayback/calado_maximo_operacional_2018/20180916182532.html;wayback/calado_maximo_operacional_2018/20181015013521.html;wayback/calado_maximo_operacional_2018/20181020184626.html;wayback/calado_maximo_operacional_2018/20181221091847.html;wayback/calado_maximo_operacional_2018/20190127070845.html;wayback/calado_maximo_operacional_2018/20190220043611.html;wayback/calado_maximo_operacional_2018/20190319223140.html;wayback/calado_maximo_operacional_2018/20190422022331.html;wayback/calado_maximo_operacional_2018/20190509061600.html;wayback/calado_maximo_operacional_2018/20190621210710.html;wayback/calado_maximo_operacional_2018/20190820162428.html;wayback/calado_maximo_operacional_2018/20190822000545.html,,,JULHO 2018,DIPRE-GD/301.2018,2018-07-12,,,,,,
trecho,I,13.5,14.5,,13.5,,Barra até Entreposto de Pesca (Trecho I),20191004100011,20210116144927,7,20190822000545,20210302013408,"221,228,230,233,234,238",2019-07-16,C,wayback/calado_maximo_operacional_2018/20191004100011.html;wayback/calado_maximo_operacional_2018/20200614202932.html;wayback/calado_maximo_operacional_2018/20200708204409.html;wayback/calado_maximo_operacional_2018/20200709003858.html;wayback/calado_maximo_operacional_2018/20200814132526.html;wayback/calado_maximo_operacional_2018/20201024141308.html;wayback/calados_operacionais_2021/20210116144927.html,,,JULHO 2018; AGOSTO 2020; Agosto 2020,,,impresso_coluna_trecho_tabela_bercos,,,,,
trecho,I,13.5,14.5,,,,Trecho I – Barra até Entreposto de Pesca,20210302013408,20261002000000,25,20210116144927,,"239,242,244,245,247,250,253,254,255,259,260,266,268,271",2021-01-29,C,wayback/calados_operacionais_2021/20210302013408.html;wayback/calados_operacionais_2021/20210419060037.html;wayback/calados_operacionais_2021/20210510223144.html;wayback/calados_operacionais_2021/20210511012409.html;wayback/calados_operacionais_2021/20210726231527.html;wayback/calados_operacionais_2021/20210730012955.html;wayback/calados_operacionais_2021/20210917162725.html;wayback/calados_operacionais_2021/20211018234425.html;wayback/calados_operacionais_2021/20220123062521.html;wayback/calados_operacionais_2021/20220126142321.html;wayback/calados_operacionais_2021/20220303061338.html;wayback/calados_operacionais_2021/20220701080245.html;wayback/calados_operacionais_2021/20220815190641.html;wayback/calados_operacionais_2021/20230330203418.html;wayback/calados_operacionais_2021/20231204100812.html;wayback/calados_operacionais_2021/20240415123629.html;wayback/calados_operacionais_2021/20240917021223.html;wayback/calados_operacionais_2021/20250125025207.html;wayback/calados_operacionais_2021/20250516013825.html;wayback/calados_operacionais_2021/20250622213429.html;wayback/calados_operacionais_2021/20251205213245.html;wayback/calados_operacionais_2021/20260314084447.html;wayback/calados_operacionais_2021/20260617163833.html;fase0/20260930_calados_operacionais.html;atual/20261002_calados_operacionais.html,SPA-DIPRE-GD/273.2020 – Agosto 2020; SPA-DIPRE-GD/273.2020 de 06/08/2020,2020-08-06,TRECHO1A_20240224_SPECTRAH_POS_BAT1 e 2 – 29/02/2024 TRECHO1B_20240223_SPECTRAH_POS_BAT1 e 2 – 29/02/2024 TRECHO1C_20240214_SPECTRAH_FIN_BAT1 e 2 – 14/02/2024 TRECHO1D_2024021619_SPECTRAH_POS_BAT1 e 2 – 21/02/2024; 20240614_TRECHO1A_SPECTRAH_MON_BAT1 e 2 – 14/06/2024 20240729_TRECHO1B_SPECTRAH_FIN_BAT1 e 2 – 29/07/2024 20240802_TRECHO1C_SPECTRAH_FIN_BAT1 e 2 – 02/08/2024 20240819_TRCHO1D_SPECTRAH_FIN_BAT1 e 2 – 29/07/2024; 20250205_TRECHO1A_SPECTRAH_FIN_BAT1 e 2 – 04 e 05/02/2025 20250205_TRECHO1B_SPECTRAH_FIN_BAT1 e 2 – 04 e 05/02/2025 20250123_TRECHO1C_SPECTRAH_FIN_BAT1 e 2 – 23/01/2025 20250124_TRCHO1D_SPECTRAH_FIN_BAT1 e 2 – 24/01/2025; 20250910_TRECHO_1A_SPECTRAH_FIN_BAT-1 e 2 – 10/09/2025 20250910_TRECHO_1B_SPECTRAH_FIN_BAT-1 e 2 – 10/09/2025 20250830_TRECHO_1C_SPECTRAH_FIN_BAT-1 e 2 – 30/08/2025 20250912_TRECHO_1D_SPECTRAH_FIN_BAT-1 e 2 – 12/09/2025; 20260303_TRECHO_1A_SPECTRAH_FIN_BAT-1 e 2 – 03/03/2026 20260302_TRECHO_1B_SPECTRAH_FIN_BAT-1 e 2 – 02/03/2026 20260305_TRECHO_1C_SPECTRAH_FIN_BAT-1 e 2 – 05/03/2026 20260225_TRECHO_1D_SPECTRAH_FIN_BAT-1 e 2 – 25/02/2026,,,impresso_tabela_canal,,,,,
trecho,II,,12.8,,12.8,,Entreposto de Pesca até Torre Grande,20070214043531,20070602101756,2,,20080928214953,,,A,wayback/authority_infra_2000/20070214043531.html;wayback/authority_infra_2000/20070602101756.html,,,Dezembro de 2006,,,impresso_tabela_canal,,,,,
trecho,II,,13.1,,13.1,,Entreposto de Pesca até Torre Grande,20080928214953,20080928214953,1,20070602101756,20091223112559,,,A,wayback/authority_infra_2000/20080928214953.html,,,Maio de 2008,,,impresso_tabela_canal,,,,,
trecho,II,,13.3,,13.3,,Entreposto de Pesca até Torre Grande,20091223112559,20140313164458,19,20080928214953,20140905223439,,,A,wayback/calado_php_2009/20091223112559.html;wayback/calado_php_2009/20091230072102.html;wayback/calado_php_2009/20100218012533.html;wayback/calado_php_2009/20100530013949.html;wayback/calado_php_2009/20100805002047.html;wayback/calado_php_2009/20110122111847.html;wayback/calado_php_2009/20110522124838.html;wayback/calado_php_2009/20110529103448.html;wayback/calado_php_2009/20110709141700.html;wayback/calado_php_2009/20110710043830.html;wayback/calado_php_2009/20111001005758.html;wayback/calado_php_2009/20111130141024.html;wayback/calado_php_2009/20120123082412.html;wayback/calado_php_2009/20120419194747.html;wayback/calado_php_2009/20120521135319.html;wayback/calado_php_2009/20120621172711.html;wayback/calado_php_2009/20131106005406.html;wayback/calado_php_2009/20140201103531.html;wayback/calado_php_2009/20140313164458.html,,,Fevereiro de 2009,,,impresso_tabela_canal,,,,,
trecho,II,13.0,,14.0,13.0,2014-07-03,Entreposto de Pesca à Torre Grande (Trecho II),20140905223439,20150411075504,5,20140313164458,20150710045928,,,C,wayback/calado_php_2009/20140905223439.html;wayback/calado_php_2009/20140924134650.html;wayback/calado_php_2009/20150221204505.html;wayback/calado_php_2009/20150409025309.html;wayback/calado_php_2009/20150411075504.html,,,MAIO 2014,DP-GD/299.2014,2014-07-03,,,,,,
trecho,II,13.2,,14.2,13.2,2014-12-09,Entreposto de Pesca à Torre Grande (Trecho II),20150710045928,20160504214832,9,20150411075504,20160620151505,,,C,wayback/calado_php_2009/20150710045928.html;wayback/calado_php_2009/20150801055638.html;wayback/calado_php_2009/20150813184132.html;wayback/calado_php_2009/20151016232057.html;wayback/calado_php_2009/20151113002752.html;wayback/calado_php_2009/20151113033415.html;wayback/calado_php_2009/20160204182050.html;wayback/calado_php_2009/20160305171342.html;wayback/calado_php_2009/20160504214832.html,,,DEZEMBRO 2014,DP-GD/560.2014,2014-12-09,,,,,,
trecho,II,13.2,,14.2,13.2,2016-06-06,Entreposto de Pesca à Torre Grande (Trecho II),20160620151505,20170209174908,10,20160504214832,20170409063048,,,C,wayback/calado_php_2009/20160620151505.html;wayback/calado_php_2009/20160714220357.html;wayback/calado_php_2009/20160827090557.html;wayback/calado_php_2009/20160829032457.html;wayback/calado_php_2009/20160929161801.html;wayback/calado_php_2009/20161030234635.html;wayback/calado_php_2009/20161031144235.html;wayback/calado_php_2009/20161101104842.html;wayback/calado_php_2009/20161111231826.html;wayback/calado_php_2009/20170209174908.html,,,JUNHO 2016; OUTUBRO 2016,DP-GD/452.2016,2016-06-06,,,,,,
trecho,II,13.2,,,13.2,2017-02-14,Entreposto de Pesca à Torre Grande (Trecho II),20170409063048,20170621212229,6,20170209174908,20170723112612,,,C,wayback/calado_php_2009/20170409063048.html;wayback/calado_php_2009/20170419024617.html;wayback/calado_php_2009/20170420021037.html;wayback/calado_php_2009/20170521093334.html;wayback/calado_php_2009/20170608150956.html;wayback/calado_php_2009/20170621212229.html,,,FEVEREIRO 2017,DP-GD/121.2017,2017-02-14,,,,,,
trecho,II,13.2,,14.2,13.2,2017-02-14,Entreposto de Pesca à Torre Grande (Trecho II),20170723112612,20170924215552,5,20170621212229,20171026151943,,,C,wayback/calado_php_2009/20170723112612.html;wayback/calado_php_2009/20170731165057.html;wayback/calado_php_2009/20170823183723.html;wayback/calado_php_2009/20170824204918.html;wayback/calado_php_2009/20170924215552.html,,,FEVEREIRO 2017,DP-GD/121.2017,2017-02-14,,,,,,
trecho,II,13.2,,14.2,13.2,2017-09-28,Entreposto de Pesca à Torre Grande (Trecho II),20171026151943,20180202164732,6,20170924215552,20180307151520,,,C,wayback/calado_php_2009/20171026151943.html;wayback/calado_php_2009/20171130230133.html;wayback/calado_php_2009/20171202011305.html;wayback/calado_php_2009/20171207155137.html;wayback/calado_php_2009/20180102034016.html;wayback/calado_php_2009/20180202164732.html,,,SETEMBRO 2017,DP-GD/492.2017,2017-09-28,,,,,,
trecho,II,13.2,,14.2,13.2,2018-02-26,Entreposto de Pesca à Torre Grande (Trecho II),20180307151520,20180712092121,7,20180202164732,20180715010646,,,C,wayback/calado_php_2009/20180307151520.html;wayback/calado_php_2009/20180308234125.html;wayback/calado_php_2009/20180406152431.html;wayback/calado_php_2009/20180410234145.html;wayback/calado_php_2009/20180512211028.html;wayback/calado_php_2009/20180613110559.html;wayback/calado_maximo_operacional_2018/20180712092121.html,,,FEVEREIRO 2018,DIPRE-GD/74.2018,2018-02-26,,,,,,
trecho,II,13.5,,14.5,13.5,2018-07-12,Entreposto de Pesca à Torre Grande (Trecho II),20180715010646,20190822000545,20,20180712092121,20191004100011,,,C,wayback/calado_maximo_operacional_2018/20180715010646.html;wayback/calado_maximo_operacional_2018/20180721052245.html;wayback/calado_maximo_operacional_2018/20180722091959.html;wayback/calado_maximo_operacional_2018/20180815101010.html;wayback/calado_maximo_operacional_2018/20180816151617.html;wayback/calado_maximo_operacional_2018/20180819090359.html;wayback/calado_maximo_operacional_2018/20180821073250.html;wayback/calado_maximo_operacional_2018/20180904054801.html;wayback/calado_maximo_operacional_2018/20180916182532.html;wayback/calado_maximo_operacional_2018/20181015013521.html;wayback/calado_maximo_operacional_2018/20181020184626.html;wayback/calado_maximo_operacional_2018/20181221091847.html;wayback/calado_maximo_operacional_2018/20190127070845.html;wayback/calado_maximo_operacional_2018/20190220043611.html;wayback/calado_maximo_operacional_2018/20190319223140.html;wayback/calado_maximo_operacional_2018/20190422022331.html;wayback/calado_maximo_operacional_2018/20190509061600.html;wayback/calado_maximo_operacional_2018/20190621210710.html;wayback/calado_maximo_operacional_2018/20190820162428.html;wayback/calado_maximo_operacional_2018/20190822000545.html,,,JULHO 2018,DIPRE-GD/301.2018,2018-07-12,,,,,,
trecho,II,13.5,14.5,,13.5,,Entreposto de Pesca à Torre Grande (Trecho II),20191004100011,20210116144927,7,20190822000545,20210302013408,"221,228,230,233,234,238",2019-07-16,C,wayback/calado_maximo_operacional_2018/20191004100011.html;wayback/calado_maximo_operacional_2018/20200614202932.html;wayback/calado_maximo_operacional_2018/20200708204409.html;wayback/calado_maximo_operacional_2018/20200709003858.html;wayback/calado_maximo_operacional_2018/20200814132526.html;wayback/calado_maximo_operacional_2018/20201024141308.html;wayback/calados_operacionais_2021/20210116144927.html,,,JULHO 2018; Julho 2018,,,impresso_coluna_trecho_tabela_bercos,,,,,
trecho,II,13.5,14.5,,,,Trecho II – Entreposto de Pesca à Torre Grande,20210302013408,20261002000000,25,20210116144927,,"239,242,244,245,247,250,253,254,255,259,260,266,268,271",2021-01-29,C,wayback/calados_operacionais_2021/20210302013408.html;wayback/calados_operacionais_2021/20210419060037.html;wayback/calados_operacionais_2021/20210510223144.html;wayback/calados_operacionais_2021/20210511012409.html;wayback/calados_operacionais_2021/20210726231527.html;wayback/calados_operacionais_2021/20210730012955.html;wayback/calados_operacionais_2021/20210917162725.html;wayback/calados_operacionais_2021/20211018234425.html;wayback/calados_operacionais_2021/20220123062521.html;wayback/calados_operacionais_2021/20220126142321.html;wayback/calados_operacionais_2021/20220303061338.html;wayback/calados_operacionais_2021/20220701080245.html;wayback/calados_operacionais_2021/20220815190641.html;wayback/calados_operacionais_2021/20230330203418.html;wayback/calados_operacionais_2021/20231204100812.html;wayback/calados_operacionais_2021/20240415123629.html;wayback/calados_operacionais_2021/20240917021223.html;wayback/calados_operacionais_2021/20250125025207.html;wayback/calados_operacionais_2021/20250516013825.html;wayback/calados_operacionais_2021/20250622213429.html;wayback/calados_operacionais_2021/20251205213245.html;wayback/calados_operacionais_2021/20260314084447.html;wayback/calados_operacionais_2021/20260617163833.html;fase0/20260930_calados_operacionais.html;atual/20261002_calados_operacionais.html,DIPRE-GD/301.2018 – Julho 2018; DIPRE-GD/301.2018 de 13/07/2018,2018-07-13,TRECHO2_20231201_SPECTRAH_FIN_BAT – 01/12/2023; TRECHO2_20240325_SPECTRAH_FIN_BAT1 – 26/03/2024 TRECHO2_20240325_SPECTRAH_FIN_BAT2 – 26/03/2024; 20240813_TRECHO2_SPECTRAH_FIN_BAT1 – 13/08/2024 20240813_TRECHO2_SPECTRAH_FIN_BAT2- 13/08/2024; 20250213_TRECHO2_SPECTRAH_FIN_BAT1 – 12/02/2025 20250213_TRECHO2_SPECTRAH_FIN_BAT2- 13/02/2025; 20250816_TRECHO_2_SPECTRAH_FIN_BAT-1 – 16/08/2025 20250816_TRECHO_2_SPECTRAH_FIN_BAT-2 – 16/08/2025; 20260325_TRECHO_2_SPECTRAH_BAT_1_FIN – 25/03/2026 20260325_TRECHO_2_SPECTRAH_BAT_2_FIN – 25/03/2026,,,impresso_tabela_canal,,,,,
trecho,III,12.7,,13.7,12.7,2014-07-03,Torre Grande até Armazém 06 (Trecho III),20140905223439,20150411075504,5,,20150710045928,,,C,wayback/calado_php_2009/20140905223439.html;wayback/calado_php_2009/20140924134650.html;wayback/calado_php_2009/20150221204505.html;wayback/calado_php_2009/20150409025309.html;wayback/calado_php_2009/20150411075504.html,,,JUNHO 2014,DP-GD/299.2014,2014-07-03,,,,,,
trecho,III,13.2,,14.2,13.2,2014-12-09,Torre Grande até Armazém 06 (Trecho III),20150710045928,20160504214832,9,20150411075504,20160620151505,,,C,wayback/calado_php_2009/20150710045928.html;wayback/calado_php_2009/20150801055638.html;wayback/calado_php_2009/20150813184132.html;wayback/calado_php_2009/20151016232057.html;wayback/calado_php_2009/20151113002752.html;wayback/calado_php_2009/20151113033415.html;wayback/calado_php_2009/20160204182050.html;wayback/calado_php_2009/20160305171342.html;wayback/calado_php_2009/20160504214832.html,,,DEZEMBRO 2014,DP-GD/560.2014,2014-12-09,,,,,,
trecho,III,12.7,,13.7,12.7,2016-06-06,Torre Grande até Armazém 06 (Trecho III),20160620151505,20170209174908,10,20160504214832,20170409063048,,,C,wayback/calado_php_2009/20160620151505.html;wayback/calado_php_2009/20160714220357.html;wayback/calado_php_2009/20160827090557.html;wayback/calado_php_2009/20160829032457.html;wayback/calado_php_2009/20160929161801.html;wayback/calado_php_2009/20161030234635.html;wayback/calado_php_2009/20161031144235.html;wayback/calado_php_2009/20161101104842.html;wayback/calado_php_2009/20161111231826.html;wayback/calado_php_2009/20170209174908.html,,,JUNHO 2016; OUTUBRO 2016,DP-GD/452.2016,2016-06-06,,,,,,
trecho,III,13.2,,,13.2,2017-03-16,Torre Grande até Armazém 06 (Trecho III),20170409063048,20170621212229,6,20170209174908,20170723112612,,,C,wayback/calado_php_2009/20170409063048.html;wayback/calado_php_2009/20170419024617.html;wayback/calado_php_2009/20170420021037.html;wayback/calado_php_2009/20170521093334.html;wayback/calado_php_2009/20170608150956.html;wayback/calado_php_2009/20170621212229.html,,,MARÇO 2017,DP-GD/165.2017,2017-03-16,,,,,,
trecho,III,13.2,,14.2,13.2,2017-03-16,Torre Grande até Armazém 06 (Trecho III),20170723112612,20170924215552,5,20170621212229,20171026151943,,,C,wayback/calado_php_2009/20170723112612.html;wayback/calado_php_2009/20170731165057.html;wayback/calado_php_2009/20170823183723.html;wayback/calado_php_2009/20170824204918.html;wayback/calado_php_2009/20170924215552.html,,,MARÇO 2017,DP-GD/165.2017,2017-03-16,,,,,,
trecho,III,13.2,,14.2,13.2,2017-09-28,Torre Grande até Armazém 06 (Trecho III),20171026151943,20180202164732,6,20170924215552,20180307151520,,,C,wayback/calado_php_2009/20171026151943.html;wayback/calado_php_2009/20171130230133.html;wayback/calado_php_2009/20171202011305.html;wayback/calado_php_2009/20171207155137.html;wayback/calado_php_2009/20180102034016.html;wayback/calado_php_2009/20180202164732.html,,,SETEMBRO 2017,DP-GD/492.2017,2017-09-28,,,,,,
trecho,III,13.2,,14.2,13.2,2018-02-26,Torre Grande até Armazém 06 (Trecho III),20180307151520,20180712092121,7,20180202164732,20180715010646,,,C,wayback/calado_php_2009/20180307151520.html;wayback/calado_php_2009/20180308234125.html;wayback/calado_php_2009/20180406152431.html;wayback/calado_php_2009/20180410234145.html;wayback/calado_php_2009/20180512211028.html;wayback/calado_php_2009/20180613110559.html;wayback/calado_maximo_operacional_2018/20180712092121.html,,,FEVEREIRO 2018,DIPRE-GD/74.2018,2018-02-26,,,,,,
trecho,III,13.5,,14.5,13.5,2018-07-12,Torre Grande até Armazém 06 (Trecho III),20180715010646,20190822000545,20,20180712092121,20191004100011,,,C,wayback/calado_maximo_operacional_2018/20180715010646.html;wayback/calado_maximo_operacional_2018/20180721052245.html;wayback/calado_maximo_operacional_2018/20180722091959.html;wayback/calado_maximo_operacional_2018/20180815101010.html;wayback/calado_maximo_operacional_2018/20180816151617.html;wayback/calado_maximo_operacional_2018/20180819090359.html;wayback/calado_maximo_operacional_2018/20180821073250.html;wayback/calado_maximo_operacional_2018/20180904054801.html;wayback/calado_maximo_operacional_2018/20180916182532.html;wayback/calado_maximo_operacional_2018/20181015013521.html;wayback/calado_maximo_operacional_2018/20181020184626.html;wayback/calado_maximo_operacional_2018/20181221091847.html;wayback/calado_maximo_operacional_2018/20190127070845.html;wayback/calado_maximo_operacional_2018/20190220043611.html;wayback/calado_maximo_operacional_2018/20190319223140.html;wayback/calado_maximo_operacional_2018/20190422022331.html;wayback/calado_maximo_operacional_2018/20190509061600.html;wayback/calado_maximo_operacional_2018/20190621210710.html;wayback/calado_maximo_operacional_2018/20190820162428.html;wayback/calado_maximo_operacional_2018/20190822000545.html,,,JULHO 2018,DIPRE-GD/301.2018,2018-07-12,,,,,,
trecho,III,13.5,14.5,,13.5,,Torre Grande até Armazém 06 (Trecho III),20191004100011,20210116144927,7,20190822000545,20210302013408,"221,228,230,233,234,238",2019-07-16,C,wayback/calado_maximo_operacional_2018/20191004100011.html;wayback/calado_maximo_operacional_2018/20200614202932.html;wayback/calado_maximo_operacional_2018/20200708204409.html;wayback/calado_maximo_operacional_2018/20200709003858.html;wayback/calado_maximo_operacional_2018/20200814132526.html;wayback/calado_maximo_operacional_2018/20201024141308.html;wayback/calados_operacionais_2021/20210116144927.html,,,JULHO 2018; Julho 2018,,,impresso_coluna_trecho_tabela_bercos,,,,,
trecho,III,13.5,14.5,,,,Trecho III – Torre Grande até Armazém 06,20210302013408,20261002000000,25,20210116144927,,"239,242,244,245,247,250,253,254,255,259,260,266,268,271",2021-01-29,C,wayback/calados_operacionais_2021/20210302013408.html;wayback/calados_operacionais_2021/20210419060037.html;wayback/calados_operacionais_2021/20210510223144.html;wayback/calados_operacionais_2021/20210511012409.html;wayback/calados_operacionais_2021/20210726231527.html;wayback/calados_operacionais_2021/20210730012955.html;wayback/calados_operacionais_2021/20210917162725.html;wayback/calados_operacionais_2021/20211018234425.html;wayback/calados_operacionais_2021/20220123062521.html;wayback/calados_operacionais_2021/20220126142321.html;wayback/calados_operacionais_2021/20220303061338.html;wayback/calados_operacionais_2021/20220701080245.html;wayback/calados_operacionais_2021/20220815190641.html;wayback/calados_operacionais_2021/20230330203418.html;wayback/calados_operacionais_2021/20231204100812.html;wayback/calados_operacionais_2021/20240415123629.html;wayback/calados_operacionais_2021/20240917021223.html;wayback/calados_operacionais_2021/20250125025207.html;wayback/calados_operacionais_2021/20250516013825.html;wayback/calados_operacionais_2021/20250622213429.html;wayback/calados_operacionais_2021/20251205213245.html;wayback/calados_operacionais_2021/20260314084447.html;wayback/calados_operacionais_2021/20260617163833.html;fase0/20260930_calados_operacionais.html;atual/20261002_calados_operacionais.html,DIPRE-GD/301.2018 – Julho 2018; DIPRE-GD/301.2018 de 13/07/2018,2018-07-13,TRECHO3_20231129_SPECTRAH_FIN_BAT – 29/11/2023; TRECHO3_20240319_SPECTRAH_FIN_BAT1 – 22/03/2024 TRECHO3_20240319_SPECTRAH_FIN_BAT2 – 22/03/2024; 20240719_TRECHO03_SPECTRAH_FIN_BAT_1 – 19/07/2024 20240719_TRECHO03_SPECTRAH_FIN_BAT_2 – 19/07/2024; 20241217_TRECHO3_SPECTRAH_FIN_BAT1 – 16/12/2024 20241217_TRECHO3_SPECTRAH_FIN_BAT2 – 17/12/2024; 20250812_TRECHO_3_SPECTRAH_FIN_BAT-1 – 12/08/2025 20250812_TRECHO_3_SPECTRAH_FIN_BAT-2 – 12/08/2025,,,impresso_tabela_canal,,,,,
trecho,IV,12.6,,13.6,12.6,,Armazém 06 até final da BTP (Trecho IV),20140905223439,20150411075504,5,,20150710045928,,,C,wayback/calado_php_2009/20140905223439.html;wayback/calado_php_2009/20140924134650.html;wayback/calado_php_2009/20150221204505.html;wayback/calado_php_2009/20150409025309.html;wayback/calado_php_2009/20150411075504.html,,,MAIO 2014,,,,,,,,
trecho,IV,13.2,,14.2,13.2,2015-01-16,Armazém 06 até final da Alamoa 02 (Trecho IV),20150710045928,20160504214832,9,20150411075504,20160620151505,,,C,wayback/calado_php_2009/20150710045928.html;wayback/calado_php_2009/20150801055638.html;wayback/calado_php_2009/20150813184132.html;wayback/calado_php_2009/20151016232057.html;wayback/calado_php_2009/20151113002752.html;wayback/calado_php_2009/20151113033415.html;wayback/calado_php_2009/20160204182050.html;wayback/calado_php_2009/20160305171342.html;wayback/calado_php_2009/20160504214832.html,,,JANEIRO 2015,DP-GD/20.2015,2015-01-16,,,,,,
trecho,IV,12.7,,13.7,12.7,2016-06-06,Armazém 06 até o final do terminal BTP (Trecho IV),20160620151505,20170209174908,10,20160504214832,20170409063048,,,C,wayback/calado_php_2009/20160620151505.html;wayback/calado_php_2009/20160714220357.html;wayback/calado_php_2009/20160827090557.html;wayback/calado_php_2009/20160829032457.html;wayback/calado_php_2009/20160929161801.html;wayback/calado_php_2009/20161030234635.html;wayback/calado_php_2009/20161031144235.html;wayback/calado_php_2009/20161101104842.html;wayback/calado_php_2009/20161111231826.html;wayback/calado_php_2009/20170209174908.html,,,JUNHO 2016; OUTUBRO 2016,DP-GD/452.2016,2016-06-06,,,,,,
trecho,IV,13.2,,,13.2,2017-03-16,Armazém 06 até o Terminal Alamoa (Trecho IV),20170409063048,20170621212229,6,20170209174908,20170723112612,,,C,wayback/calado_php_2009/20170409063048.html;wayback/calado_php_2009/20170419024617.html;wayback/calado_php_2009/20170420021037.html;wayback/calado_php_2009/20170521093334.html;wayback/calado_php_2009/20170608150956.html;wayback/calado_php_2009/20170621212229.html,,,MARÇO 2017,DP-GD/165.2017,2017-03-16,,,,,,
trecho,IV,13.2,,14.2,13.2,2017-03-16,Armazém 06 até o Terminal Alamoa (Trecho IV),20170723112612,20170924215552,5,20170621212229,20171026151943,,,C,wayback/calado_php_2009/20170723112612.html;wayback/calado_php_2009/20170731165057.html;wayback/calado_php_2009/20170823183723.html;wayback/calado_php_2009/20170824204918.html;wayback/calado_php_2009/20170924215552.html,,,MARÇO 2017,DP-GD/165.2017,2017-03-16,,,,,,
trecho,IV,13.2,,14.2,13.2,2017-09-28,Armazém 06 até o Terminal Alamoa (Trecho IV),20171026151943,20180712092121,13,20170924215552,20180715010646,,,C,wayback/calado_php_2009/20171026151943.html;wayback/calado_php_2009/20171130230133.html;wayback/calado_php_2009/20171202011305.html;wayback/calado_php_2009/20171207155137.html;wayback/calado_php_2009/20180102034016.html;wayback/calado_php_2009/20180202164732.html;wayback/calado_php_2009/20180307151520.html;wayback/calado_php_2009/20180308234125.html;wayback/calado_php_2009/20180406152431.html;wayback/calado_php_2009/20180410234145.html;wayback/calado_php_2009/20180512211028.html;wayback/calado_php_2009/20180613110559.html;wayback/calado_maximo_operacional_2018/20180712092121.html,,,SETEMBRO 2017,DP-GD/492.2017,2017-09-28,,,,,,
trecho,IV,13.5,,14.5,13.5,2018-07-12,Armazém 06 até o Terminal Alamoa (Trecho IV),20180715010646,20190822000545,20,20180712092121,20191004100011,,,C,wayback/calado_maximo_operacional_2018/20180715010646.html;wayback/calado_maximo_operacional_2018/20180721052245.html;wayback/calado_maximo_operacional_2018/20180722091959.html;wayback/calado_maximo_operacional_2018/20180815101010.html;wayback/calado_maximo_operacional_2018/20180816151617.html;wayback/calado_maximo_operacional_2018/20180819090359.html;wayback/calado_maximo_operacional_2018/20180821073250.html;wayback/calado_maximo_operacional_2018/20180904054801.html;wayback/calado_maximo_operacional_2018/20180916182532.html;wayback/calado_maximo_operacional_2018/20181015013521.html;wayback/calado_maximo_operacional_2018/20181020184626.html;wayback/calado_maximo_operacional_2018/20181221091847.html;wayback/calado_maximo_operacional_2018/20190127070845.html;wayback/calado_maximo_operacional_2018/20190220043611.html;wayback/calado_maximo_operacional_2018/20190319223140.html;wayback/calado_maximo_operacional_2018/20190422022331.html;wayback/calado_maximo_operacional_2018/20190509061600.html;wayback/calado_maximo_operacional_2018/20190621210710.html;wayback/calado_maximo_operacional_2018/20190820162428.html;wayback/calado_maximo_operacional_2018/20190822000545.html,,,JULHO 2018,DIPRE-GD/301.2018,2018-07-12,,,,,,
trecho,IV,13.5,14.5,,13.5,2017-09-28,Armazém 06 até o Terminal Alamoa (Trecho IV-a),20191004100011,20201024141308,6,20190822000545,20210116144927,"221,228,230,233,234",2019-07-16,C,wayback/calado_maximo_operacional_2018/20191004100011.html;wayback/calado_maximo_operacional_2018/20200614202932.html;wayback/calado_maximo_operacional_2018/20200708204409.html;wayback/calado_maximo_operacional_2018/20200709003858.html;wayback/calado_maximo_operacional_2018/20200814132526.html;wayback/calado_maximo_operacional_2018/20201024141308.html,,,JULHO 2018,DIPRE-GD/492.2017,2017-09-28,impresso_coluna_trecho_tabela_bercos,,,,,
trecho,IV,13.5,14.5,,13.5,,Armazém 06 até o Terminal Alamoa (Trecho IV-a),20210116144927,20210116144927,1,20201024141308,20210302013408,238,2021-01-05,C,wayback/calados_operacionais_2021/20210116144927.html,,,Julho 2018,,,impresso_coluna_trecho_tabela_bercos,,,,,
trecho,IV,13.5,14.5,,,,Trecho IV – Armazém 06 até o Terminal Alamoa,20210302013408,20261002000000,25,20210116144927,,"239,242,244,245,247,250,253,254,255,259,260,266,268,271",2021-01-29,C,wayback/calados_operacionais_2021/20210302013408.html;wayback/calados_operacionais_2021/20210419060037.html;wayback/calados_operacionais_2021/20210510223144.html;wayback/calados_operacionais_2021/20210511012409.html;wayback/calados_operacionais_2021/20210726231527.html;wayback/calados_operacionais_2021/20210730012955.html;wayback/calados_operacionais_2021/20210917162725.html;wayback/calados_operacionais_2021/20211018234425.html;wayback/calados_operacionais_2021/20220123062521.html;wayback/calados_operacionais_2021/20220126142321.html;wayback/calados_operacionais_2021/20220303061338.html;wayback/calados_operacionais_2021/20220701080245.html;wayback/calados_operacionais_2021/20220815190641.html;wayback/calados_operacionais_2021/20230330203418.html;wayback/calados_operacionais_2021/20231204100812.html;wayback/calados_operacionais_2021/20240415123629.html;wayback/calados_operacionais_2021/20240917021223.html;wayback/calados_operacionais_2021/20250125025207.html;wayback/calados_operacionais_2021/20250516013825.html;wayback/calados_operacionais_2021/20250622213429.html;wayback/calados_operacionais_2021/20251205213245.html;wayback/calados_operacionais_2021/20260314084447.html;wayback/calados_operacionais_2021/20260617163833.html;fase0/20260930_calados_operacionais.html;atual/20261002_calados_operacionais.html,DIPRE-GD/301.2018 – Julho 2018; DIPRE-GD/301.2018 de 13/07/2018,2018-07-13,TRECHO4_20230918_SPECTRAH_FIN_BAT1_REV1 – 18/09/2023; 20240430_TRECHO4_SPECTRAH_FIN_BAT1 – 10/05/2024; 20240627_TRECHO4_SPECTRAH_MON_BAT1 – 27/06/2024; 20241210_TRECHO4_SPECTRAH_FIN_BAT1 – 09/12/2024; 20250828_TRECHO_4_SPECTRAH_FIN_BAT-1 – 28/08/2025,,,impresso_tabela_canal,,,,,
trecho,IV-B,11.2,,12.2,11.2,,Terminal BTP até o final do Trecho IV (Trecho IV),20140905223439,20170209174908,24,,20170409063048,,,C,wayback/calado_php_2009/20140905223439.html;wayback/calado_php_2009/20140924134650.html;wayback/calado_php_2009/20150221204505.html;wayback/calado_php_2009/20150409025309.html;wayback/calado_php_2009/20150411075504.html;wayback/calado_php_2009/20150710045928.html;wayback/calado_php_2009/20150801055638.html;wayback/calado_php_2009/20150813184132.html;wayback/calado_php_2009/20151016232057.html;wayback/calado_php_2009/20151113002752.html;wayback/calado_php_2009/20151113033415.html;wayback/calado_php_2009/20160204182050.html;wayback/calado_php_2009/20160305171342.html;wayback/calado_php_2009/20160504214832.html;wayback/calado_php_2009/20160620151505.html;wayback/calado_php_2009/20160714220357.html;wayback/calado_php_2009/20160827090557.html;wayback/calado_php_2009/20160829032457.html;wayback/calado_php_2009/20160929161801.html;wayback/calado_php_2009/20161030234635.html;wayback/calado_php_2009/20161031144235.html;wayback/calado_php_2009/20161101104842.html;wayback/calado_php_2009/20161111231826.html;wayback/calado_php_2009/20170209174908.html,,,JUNHO 2014; JUNHO 2012; JUNHO 2016; OUTUBRO 2016,,,,,,,,
trecho,IV-B,12.2,,,12.2,,Terminal Alamoa até o final do Trecho IV (Trecho IV),20170409063048,20170621212229,6,20170209174908,20170723112612,,,C,wayback/calado_php_2009/20170409063048.html;wayback/calado_php_2009/20170419024617.html;wayback/calado_php_2009/20170420021037.html;wayback/calado_php_2009/20170521093334.html;wayback/calado_php_2009/20170608150956.html;wayback/calado_php_2009/20170621212229.html,,,MARÇO 2017,,,,,,,,
trecho,IV-B,12.2,,13.2,12.2,,Terminal Alamoa até o final do Trecho IV (Trecho IV),20170723112612,20170924215552,5,20170621212229,20171026151943,,,C,wayback/calado_php_2009/20170723112612.html;wayback/calado_php_2009/20170731165057.html;wayback/calado_php_2009/20170823183723.html;wayback/calado_php_2009/20170824204918.html;wayback/calado_php_2009/20170924215552.html,,,MARÇO 2017,,,,,,,,
trecho,IV-B,12.7,,13.7,12.7,,Terminal Alamoa até o final do Trecho IV (Trecho IV),20171026151943,20180712092121,13,20170924215552,20180715010646,,,C,wayback/calado_php_2009/20171026151943.html;wayback/calado_php_2009/20171130230133.html;wayback/calado_php_2009/20171202011305.html;wayback/calado_php_2009/20171207155137.html;wayback/calado_php_2009/20180102034016.html;wayback/calado_php_2009/20180202164732.html;wayback/calado_php_2009/20180307151520.html;wayback/calado_php_2009/20180308234125.html;wayback/calado_php_2009/20180406152431.html;wayback/calado_php_2009/20180410234145.html;wayback/calado_php_2009/20180512211028.html;wayback/calado_php_2009/20180613110559.html;wayback/calado_maximo_operacional_2018/20180712092121.html,,,SETEMBRO 2017,,,,,,,,
trecho,IV-B,12.7,,13.7,12.7,2017-09-28,Terminal Alamoa até o final do Trecho IV (Trecho IV),20180715010646,20190822000545,20,20180712092121,20191004100011,,,C,wayback/calado_maximo_operacional_2018/20180715010646.html;wayback/calado_maximo_operacional_2018/20180721052245.html;wayback/calado_maximo_operacional_2018/20180722091959.html;wayback/calado_maximo_operacional_2018/20180815101010.html;wayback/calado_maximo_operacional_2018/20180816151617.html;wayback/calado_maximo_operacional_2018/20180819090359.html;wayback/calado_maximo_operacional_2018/20180821073250.html;wayback/calado_maximo_operacional_2018/20180904054801.html;wayback/calado_maximo_operacional_2018/20180916182532.html;wayback/calado_maximo_operacional_2018/20181015013521.html;wayback/calado_maximo_operacional_2018/20181020184626.html;wayback/calado_maximo_operacional_2018/20181221091847.html;wayback/calado_maximo_operacional_2018/20190127070845.html;wayback/calado_maximo_operacional_2018/20190220043611.html;wayback/calado_maximo_operacional_2018/20190319223140.html;wayback/calado_maximo_operacional_2018/20190422022331.html;wayback/calado_maximo_operacional_2018/20190509061600.html;wayback/calado_maximo_operacional_2018/20190621210710.html;wayback/calado_maximo_operacional_2018/20190820162428.html;wayback/calado_maximo_operacional_2018/20190822000545.html,,,SETEMBRO 2017,DP-GD/492.2017,2017-09-28,,,,,,
trecho,IV-B,12.7,13.7,,12.7,,Terminal Alamoa até o final do Trecho IV (Trecho IV-b),20191004100011,20210116144927,7,20190822000545,20210302013408,"221,228,230,233,234,238",2019-07-16,C,wayback/calado_maximo_operacional_2018/20191004100011.html;wayback/calado_maximo_operacional_2018/20200614202932.html;wayback/calado_maximo_operacional_2018/20200708204409.html;wayback/calado_maximo_operacional_2018/20200709003858.html;wayback/calado_maximo_operacional_2018/20200814132526.html;wayback/calado_maximo_operacional_2018/20201024141308.html;wayback/calados_operacionais_2021/20210116144927.html,,,SETEMBRO 2017; Setembro 2017,,,impresso_coluna_trecho_tabela_bercos,,,,,
trecho,IV-B,12.7,13.7,,,,Trecho IV-b – Terminal Alamoa até o final trecho IV,20210302013408,20250516013825,19,20210116144927,20250622213429,"239,242,244,245,247,250,253,254,255,259",2021-01-29,C,wayback/calados_operacionais_2021/20210302013408.html;wayback/calados_operacionais_2021/20210419060037.html;wayback/calados_operacionais_2021/20210510223144.html;wayback/calados_operacionais_2021/20210511012409.html;wayback/calados_operacionais_2021/20210726231527.html;wayback/calados_operacionais_2021/20210730012955.html;wayback/calados_operacionais_2021/20210917162725.html;wayback/calados_operacionais_2021/20211018234425.html;wayback/calados_operacionais_2021/20220123062521.html;wayback/calados_operacionais_2021/20220126142321.html;wayback/calados_operacionais_2021/20220303061338.html;wayback/calados_operacionais_2021/20220701080245.html;wayback/calados_operacionais_2021/20220815190641.html;wayback/calados_operacionais_2021/20230330203418.html;wayback/calados_operacionais_2021/20231204100812.html;wayback/calados_operacionais_2021/20240415123629.html;wayback/calados_operacionais_2021/20240917021223.html;wayback/calados_operacionais_2021/20250125025207.html;wayback/calados_operacionais_2021/20250516013825.html,DIPRE-GD/492.2017 – Setembro 2017; DIPRE-GD/492.2017 de 28/09/2017,2017-09-28,TRECHO4_20230918_SPECTRAH_FIN_BAT1_REV1 – 18/09/2023; 20240430_TRECHO4_SPECTRAH_FIN_BAT2 – 10/05/2024; 20240627_TRECHO4_SPECTRAH_MON_BAT2 – 27/06/2024; 20241210_TRECHO4_SPECTRAH_FIN_BAT2 – 10/12/2024,,,impresso_tabela_canal,,,,,
trecho,IV-B,13.2,14.2,,,,Trecho IV-b – Terminal Alamoa até o final trecho IV,20250622213429,20261002000000,6,20250516013825,,"260,266,268,271",2025-05-05,C,wayback/calados_operacionais_2021/20250622213429.html;wayback/calados_operacionais_2021/20251205213245.html;wayback/calados_operacionais_2021/20260314084447.html;wayback/calados_operacionais_2021/20260617163833.html;fase0/20260930_calados_operacionais.html;atual/20261002_calados_operacionais.html,DIPRE-GD/148.2025 de 29/04/2025,2025-04-29,202504111_TRECHO4_SPECTRAH_MON – 11/04/2025; 20250828_TRECHO_4_SPECTRAH_FIN_BAT-2 – 28/08/2025,,,impresso_tabela_canal,,,,,
trecho,III+IV,,12.0,,12.0,,Torre Grande até Alamoa,20070214043531,20070214043531,1,,20070602101756,,,A,wayback/authority_infra_2000/20070214043531.html,,,Julho de 2006,,,impresso_tabela_canal,,,,,
trecho,III+IV,,12.2,,12.2,,Torre Grande até Alamoa,20070602101756,20140313164458,21,20070214043531,,,,A,wayback/authority_infra_2000/20070602101756.html;wayback/authority_infra_2000/20080928214953.html;wayback/calado_php_2009/20091223112559.html;wayback/calado_php_2009/20091230072102.html;wayback/calado_php_2009/20100218012533.html;wayback/calado_php_2009/20100530013949.html;wayback/calado_php_2009/20100805002047.html;wayback/calado_php_2009/20110122111847.html;wayback/calado_php_2009/20110522124838.html;wayback/calado_php_2009/20110529103448.html;wayback/calado_php_2009/20110709141700.html;wayback/calado_php_2009/20110710043830.html;wayback/calado_php_2009/20111001005758.html;wayback/calado_php_2009/20111130141024.html;wayback/calado_php_2009/20120123082412.html;wayback/calado_php_2009/20120419194747.html;wayback/calado_php_2009/20120521135319.html;wayback/calado_php_2009/20120621172711.html;wayback/calado_php_2009/20131106005406.html;wayback/calado_php_2009/20140201103531.html;wayback/calado_php_2009/20140313164458.html,,,Março de 2007; Fevereiro de 2009,,,impresso_tabela_canal,,,,,
