berco_aps,trecho_impresso,trecho_situado,trechos_percorridos,captura_ts,arquivo,regra
"<bound method IndexOpsMixin.item of arquivo                   wayback/calado_maximo_operacional_2018/2020102...
pagina                                       calado_maximo_operacional_2018
captura_ts                                                   20201024141308
tipo                                                                  berco
item                                                             ARM 12-A *
descricao                                                        ARM 12-A *
calado_bm                                                              12.4
calado_pm                                                              13.4
calado_unico_impresso                                                   NaN
levantamento                                                            NaN
valores_impressos         160/168 | 215 | Com defensas 12,40 | Com defen...
documento_homologacao                                                   NaN
data_homologacao                                                        NaN
data_vigencia_impressa                                                  NaN
carta_vigencia                                                          NaN
data_carta                                                              NaN
cabecos                                                             160/168
comprimento_m                                                          15.0
profundidade_projeto                                                    NaN
remete_nota                                                             NaN
notas_rodape                                                            NaN
trecho_impresso                                      Trecho III 13,50/14,50
trecho_berco                                                            III
calado_trecho_bm                                                       13.5
calado_trecho_pm                                                       14.5
desenho                                                                 NaN
formato                                                                   C
revisao_n                                                             234.0
data_revisao_impressa                                            2020-08-17
regra_preamar             “PREAMAR” apresenta os valores máximos de cala...
Name: 428, dtype: object>","Trecho III 13,50/14,50",III,"I,II,III",20201024141308,wayback/calado_maximo_operacional_2018/20201024141308.html,APS: 'os calados nos berços ficam limitados ao calado máximo do trecho do canal no qual estão situados'; ordem dos trechos pela descrição impressa (Barra->Entreposto->Torre Grande->Armazém 06->Alamoa->final do trecho IV)
"<bound method IndexOpsMixin.item of arquivo                   wayback/calado_maximo_operacional_2018/2020102...
pagina                                       calado_maximo_operacional_2018
captura_ts                                                   20201024141308
tipo                                                                  berco
item                                                            ARM 16/17 *
descricao                                                       ARM 16/17 *
calado_bm                                                              13.2
calado_pm                                                              14.2
calado_unico_impresso                                                   NaN
levantamento                                                            NaN
valores_impressos         182/192 | 267 | 13,20 | 14,20 | Trecho III 13,...
documento_homologacao                                                   NaN
data_homologacao                                                        NaN
data_vigencia_impressa                                                  NaN
carta_vigencia                                                          NaN
data_carta                                                              NaN
cabecos                                                             182/192
comprimento_m                                                          67.0
profundidade_projeto                                                    NaN
remete_nota                                                             NaN
notas_rodape                                                            NaN
trecho_impresso                                      Trecho III 13,50/14,50
trecho_berco                                                            III
calado_trecho_bm                                                       13.5
calado_trecho_pm                                                       14.5
desenho                                                                 NaN
formato                                                                   C
revisao_n                                                             234.0
data_revisao_impressa                                            2020-08-17
regra_preamar             “PREAMAR” apresenta os valores máximos de cala...
Name: 431, dtype: object>","Trecho III 13,50/14,50",III,"I,II,III",20201024141308,wayback/calado_maximo_operacional_2018/20201024141308.html,APS: 'os calados nos berços ficam limitados ao calado máximo do trecho do canal no qual estão situados'; ordem dos trechos pela descrição impressa (Barra->Entreposto->Torre Grande->Armazém 06->Alamoa->final do trecho IV)
"<bound method IndexOpsMixin.item of arquivo                   wayback/calado_maximo_operacional_2018/2020102...
pagina                                       calado_maximo_operacional_2018
captura_ts                                                   20201024141308
tipo                                                                  berco
item                                                               ARM 19 *
descricao                                                          ARM 19 *
calado_bm                                                              13.0
calado_pm                                                              14.0
calado_unico_impresso                                                   NaN
levantamento                                                            NaN
valores_impressos         192/203 | 270 | 13,00 | 14,00 | Trecho III 13,...
documento_homologacao                                                   NaN
data_homologacao                                                        NaN
data_vigencia_impressa                                                  NaN
carta_vigencia                                                          NaN
data_carta                                                              NaN
cabecos                                                             192/203
comprimento_m                                                          70.0
profundidade_projeto                                                    NaN
remete_nota                                                             NaN
notas_rodape                                                            NaN
trecho_impresso                                      Trecho III 13,50/14,50
trecho_berco                                                            III
calado_trecho_bm                                                       13.5
calado_trecho_pm                                                       14.5
desenho                                                                 NaN
formato                                                                   C
revisao_n                                                             234.0
data_revisao_impressa                                            2020-08-17
regra_preamar             “PREAMAR” apresenta os valores máximos de cala...
Name: 432, dtype: object>","Trecho III 13,50/14,50",III,"I,II,III",20201024141308,wayback/calado_maximo_operacional_2018/20201024141308.html,APS: 'os calados nos berços ficam limitados ao calado máximo do trecho do canal no qual estão situados'; ordem dos trechos pela descrição impressa (Barra->Entreposto->Torre Grande->Armazém 06->Alamoa->final do trecho IV)
"<bound method IndexOpsMixin.item of arquivo                   wayback/calado_maximo_operacional_2018/2020102...
pagina                                       calado_maximo_operacional_2018
captura_ts                                                   20201024141308
tipo                                                                  berco
item                                                            ARM 20/21 *
descricao                                                       ARM 20/21 *
calado_bm                                                              12.9
calado_pm                                                              13.9
calado_unico_impresso                                                   NaN
levantamento                                                            NaN
valores_impressos         203/213 | 251 | 12,90 | 13,90 | Trecho III 13,...
documento_homologacao                                                   NaN
data_homologacao                                                        NaN
data_vigencia_impressa                                                  NaN
carta_vigencia                                                          NaN
data_carta                                                              NaN
cabecos                                                             203/213
comprimento_m                                                          51.0
profundidade_projeto                                                    NaN
remete_nota                                                             NaN
notas_rodape                                                            NaN
trecho_impresso                                      Trecho III 13,50/14,50
trecho_berco                                                            III
calado_trecho_bm                                                       13.5
calado_trecho_pm                                                       14.5
desenho                                                                 NaN
formato                                                                   C
revisao_n                                                             234.0
data_revisao_impressa                                            2020-08-17
regra_preamar             “PREAMAR” apresenta os valores máximos de cala...
Name: 433, dtype: object>","Trecho III 13,50/14,50",III,"I,II,III",20201024141308,wayback/calado_maximo_operacional_2018/20201024141308.html,APS: 'os calados nos berços ficam limitados ao calado máximo do trecho do canal no qual estão situados'; ordem dos trechos pela descrição impressa (Barra->Entreposto->Torre Grande->Armazém 06->Alamoa->final do trecho IV)
"<bound method IndexOpsMixin.item of arquivo                   wayback/calado_maximo_operacional_2018/2020102...
pagina                                       calado_maximo_operacional_2018
captura_ts                                                   20201024141308
tipo                                                                  berco
item                                                       OUTEIRINHOS 03 *
descricao                                                  OUTEIRINHOS 03 *
calado_bm                                                              12.9
calado_pm                                                              13.9
calado_unico_impresso                                                   NaN
levantamento                                                            NaN
valores_impressos         57/29 | 354 | 12,90 | 13,90 | Trecho II 13,50/...
documento_homologacao                                                   NaN
data_homologacao                                                        NaN
data_vigencia_impressa                                                  NaN
carta_vigencia                                                          NaN
data_carta                                                              NaN
cabecos                                                               57/29
comprimento_m                                                          54.0
profundidade_projeto                                                    NaN
remete_nota                                                             NaN
notas_rodape                                                            NaN
trecho_impresso                                       Trecho II 13,50/14,50
trecho_berco                                                             II
calado_trecho_bm                                                       13.5
calado_trecho_pm                                                       14.5
desenho                                                                 NaN
formato                                                                   C
revisao_n                                                             234.0
data_revisao_impressa                                            2020-08-17
regra_preamar             “PREAMAR” apresenta os valores máximos de cala...
Name: 438, dtype: object>","Trecho II 13,50/14,50",II,"I,II",20201024141308,wayback/calado_maximo_operacional_2018/20201024141308.html,APS: 'os calados nos berços ficam limitados ao calado máximo do trecho do canal no qual estão situados'; ordem dos trechos pela descrição impressa (Barra->Entreposto->Torre Grande->Armazém 06->Alamoa->final do trecho IV)
"<bound method IndexOpsMixin.item of arquivo                   wayback/calado_maximo_operacional_2018/2020102...
pagina                                       calado_maximo_operacional_2018
captura_ts                                                   20201024141308
tipo                                                                  berco
item                                                   OUTEIRINHOS 02(MB) *
descricao                                              OUTEIRINHOS 02(MB) *
calado_bm                                                              13.2
calado_pm                                                              14.2
calado_unico_impresso                                                   NaN
levantamento                                                            NaN
valores_impressos         29/15 | 210 | 13,20 | 14,20 | Trecho II 13,50/...
documento_homologacao                                                   NaN
data_homologacao                                                        NaN
data_vigencia_impressa                                                  NaN
carta_vigencia                                                          NaN
data_carta                                                              NaN
cabecos                                                               29/15
comprimento_m                                                          10.0
profundidade_projeto                                                    NaN
remete_nota                                                             NaN
notas_rodape                                                            NaN
trecho_impresso                                       Trecho II 13,50/14,50
trecho_berco                                                             II
calado_trecho_bm                                                       13.5
calado_trecho_pm                                                       14.5
desenho                                                                 NaN
formato                                                                   C
revisao_n                                                             234.0
data_revisao_impressa                                            2020-08-17
regra_preamar             “PREAMAR” apresenta os valores máximos de cala...
Name: 439, dtype: object>","Trecho II 13,50/14,50",II,"I,II",20201024141308,wayback/calado_maximo_operacional_2018/20201024141308.html,APS: 'os calados nos berços ficam limitados ao calado máximo do trecho do canal no qual estão situados'; ordem dos trechos pela descrição impressa (Barra->Entreposto->Torre Grande->Armazém 06->Alamoa->final do trecho IV)
"<bound method IndexOpsMixin.item of arquivo                   wayback/calado_maximo_operacional_2018/2020102...
pagina                                       calado_maximo_operacional_2018
captura_ts                                                   20201024141308
tipo                                                                  berco
item                                                               ARM 38 *
descricao                                                          ARM 38 *
calado_bm                                                              13.7
calado_pm                                                              14.7
calado_unico_impresso                                                   NaN
levantamento                                                            NaN
valores_impressos         379/391 | 319 | 13,70 | 14,70 | Trecho II 13,5...
documento_homologacao                                                   NaN
data_homologacao                                                        NaN
data_vigencia_impressa                                                  NaN
carta_vigencia                                                          NaN
data_carta                                                              NaN
cabecos                                                             379/391
comprimento_m                                                          19.0
profundidade_projeto                                                    NaN
remete_nota                                                             NaN
notas_rodape                                                            NaN
trecho_impresso                                       Trecho II 13,50/14,50
trecho_berco                                                             II
calado_trecho_bm                                                       13.5
calado_trecho_pm                                                       14.5
desenho                                                                 NaN
formato                                                                   C
revisao_n                                                             234.0
data_revisao_impressa                                            2020-08-17
regra_preamar             “PREAMAR” apresenta os valores máximos de cala...
Name: 452, dtype: object>","Trecho II 13,50/14,50",II,"I,II",20201024141308,wayback/calado_maximo_operacional_2018/20201024141308.html,APS: 'os calados nos berços ficam limitados ao calado máximo do trecho do canal no qual estão situados'; ordem dos trechos pela descrição impressa (Barra->Entreposto->Torre Grande->Armazém 06->Alamoa->final do trecho IV)
"<bound method IndexOpsMixin.item of arquivo                   wayback/calado_maximo_operacional_2018/2020102...
pagina                                       calado_maximo_operacional_2018
captura_ts                                                   20201024141308
tipo                                                                  berco
item                                                               ARM 39 *
descricao                                                          ARM 39 *
calado_bm                                                              13.7
calado_pm                                                              14.7
calado_unico_impresso                                                   NaN
levantamento                                                            NaN
valores_impressos         391/401 | 289 | 13,70 | 14,70 | Trecho II 13,5...
documento_homologacao                                                   NaN
data_homologacao                                                        NaN
data_vigencia_impressa                                                  NaN
carta_vigencia                                                          NaN
data_carta                                                              NaN
cabecos                                                             391/401
comprimento_m                                                          89.0
profundidade_projeto                                                    NaN
remete_nota                                                             NaN
notas_rodape                                                            NaN
trecho_impresso                                       Trecho II 13,50/14,50
trecho_berco                                                             II
calado_trecho_bm                                                       13.5
calado_trecho_pm                                                       14.5
desenho                                                                 NaN
formato                                                                   C
revisao_n                                                             234.0
data_revisao_impressa                                            2020-08-17
regra_preamar             “PREAMAR” apresenta os valores máximos de cala...
Name: 453, dtype: object>","Trecho II 13,50/14,50",II,"I,II",20201024141308,wayback/calado_maximo_operacional_2018/20201024141308.html,APS: 'os calados nos berços ficam limitados ao calado máximo do trecho do canal no qual estão situados'; ordem dos trechos pela descrição impressa (Barra->Entreposto->Torre Grande->Armazém 06->Alamoa->final do trecho IV)
"<bound method IndexOpsMixin.item of arquivo                   wayback/calado_maximo_operacional_2018/2020102...
pagina                                       calado_maximo_operacional_2018
captura_ts                                                   20201024141308
tipo                                                                  berco
item                                                                 TEAG *
descricao                                                            TEAG *
calado_bm                                                              13.1
calado_pm                                                              14.1
calado_unico_impresso                                                   NaN
levantamento                                                            NaN
valores_impressos             | 174 | 13,10 | 14,10 | Trecho II 13,50/14,50
documento_homologacao                                                   NaN
data_homologacao                                                        NaN
data_vigencia_impressa                                                  NaN
carta_vigencia                                                          NaN
data_carta                                                              NaN
cabecos                                                                    
comprimento_m                                                          74.0
profundidade_projeto                                                    NaN
remete_nota                                                             NaN
notas_rodape                                                            NaN
trecho_impresso                                       Trecho II 13,50/14,50
trecho_berco                                                             II
calado_trecho_bm                                                       13.5
calado_trecho_pm                                                       14.5
desenho                                                                 NaN
formato                                                                   C
revisao_n                                                             234.0
data_revisao_impressa                                            2020-08-17
regra_preamar             “PREAMAR” apresenta os valores máximos de cala...
Name: 454, dtype: object>","Trecho II 13,50/14,50",II,"I,II",20201024141308,wayback/calado_maximo_operacional_2018/20201024141308.html,APS: 'os calados nos berços ficam limitados ao calado máximo do trecho do canal no qual estão situados'; ordem dos trechos pela descrição impressa (Barra->Entreposto->Torre Grande->Armazém 06->Alamoa->final do trecho IV)
"<bound method IndexOpsMixin.item of arquivo                   wayback/calado_maximo_operacional_2018/2020102...
pagina                                       calado_maximo_operacional_2018
captura_ts                                                   20201024141308
tipo                                                                  berco
item                                                                  TEG *
descricao                                                             TEG *
calado_bm                                                              13.0
calado_pm                                                              14.0
calado_unico_impresso                                                   NaN
levantamento                                                            NaN
valores_impressos             | 168 | 13,00 | 14,00 | Trecho II 13,50/14,50
documento_homologacao                                                   NaN
data_homologacao                                                        NaN
data_vigencia_impressa                                                  NaN
carta_vigencia                                                          NaN
data_carta                                                              NaN
cabecos                                                                    
comprimento_m                                                          68.0
profundidade_projeto                                                    NaN
remete_nota                                                             NaN
notas_rodape                                                            NaN
trecho_impresso                                       Trecho II 13,50/14,50
trecho_berco                                                             II
calado_trecho_bm                                                       13.5
calado_trecho_pm                                                       14.5
desenho                                                                 NaN
formato                                                                   C
revisao_n                                                             234.0
data_revisao_impressa                                            2020-08-17
regra_preamar             “PREAMAR” apresenta os valores máximos de cala...
Name: 455, dtype: object>","Trecho II 13,50/14,50",II,"I,II",20201024141308,wayback/calado_maximo_operacional_2018/20201024141308.html,APS: 'os calados nos berços ficam limitados ao calado máximo do trecho do canal no qual estão situados'; ordem dos trechos pela descrição impressa (Barra->Entreposto->Torre Grande->Armazém 06->Alamoa->final do trecho IV)
"<bound method IndexOpsMixin.item of arquivo                   wayback/calado_maximo_operacional_2018/2020102...
pagina                                       calado_maximo_operacional_2018
captura_ts                                                   20201024141308
tipo                                                                  berco
item                                                                  TGG *
descricao                                                             TGG *
calado_bm                                                              13.3
calado_pm                                                              14.3
calado_unico_impresso                                                   NaN
levantamento                                                            NaN
valores_impressos         402/409 | 277 | 13,30 | 14,30 | Trecho II 13,5...
documento_homologacao                                                   NaN
data_homologacao                                                        NaN
data_vigencia_impressa                                                  NaN
carta_vigencia                                                          NaN
data_carta                                                              NaN
cabecos                                                             402/409
comprimento_m                                                          77.0
profundidade_projeto                                                    NaN
remete_nota                                                             NaN
notas_rodape                                                            NaN
trecho_impresso                                       Trecho II 13,50/14,50
trecho_berco                                                             II
calado_trecho_bm                                                       13.5
calado_trecho_pm                                                       14.5
desenho                                                                 NaN
formato                                                                   C
revisao_n                                                             234.0
data_revisao_impressa                                            2020-08-17
regra_preamar             “PREAMAR” apresenta os valores máximos de cala...
Name: 457, dtype: object>","Trecho II 13,50/14,50",II,"I,II",20201024141308,wayback/calado_maximo_operacional_2018/20201024141308.html,APS: 'os calados nos berços ficam limitados ao calado máximo do trecho do canal no qual estão situados'; ordem dos trechos pela descrição impressa (Barra->Entreposto->Torre Grande->Armazém 06->Alamoa->final do trecho IV)
"<bound method IndexOpsMixin.item of arquivo                   wayback/calados_operacionais_2021/202208151906...
pagina                                            calados_operacionais_2021
captura_ts                                                   20220815190641
tipo                                                                  berco
item                                                              ARM FRIGº
descricao                                                         ARM FRIGº
calado_bm                                                               8.3
calado_pm                                                               8.6
calado_unico_impresso                                                   NaN
levantamento                                                            NaN
valores_impressos         229/234 | 152 | 8,30 | 8,60 | Trecho III 13,50...
documento_homologacao                                                   NaN
data_homologacao                                                        NaN
data_vigencia_impressa                                                  NaN
carta_vigencia                                                          NaN
data_carta                                                              NaN
cabecos                                                             229/234
comprimento_m                                                          52.0
profundidade_projeto                                                    NaN
remete_nota                                                             NaN
notas_rodape                                                            NaN
trecho_impresso                                      Trecho III 13,50/14,50
trecho_berco                                                            III
calado_trecho_bm                                                       13.5
calado_trecho_pm                                                       14.5
desenho                                                                 NaN
formato                                                                   C
revisao_n                                                             245.0
data_revisao_impressa                                            2022-02-01
regra_preamar             “Preamar” apresenta os valores máximos de cala...
Name: 1526, dtype: object>","Trecho III 13,50/14,50",III,"I,II,III",20220815190641,wayback/calados_operacionais_2021/20220815190641.html,APS: 'os calados nos berços ficam limitados ao calado máximo do trecho do canal no qual estão situados'; ordem dos trechos pela descrição impressa (Barra->Entreposto->Torre Grande->Armazém 06->Alamoa->final do trecho IV)
"<bound method IndexOpsMixin.item of arquivo                   wayback/calados_operacionais_2021/202208151906...
pagina                                            calados_operacionais_2021
captura_ts                                                   20220815190641
tipo                                                                  berco
item                                                              ARM 29/30
descricao                                                         ARM 29/30
calado_bm                                                              11.4
calado_pm                                                              11.7
calado_unico_impresso                                                   NaN
levantamento                                                            NaN
valores_impressos         282/287 | 125 | 11,40 | 11,70 | Trecho II 13,5...
documento_homologacao                                                   NaN
data_homologacao                                                        NaN
data_vigencia_impressa                                                  NaN
carta_vigencia                                                          NaN
data_carta                                                              NaN
cabecos                                                             282/287
comprimento_m                                                          25.0
profundidade_projeto                                                    NaN
remete_nota                                                             NaN
notas_rodape                                                            NaN
trecho_impresso                                       Trecho II 13,50/14,50
trecho_berco                                                             II
calado_trecho_bm                                                       13.5
calado_trecho_pm                                                       14.5
desenho                                                                 NaN
formato                                                                   C
revisao_n                                                             245.0
data_revisao_impressa                                            2022-02-01
regra_preamar             “Preamar” apresenta os valores máximos de cala...
Name: 1532, dtype: object>","Trecho II 13,50/14,50",II,"I,II",20220815190641,wayback/calados_operacionais_2021/20220815190641.html,APS: 'os calados nos berços ficam limitados ao calado máximo do trecho do canal no qual estão situados'; ordem dos trechos pela descrição impressa (Barra->Entreposto->Torre Grande->Armazém 06->Alamoa->final do trecho IV)
"<bound method IndexOpsMixin.item of arquivo                   wayback/calados_operacionais_2021/202208151906...
pagina                                            calados_operacionais_2021
captura_ts                                                   20220815190641
tipo                                                                  berco
item                                                              ARM 31/32
descricao                                                         ARM 31/32
calado_bm                                                              11.3
calado_pm                                                              11.6
calado_unico_impresso                                                   NaN
levantamento                                                            NaN
valores_impressos         300/307 | 172 | 11,30 | 11,60 | Trecho II 13,5...
documento_homologacao                                                   NaN
data_homologacao                                                        NaN
data_vigencia_impressa                                                  NaN
carta_vigencia                                                          NaN
data_carta                                                              NaN
cabecos                                                             300/307
comprimento_m                                                          72.0
profundidade_projeto                                                    NaN
remete_nota                                                             NaN
notas_rodape                                                            NaN
trecho_impresso                                       Trecho II 13,50/14,50
trecho_berco                                                             II
calado_trecho_bm                                                       13.5
calado_trecho_pm                                                       14.5
desenho                                                                 NaN
formato                                                                   C
revisao_n                                                             245.0
data_revisao_impressa                                            2022-02-01
regra_preamar             “Preamar” apresenta os valores máximos de cala...
Name: 1535, dtype: object>","Trecho II 13,50/14,50",II,"I,II",20220815190641,wayback/calados_operacionais_2021/20220815190641.html,APS: 'os calados nos berços ficam limitados ao calado máximo do trecho do canal no qual estão situados'; ordem dos trechos pela descrição impressa (Barra->Entreposto->Torre Grande->Armazém 06->Alamoa->final do trecho IV)
"<bound method IndexOpsMixin.item of arquivo                   wayback/calados_operacionais_2021/202208151906...
pagina                                            calados_operacionais_2021
captura_ts                                                   20220815190641
tipo                                                                  berco
item                                                              ARM 33/34
descricao                                                         ARM 33/34
calado_bm                                                              11.4
calado_pm                                                              11.7
calado_unico_impresso                                                   NaN
levantamento                                                            NaN
valores_impressos         321/325 | 105 | 11,40 | 11,70 | Trecho II 13,5...
documento_homologacao                                                   NaN
data_homologacao                                                        NaN
data_vigencia_impressa                                                  NaN
carta_vigencia                                                          NaN
data_carta                                                              NaN
cabecos                                                             321/325
comprimento_m                                                           5.0
profundidade_projeto                                                    NaN
remete_nota                                                             NaN
notas_rodape                                                            NaN
trecho_impresso                                       Trecho II 13,50/14,50
trecho_berco                                                             II
calado_trecho_bm                                                       13.5
calado_trecho_pm                                                       14.5
desenho                                                                 NaN
formato                                                                   C
revisao_n                                                             245.0
data_revisao_impressa                                            2022-02-01
regra_preamar             “Preamar” apresenta os valores máximos de cala...
Name: 1538, dtype: object>","Trecho II 13,50/14,50",II,"I,II",20220815190641,wayback/calados_operacionais_2021/20220815190641.html,APS: 'os calados nos berços ficam limitados ao calado máximo do trecho do canal no qual estão situados'; ordem dos trechos pela descrição impressa (Barra->Entreposto->Torre Grande->Armazém 06->Alamoa->final do trecho IV)
"<bound method IndexOpsMixin.item of arquivo                   wayback/calados_operacionais_2021/202208151906...
pagina                                            calados_operacionais_2021
captura_ts                                                   20220815190641
tipo                                                                  berco
item                                                    ARM 35P1 (Arm34+35)
descricao                                               ARM 35P1 (Arm34+35)
calado_bm                                                              13.2
calado_pm                                                              13.5
calado_unico_impresso                                                   NaN
levantamento                                                            NaN
valores_impressos         325/338 | 340 | 13,20 | 13,50 | Trecho II 13,5...
documento_homologacao                                                   NaN
data_homologacao                                                        NaN
data_vigencia_impressa                                                  NaN
carta_vigencia                                                          NaN
data_carta                                                              NaN
cabecos                                                             325/338
comprimento_m                                                          40.0
profundidade_projeto                                                    NaN
remete_nota                                                             NaN
notas_rodape                                                            NaN
trecho_impresso                                       Trecho II 13,50/14,50
trecho_berco                                                             II
calado_trecho_bm                                                       13.5
calado_trecho_pm                                                       14.5
desenho                                                                 NaN
formato                                                                   C
revisao_n                                                             245.0
data_revisao_impressa                                            2022-02-01
regra_preamar             “Preamar” apresenta os valores máximos de cala...
Name: 1539, dtype: object>","Trecho II 13,50/14,50",II,"I,II",20220815190641,wayback/calados_operacionais_2021/20220815190641.html,APS: 'os calados nos berços ficam limitados ao calado máximo do trecho do canal no qual estão situados'; ordem dos trechos pela descrição impressa (Barra->Entreposto->Torre Grande->Armazém 06->Alamoa->final do trecho IV)
"<bound method IndexOpsMixin.item of arquivo                   wayback/calados_operacionais_2021/202208151906...
pagina                                            calados_operacionais_2021
captura_ts                                                   20220815190641
tipo                                                                  berco
item                                                   ARM 35P2 (35.1+35.2)
descricao                                              ARM 35P2 (35.1+35.2)
calado_bm                                                              12.1
calado_pm                                                              12.4
calado_unico_impresso                                                   NaN
levantamento                                                            NaN
valores_impressos         338/352 | 354 | 12,10 | 12,40 | Trecho II 13,5...
documento_homologacao                                                   NaN
data_homologacao                                                        NaN
data_vigencia_impressa                                                  NaN
carta_vigencia                                                          NaN
data_carta                                                              NaN
cabecos                                                             338/352
comprimento_m                                                          54.0
profundidade_projeto                                                    NaN
remete_nota                                                             NaN
notas_rodape                                                            NaN
trecho_impresso                                       Trecho II 13,50/14,50
trecho_berco                                                             II
calado_trecho_bm                                                       13.5
calado_trecho_pm                                                       14.5
desenho                                                                 NaN
formato                                                                   C
revisao_n                                                             245.0
data_revisao_impressa                                            2022-02-01
regra_preamar             “Preamar” apresenta os valores máximos de cala...
Name: 1540, dtype: object>","Trecho II 13,50/14,50",II,"I,II",20220815190641,wayback/calados_operacionais_2021/20220815190641.html,APS: 'os calados nos berços ficam limitados ao calado máximo do trecho do canal no qual estão situados'; ordem dos trechos pela descrição impressa (Barra->Entreposto->Torre Grande->Armazém 06->Alamoa->final do trecho IV)
"<bound method IndexOpsMixin.item of arquivo                   wayback/calados_operacionais_2021/202303302034...
pagina                                            calados_operacionais_2021
captura_ts                                                   20230330203418
tipo                                                                  berco
item                                                             ARM 12-A ³
descricao                                                        ARM 12-A ³
calado_bm                                                               NaN
calado_pm                                                               NaN
calado_unico_impresso                                                   NaN
levantamento                                                       30/06/22
valores_impressos         160/168 | 215 | (2) | (2) | Trecho III 13,50/1...
documento_homologacao                                                   NaN
data_homologacao                                                        NaN
data_vigencia_impressa                                                  NaN
carta_vigencia                                                          NaN
data_carta                                                              NaN
cabecos                                                             160/168
comprimento_m                                                          15.0
profundidade_projeto                                                    NaN
remete_nota                                                             (2)
notas_rodape                                                            2,2
trecho_impresso                                      Trecho III 13,50/14,50
trecho_berco                                                            III
calado_trecho_bm                                                       13.5
calado_trecho_pm                                                       14.5
desenho                                                                 NaN
formato                                                                   C
revisao_n                                                             247.0
data_revisao_impressa                                            2022-09-06
regra_preamar             “Preamar” apresenta os valores máximos de cala...
Name: 1575, dtype: object>","Trecho III 13,50/14,50",III,"I,II,III",20230330203418,wayback/calados_operacionais_2021/20230330203418.html,APS: 'os calados nos berços ficam limitados ao calado máximo do trecho do canal no qual estão situados'; ordem dos trechos pela descrição impressa (Barra->Entreposto->Torre Grande->Armazém 06->Alamoa->final do trecho IV)
"<bound method IndexOpsMixin.item of arquivo                   wayback/calados_operacionais_2021/202303302034...
pagina                                            calados_operacionais_2021
captura_ts                                                   20230330203418
tipo                                                                  berco
item                                                            ARM 16/17 ³
descricao                                                       ARM 16/17 ³
calado_bm                                                              13.2
calado_pm                                                              14.2
calado_unico_impresso                                                   NaN
levantamento                                                       02/02/21
valores_impressos         182/192 | 267 | 13,20 | 14,20 | Trecho III 13,...
documento_homologacao                                                   NaN
data_homologacao                                                        NaN
data_vigencia_impressa                                                  NaN
carta_vigencia                                                          NaN
data_carta                                                              NaN
cabecos                                                             182/192
comprimento_m                                                          67.0
profundidade_projeto                                                    NaN
remete_nota                                                             NaN
notas_rodape                                                            NaN
trecho_impresso                                      Trecho III 13,50/14,50
trecho_berco                                                            III
calado_trecho_bm                                                       13.5
calado_trecho_pm                                                       14.5
desenho                                                                 NaN
formato                                                                   C
revisao_n                                                             247.0
data_revisao_impressa                                            2022-09-06
regra_preamar             “Preamar” apresenta os valores máximos de cala...
Name: 1578, dtype: object>","Trecho III 13,50/14,50",III,"I,II,III",20230330203418,wayback/calados_operacionais_2021/20230330203418.html,APS: 'os calados nos berços ficam limitados ao calado máximo do trecho do canal no qual estão situados'; ordem dos trechos pela descrição impressa (Barra->Entreposto->Torre Grande->Armazém 06->Alamoa->final do trecho IV)
"<bound method IndexOpsMixin.item of arquivo                   wayback/calados_operacionais_2021/202303302034...
pagina                                            calados_operacionais_2021
captura_ts                                                   20230330203418
tipo                                                                  berco
item                                                               ARM 19 ³
descricao                                                          ARM 19 ³
calado_bm                                                              13.0
calado_pm                                                              14.0
calado_unico_impresso                                                   NaN
levantamento                                                       14/02/21
valores_impressos         192/203 | 270 | 13,00 | 14,00 | Trecho III 13,...
documento_homologacao                                                   NaN
data_homologacao                                                        NaN
data_vigencia_impressa                                                  NaN
carta_vigencia                                                          NaN
data_carta                                                              NaN
cabecos                                                             192/203
comprimento_m                                                          70.0
profundidade_projeto                                                    NaN
remete_nota                                                             NaN
notas_rodape                                                            NaN
trecho_impresso                                      Trecho III 13,50/14,50
trecho_berco                                                            III
calado_trecho_bm                                                       13.5
calado_trecho_pm                                                       14.5
desenho                                                                 NaN
formato                                                                   C
revisao_n                                                             247.0
data_revisao_impressa                                            2022-09-06
regra_preamar             “Preamar” apresenta os valores máximos de cala...
Name: 1579, dtype: object>","Trecho III 13,50/14,50",III,"I,II,III",20230330203418,wayback/calados_operacionais_2021/20230330203418.html,APS: 'os calados nos berços ficam limitados ao calado máximo do trecho do canal no qual estão situados'; ordem dos trechos pela descrição impressa (Barra->Entreposto->Torre Grande->Armazém 06->Alamoa->final do trecho IV)
"<bound method IndexOpsMixin.item of arquivo                   wayback/calados_operacionais_2021/202303302034...
pagina                                            calados_operacionais_2021
captura_ts                                                   20230330203418
tipo                                                                  berco
item                                                            ARM 20/21 ³
descricao                                                       ARM 20/21 ³
calado_bm                                                              12.9
calado_pm                                                              13.9
calado_unico_impresso                                                   NaN
levantamento                                                       01/07/22
valores_impressos         203/213 | 251 | 12,90 | 13,90 | Trecho III 13,...
documento_homologacao                                                   NaN
data_homologacao                                                        NaN
data_vigencia_impressa                                                  NaN
carta_vigencia                                                          NaN
data_carta                                                              NaN
cabecos                                                             203/213
comprimento_m                                                          51.0
profundidade_projeto                                                    NaN
remete_nota                                                             NaN
notas_rodape                                                            NaN
trecho_impresso                                      Trecho III 13,50/14,50
trecho_berco                                                            III
calado_trecho_bm                                                       13.5
calado_trecho_pm                                                       14.5
desenho                                                                 NaN
formato                                                                   C
revisao_n                                                             247.0
data_revisao_impressa                                            2022-09-06
regra_preamar             “Preamar” apresenta os valores máximos de cala...
Name: 1580, dtype: object>","Trecho III 13,50/14,50",III,"I,II,III",20230330203418,wayback/calados_operacionais_2021/20230330203418.html,APS: 'os calados nos berços ficam limitados ao calado máximo do trecho do canal no qual estão situados'; ordem dos trechos pela descrição impressa (Barra->Entreposto->Torre Grande->Armazém 06->Alamoa->final do trecho IV)
"<bound method IndexOpsMixin.item of arquivo                   wayback/calados_operacionais_2021/202303302034...
pagina                                            calados_operacionais_2021
captura_ts                                                   20230330203418
tipo                                                                  berco
item                                                       OUTEIRINHOS 03 ³
descricao                                                  OUTEIRINHOS 03 ³
calado_bm                                                              13.5
calado_pm                                                              14.5
calado_unico_impresso                                                   NaN
levantamento                                                       24/05/22
valores_impressos         53/29 | 305 | 13,50 | 14,50 | Trecho II 13,50/...
documento_homologacao                                                   NaN
data_homologacao                                                        NaN
data_vigencia_impressa                                                  NaN
carta_vigencia                                                          NaN
data_carta                                                              NaN
cabecos                                                               53/29
comprimento_m                                                           5.0
profundidade_projeto                                                    NaN
remete_nota                                                             NaN
notas_rodape                                                            NaN
trecho_impresso                                       Trecho II 13,50/14,50
trecho_berco                                                             II
calado_trecho_bm                                                       13.5
calado_trecho_pm                                                       14.5
desenho                                                                 NaN
formato                                                                   C
revisao_n                                                             247.0
data_revisao_impressa                                            2022-09-06
regra_preamar             “Preamar” apresenta os valores máximos de cala...
Name: 1584, dtype: object>","Trecho II 13,50/14,50",II,"I,II",20230330203418,wayback/calados_operacionais_2021/20230330203418.html,APS: 'os calados nos berços ficam limitados ao calado máximo do trecho do canal no qual estão situados'; ordem dos trechos pela descrição impressa (Barra->Entreposto->Torre Grande->Armazém 06->Alamoa->final do trecho IV)
"<bound method IndexOpsMixin.item of arquivo                   wayback/calados_operacionais_2021/202303302034...
pagina                                            calados_operacionais_2021
captura_ts                                                   20230330203418
tipo                                                                  berco
item                                                   OUTEIRINHOS 02(MB) ³
descricao                                              OUTEIRINHOS 02(MB) ³
calado_bm                                                              13.5
calado_pm                                                              14.5
calado_unico_impresso                                                   NaN
levantamento                                                       09/06/22
valores_impressos         29/15 | 210 | 13,50 | 14,50 | Trecho II 13,50/...
documento_homologacao                                                   NaN
data_homologacao                                                        NaN
data_vigencia_impressa                                                  NaN
carta_vigencia                                                          NaN
data_carta                                                              NaN
cabecos                                                               29/15
comprimento_m                                                          10.0
profundidade_projeto                                                    NaN
remete_nota                                                             NaN
notas_rodape                                                            NaN
trecho_impresso                                       Trecho II 13,50/14,50
trecho_berco                                                             II
calado_trecho_bm                                                       13.5
calado_trecho_pm                                                       14.5
desenho                                                                 NaN
formato                                                                   C
revisao_n                                                             247.0
data_revisao_impressa                                            2022-09-06
regra_preamar             “Preamar” apresenta os valores máximos de cala...
Name: 1585, dtype: object>","Trecho II 13,50/14,50",II,"I,II",20230330203418,wayback/calados_operacionais_2021/20230330203418.html,APS: 'os calados nos berços ficam limitados ao calado máximo do trecho do canal no qual estão situados'; ordem dos trechos pela descrição impressa (Barra->Entreposto->Torre Grande->Armazém 06->Alamoa->final do trecho IV)
"<bound method IndexOpsMixin.item of arquivo                   wayback/calados_operacionais_2021/202303302034...
pagina                                            calados_operacionais_2021
captura_ts                                                   20230330203418
tipo                                                                  berco
item                                                               ARM 38 ³
descricao                                                          ARM 38 ³
calado_bm                                                              13.5
calado_pm                                                              14.5
calado_unico_impresso                                                   NaN
levantamento                                                       12/08/21
valores_impressos         379/391 | 319 | 13,50 | 14,50 | Trecho II 13,5...
documento_homologacao                                                   NaN
data_homologacao                                                        NaN
data_vigencia_impressa                                                  NaN
carta_vigencia                                                          NaN
data_carta                                                              NaN
cabecos                                                             379/391
comprimento_m                                                          19.0
profundidade_projeto                                                    NaN
remete_nota                                                             NaN
notas_rodape                                                            NaN
trecho_impresso                                       Trecho II 13,50/14,50
trecho_berco                                                             II
calado_trecho_bm                                                       13.5
calado_trecho_pm                                                       14.5
desenho                                                                 NaN
formato                                                                   C
revisao_n                                                             247.0
data_revisao_impressa                                            2022-09-06
regra_preamar             “Preamar” apresenta os valores máximos de cala...
Name: 1596, dtype: object>","Trecho II 13,50/14,50",II,"I,II",20230330203418,wayback/calados_operacionais_2021/20230330203418.html,APS: 'os calados nos berços ficam limitados ao calado máximo do trecho do canal no qual estão situados'; ordem dos trechos pela descrição impressa (Barra->Entreposto->Torre Grande->Armazém 06->Alamoa->final do trecho IV)
"<bound method IndexOpsMixin.item of arquivo                   wayback/calados_operacionais_2021/202303302034...
pagina                                            calados_operacionais_2021
captura_ts                                                   20230330203418
tipo                                                                  berco
item                                                               ARM 39 ³
descricao                                                          ARM 39 ³
calado_bm                                                              13.5
calado_pm                                                              14.5
calado_unico_impresso                                                   NaN
levantamento                                                       07/07/22
valores_impressos         391/401 | 289 | 13,50 | 14,50 | Trecho II 13,5...
documento_homologacao                                                   NaN
data_homologacao                                                        NaN
data_vigencia_impressa                                                  NaN
carta_vigencia                                                          NaN
data_carta                                                              NaN
cabecos                                                             391/401
comprimento_m                                                          89.0
profundidade_projeto                                                    NaN
remete_nota                                                             NaN
notas_rodape                                                            NaN
trecho_impresso                                       Trecho II 13,50/14,50
trecho_berco                                                             II
calado_trecho_bm                                                       13.5
calado_trecho_pm                                                       14.5
desenho                                                                 NaN
formato                                                                   C
revisao_n                                                             247.0
data_revisao_impressa                                            2022-09-06
regra_preamar             “Preamar” apresenta os valores máximos de cala...
Name: 1597, dtype: object>","Trecho II 13,50/14,50",II,"I,II",20230330203418,wayback/calados_operacionais_2021/20230330203418.html,APS: 'os calados nos berços ficam limitados ao calado máximo do trecho do canal no qual estão situados'; ordem dos trechos pela descrição impressa (Barra->Entreposto->Torre Grande->Armazém 06->Alamoa->final do trecho IV)
"<bound method IndexOpsMixin.item of arquivo                   wayback/calados_operacionais_2021/202303302034...
pagina                                            calados_operacionais_2021
captura_ts                                                   20230330203418
tipo                                                                  berco
item                                                                 TEAG ³
descricao                                                            TEAG ³
calado_bm                                                              12.7
calado_pm                                                              13.7
calado_unico_impresso                                                   NaN
levantamento                                                       30/05/22
valores_impressos          | 174 | 12,70 | 13,70 | Trecho II 13,50/14,50...
documento_homologacao                                                   NaN
data_homologacao                                                        NaN
data_vigencia_impressa                                                  NaN
carta_vigencia                                                          NaN
data_carta                                                              NaN
cabecos                                                                    
comprimento_m                                                          74.0
profundidade_projeto                                                    NaN
remete_nota                                                             NaN
notas_rodape                                                            NaN
trecho_impresso                                       Trecho II 13,50/14,50
trecho_berco                                                             II
calado_trecho_bm                                                       13.5
calado_trecho_pm                                                       14.5
desenho                                                                 NaN
formato                                                                   C
revisao_n                                                             247.0
data_revisao_impressa                                            2022-09-06
regra_preamar             “Preamar” apresenta os valores máximos de cala...
Name: 1598, dtype: object>","Trecho II 13,50/14,50",II,"I,II",20230330203418,wayback/calados_operacionais_2021/20230330203418.html,APS: 'os calados nos berços ficam limitados ao calado máximo do trecho do canal no qual estão situados'; ordem dos trechos pela descrição impressa (Barra->Entreposto->Torre Grande->Armazém 06->Alamoa->final do trecho IV)
"<bound method IndexOpsMixin.item of arquivo                   wayback/calados_operacionais_2021/202303302034...
pagina                                            calados_operacionais_2021
captura_ts                                                   20230330203418
tipo                                                                  berco
item                                                                  TEG ³
descricao                                                             TEG ³
calado_bm                                                              13.0
calado_pm                                                              14.0
calado_unico_impresso                                                   NaN
levantamento                                                       25/08/21
valores_impressos          | 168 | 13,00 | 14,00 | Trecho II 13,50/14,50...
documento_homologacao                                                   NaN
data_homologacao                                                        NaN
data_vigencia_impressa                                                  NaN
carta_vigencia                                                          NaN
data_carta                                                              NaN
cabecos                                                                    
comprimento_m                                                          68.0
profundidade_projeto                                                    NaN
remete_nota                                                             NaN
notas_rodape                                                            NaN
trecho_impresso                                       Trecho II 13,50/14,50
trecho_berco                                                             II
calado_trecho_bm                                                       13.5
calado_trecho_pm                                                       14.5
desenho                                                                 NaN
formato                                                                   C
revisao_n                                                             247.0
data_revisao_impressa                                            2022-09-06
regra_preamar             “Preamar” apresenta os valores máximos de cala...
Name: 1599, dtype: object>","Trecho II 13,50/14,50",II,"I,II",20230330203418,wayback/calados_operacionais_2021/20230330203418.html,APS: 'os calados nos berços ficam limitados ao calado máximo do trecho do canal no qual estão situados'; ordem dos trechos pela descrição impressa (Barra->Entreposto->Torre Grande->Armazém 06->Alamoa->final do trecho IV)
"<bound method IndexOpsMixin.item of arquivo                   wayback/calados_operacionais_2021/202303302034...
pagina                                            calados_operacionais_2021
captura_ts                                                   20230330203418
tipo                                                                  berco
item                                                                  TGG ³
descricao                                                             TGG ³
calado_bm                                                              13.2
calado_pm                                                              14.2
calado_unico_impresso                                                   NaN
levantamento                                                       28/07/22
valores_impressos         402/409 | 277 | 13,20 | 14,20 | Trecho II 13,5...
documento_homologacao                                                   NaN
data_homologacao                                                        NaN
data_vigencia_impressa                                                  NaN
carta_vigencia                                                          NaN
data_carta                                                              NaN
cabecos                                                             402/409
comprimento_m                                                          77.0
profundidade_projeto                                                    NaN
remete_nota                                                             NaN
notas_rodape                                                            NaN
trecho_impresso                                       Trecho II 13,50/14,50
trecho_berco                                                             II
calado_trecho_bm                                                       13.5
calado_trecho_pm                                                       14.5
desenho                                                                 NaN
formato                                                                   C
revisao_n                                                             247.0
data_revisao_impressa                                            2022-09-06
regra_preamar             “Preamar” apresenta os valores máximos de cala...
Name: 1601, dtype: object>","Trecho II 13,50/14,50",II,"I,II",20230330203418,wayback/calados_operacionais_2021/20230330203418.html,APS: 'os calados nos berços ficam limitados ao calado máximo do trecho do canal no qual estão situados'; ordem dos trechos pela descrição impressa (Barra->Entreposto->Torre Grande->Armazém 06->Alamoa->final do trecho IV)
"<bound method IndexOpsMixin.item of arquivo                   wayback/calados_operacionais_2021/202312041008...
pagina                                            calados_operacionais_2021
captura_ts                                                   20231204100812
tipo                                                                  berco
item                                                             ARM 12-A 6
descricao                                                        ARM 12-A 6
calado_bm                                                               NaN
calado_pm                                                               NaN
calado_unico_impresso                                                   NaN
levantamento                                                       18/06/23
valores_impressos         160/168 | 215 | (2) | (2) | Trecho III 13,50/1...
documento_homologacao                                                   NaN
data_homologacao                                                        NaN
data_vigencia_impressa                                                  NaN
carta_vigencia                                                          NaN
data_carta                                                              NaN
cabecos                                                             160/168
comprimento_m                                                          15.0
profundidade_projeto                                                    NaN
remete_nota                                                             (2)
notas_rodape                                                            2,2
trecho_impresso                                      Trecho III 13,50/14,50
trecho_berco                                                            III
calado_trecho_bm                                                       13.5
calado_trecho_pm                                                       14.5
desenho                          ARM12A_20230618_SPECTRAH_MON_High/Low_rev1
formato                                                                   C
revisao_n                                                             250.0
data_revisao_impressa                                            2023-08-18
regra_preamar             “Preamar” apresenta os valores máximos de cala...
Name: 1632, dtype: object>","Trecho III 13,50/14,50",III,"I,II,III",20231204100812,wayback/calados_operacionais_2021/20231204100812.html,APS: 'os calados nos berços ficam limitados ao calado máximo do trecho do canal no qual estão situados'; ordem dos trechos pela descrição impressa (Barra->Entreposto->Torre Grande->Armazém 06->Alamoa->final do trecho IV)
"<bound method IndexOpsMixin.item of arquivo                   wayback/calados_operacionais_2021/202312041008...
pagina                                            calados_operacionais_2021
captura_ts                                                   20231204100812
tipo                                                                  berco
item                                                                TECON 1
descricao                                                           TECON 1
calado_bm                                                              13.8
calado_pm                                                              14.1
calado_unico_impresso                                                   NaN
levantamento                                                       14/06/23
valores_impressos         427/437 | 245 | 13,80 | 14,10 | Trecho II 13,5...
documento_homologacao                                                   NaN
data_homologacao                                                        NaN
data_vigencia_impressa                                                  NaN
carta_vigencia                                                          NaN
data_carta                                                              NaN
cabecos                                                             427/437
comprimento_m                                                          45.0
profundidade_projeto                                                    NaN
remete_nota                                                             NaN
notas_rodape                                                            NaN
trecho_impresso                                       Trecho II 13,50/14,50
trecho_berco                                                             II
calado_trecho_bm                                                       13.5
calado_trecho_pm                                                       14.5
desenho                             TECON-01_20230614_SPECTRAH_MON_High/Low
formato                                                                   C
revisao_n                                                             250.0
data_revisao_impressa                                            2023-08-18
regra_preamar             “Preamar” apresenta os valores máximos de cala...
Name: 1661, dtype: object>","Trecho II 13,50/14,50",II,"I,II",20231204100812,wayback/calados_operacionais_2021/20231204100812.html,APS: 'os calados nos berços ficam limitados ao calado máximo do trecho do canal no qual estão situados'; ordem dos trechos pela descrição impressa (Barra->Entreposto->Torre Grande->Armazém 06->Alamoa->final do trecho IV)
"<bound method IndexOpsMixin.item of arquivo                   wayback/calados_operacionais_2021/202312041008...
pagina                                            calados_operacionais_2021
captura_ts                                                   20231204100812
tipo                                                                  berco
item                                                                  TEV 2
descricao                                                             TEV 2
calado_bm                                                              12.6
calado_pm                                                              12.9
calado_unico_impresso                                                   NaN
levantamento                                                       20/09/22
valores_impressos         448/464 | 310 | 12,60 4 | 12,90 4 | Trecho II ...
documento_homologacao                                                   NaN
data_homologacao                                                        NaN
data_vigencia_impressa                                                  NaN
carta_vigencia                                                          NaN
data_carta                                                              NaN
cabecos                                                             448/464
comprimento_m                                                          10.0
profundidade_projeto                                                    NaN
remete_nota                                                             NaN
notas_rodape                                                            NaN
trecho_impresso                                       Trecho II 13,50/14,50
trecho_berco                                                             II
calado_trecho_bm                                                       13.5
calado_trecho_pm                                                       14.5
desenho                                                                 NaN
formato                                                                   C
revisao_n                                                             250.0
data_revisao_impressa                                            2023-08-18
regra_preamar             “Preamar” apresenta os valores máximos de cala...
Name: 1663, dtype: object>","Trecho II 13,50/14,50",II,"I,II",20231204100812,wayback/calados_operacionais_2021/20231204100812.html,APS: 'os calados nos berços ficam limitados ao calado máximo do trecho do canal no qual estão situados'; ordem dos trechos pela descrição impressa (Barra->Entreposto->Torre Grande->Armazém 06->Alamoa->final do trecho IV)
"<bound method IndexOpsMixin.item of arquivo                   wayback/calados_operacionais_2021/202404151236...
pagina                                            calados_operacionais_2021
captura_ts                                                   20240415123629
tipo                                                                  berco
item                                                             ARM 12-A 5
descricao                                                        ARM 12-A 5
calado_bm                                                               NaN
calado_pm                                                               NaN
calado_unico_impresso                                                   NaN
levantamento                                                       18/06/23
valores_impressos         160/168 | 215 | 12,50 | (2) | (2) | Trecho III...
documento_homologacao                                                   NaN
data_homologacao                                                        NaN
data_vigencia_impressa                                                  NaN
carta_vigencia                                                          NaN
data_carta                                                              NaN
cabecos                                                             160/168
comprimento_m                                                          15.0
profundidade_projeto                                                   12.5
remete_nota                                                             (2)
notas_rodape                                                            2,2
trecho_impresso                                      Trecho III 13,50/14,50
trecho_berco                                                            III
calado_trecho_bm                                                       13.5
calado_trecho_pm                                                       14.5
desenho                          ARM12A_20230618_SPECTRAH_MON_High/Low_rev1
formato                                                                   C
revisao_n                                                             253.0
data_revisao_impressa                                            2024-04-02
regra_preamar             “Preamar” apresenta os valores máximos de cala...
Name: 1690, dtype: object>","Trecho III 13,50/14,50",III,"I,II,III",20240415123629,wayback/calados_operacionais_2021/20240415123629.html,APS: 'os calados nos berços ficam limitados ao calado máximo do trecho do canal no qual estão situados'; ordem dos trechos pela descrição impressa (Barra->Entreposto->Torre Grande->Armazém 06->Alamoa->final do trecho IV)
"<bound method IndexOpsMixin.item of arquivo                   wayback/calados_operacionais_2021/202512052132...
pagina                                            calados_operacionais_2021
captura_ts                                                   20251205213245
tipo                                                                  berco
item                                                                AGEO SP
descricao                                                           AGEO SP
calado_bm                                                              12.0
calado_pm                                                              12.3
calado_unico_impresso                                                   NaN
levantamento                                                       28/07/23
valores_impressos         11/21 | 230 | 15,00 | 12,00 | 12,30 | Trecho I...
documento_homologacao                                                   NaN
data_homologacao                                                        NaN
data_vigencia_impressa                                                  NaN
carta_vigencia                                                          NaN
data_carta                                                              NaN
cabecos                                                               11/21
comprimento_m                                                          30.0
profundidade_projeto                                                   15.0
remete_nota                                                             NaN
notas_rodape                                                            NaN
trecho_impresso                                       Trecho IV 13,50/14,50
trecho_berco                                                             IV
calado_trecho_bm                                                       13.5
calado_trecho_pm                                                       14.5
desenho                                           AGEO2_2-230728spectrahFIN
formato                                                                   C
revisao_n                                                             266.0
data_revisao_impressa                                            2025-10-24
regra_preamar             “Preamar” apresenta os valores máximos de cala...
Name: 1975, dtype: object>","Trecho IV 13,50/14,50",IV,"I,II,III,IV",20251205213245,wayback/calados_operacionais_2021/20251205213245.html,APS: 'os calados nos berços ficam limitados ao calado máximo do trecho do canal no qual estão situados'; ordem dos trechos pela descrição impressa (Barra->Entreposto->Torre Grande->Armazém 06->Alamoa->final do trecho IV)
"<bound method IndexOpsMixin.item of arquivo                            atual/20261002_calados_operacionais.html
pagina                                                            aps_atual
captura_ts                                                   20261002000000
tipo                                                                  berco
item                                                                  AL 01
descricao                                                             AL 01
calado_bm                                                              12.4
calado_pm                                                              12.7
calado_unico_impresso                                                   NaN
levantamento                                                       19/08/25
valores_impressos         09/15 | 307 | 12,70 | 12,40 | 12,70 | Trecho I...
documento_homologacao                                                   NaN
data_homologacao                                                        NaN
data_vigencia_impressa                                                  NaN
carta_vigencia                                                          NaN
data_carta                                                              NaN
cabecos                                                               09/15
comprimento_m                                                           7.0
profundidade_projeto                                                   12.7
remete_nota                                                             NaN
notas_rodape                                                            NaN
trecho_impresso                                       Trecho IV 13,20/14,20
trecho_berco                                                             IV
calado_trecho_bm                                                       13.2
calado_trecho_pm                                                       14.2
desenho                                      20250819_ALAMOA_1_SPECTRAH_MON
formato                                                                   C
revisao_n                                                             271.0
data_revisao_impressa                                            2026-04-30
regra_preamar             “Preamar” apresenta os valores máximos de cala...
Name: 2210, dtype: object>","Trecho IV 13,20/14,20",IV-B,"I,II,III,IV,IV-B",20261002000000,atual/20261002_calados_operacionais.html,APS: 'os calados nos berços ficam limitados ao calado máximo do trecho do canal no qual estão situados'; ordem dos trechos pela descrição impressa (Barra->Entreposto->Torre Grande->Armazém 06->Alamoa->final do trecho IV)
"<bound method IndexOpsMixin.item of arquivo                            atual/20261002_calados_operacionais.html
pagina                                                            aps_atual
captura_ts                                                   20261002000000
tipo                                                                  berco
item                                                                  AL 02
descricao                                                             AL 02
calado_bm                                                              12.4
calado_pm                                                              12.7
calado_unico_impresso                                                   NaN
levantamento                                                       10/12/25
valores_impressos         16/22 | 307 | 12,70 | 12,40 | 12,70 | Trecho I...
documento_homologacao                                                   NaN
data_homologacao                                                        NaN
data_vigencia_impressa                                                  NaN
carta_vigencia                                                          NaN
data_carta                                                              NaN
cabecos                                                               16/22
comprimento_m                                                           7.0
profundidade_projeto                                                   12.7
remete_nota                                                             NaN
notas_rodape                                                            NaN
trecho_impresso                                       Trecho IV 13,20/14,20
trecho_berco                                                             IV
calado_trecho_bm                                                       13.2
calado_trecho_pm                                                       14.2
desenho                                     20251210_ALAMOA_02_SPECTRAH_MON
formato                                                                   C
revisao_n                                                             271.0
data_revisao_impressa                                            2026-04-30
regra_preamar             “Preamar” apresenta os valores máximos de cala...
Name: 2211, dtype: object>","Trecho IV 13,20/14,20",IV-B,"I,II,III,IV,IV-B",20261002000000,atual/20261002_calados_operacionais.html,APS: 'os calados nos berços ficam limitados ao calado máximo do trecho do canal no qual estão situados'; ordem dos trechos pela descrição impressa (Barra->Entreposto->Torre Grande->Armazém 06->Alamoa->final do trecho IV)
"<bound method IndexOpsMixin.item of arquivo                            atual/20261002_calados_operacionais.html
pagina                                                            aps_atual
captura_ts                                                   20261002000000
tipo                                                                  berco
item                                                                  AL 03
descricao                                                             AL 03
calado_bm                                                              12.4
calado_pm                                                              12.7
calado_unico_impresso                                                   NaN
levantamento                                                       09/10/25
valores_impressos         23/30 | 272 | 12,70 | 12,40 | 12,70 | Trecho I...
documento_homologacao                                                   NaN
data_homologacao                                                        NaN
data_vigencia_impressa                                                  NaN
carta_vigencia                                                          NaN
data_carta                                                              NaN
cabecos                                                               23/30
comprimento_m                                                          72.0
profundidade_projeto                                                   12.7
remete_nota                                                             NaN
notas_rodape                                                            NaN
trecho_impresso                                       Trecho IV 13,20/14,20
trecho_berco                                                             IV
calado_trecho_bm                                                       13.2
calado_trecho_pm                                                       14.2
desenho                                    220251009_ALAMOA_03_SPECTRAH_MON
formato                                                                   C
revisao_n                                                             271.0
data_revisao_impressa                                            2026-04-30
regra_preamar             “Preamar” apresenta os valores máximos de cala...
Name: 2212, dtype: object>","Trecho IV 13,20/14,20",IV-B,"I,II,III,IV,IV-B",20261002000000,atual/20261002_calados_operacionais.html,APS: 'os calados nos berços ficam limitados ao calado máximo do trecho do canal no qual estão situados'; ordem dos trechos pela descrição impressa (Barra->Entreposto->Torre Grande->Armazém 06->Alamoa->final do trecho IV)
"<bound method IndexOpsMixin.item of arquivo                            atual/20261002_calados_operacionais.html
pagina                                                            aps_atual
captura_ts                                                   20261002000000
tipo                                                                  berco
item                                                                  AL 04
descricao                                                             AL 04
calado_bm                                                              11.4
calado_pm                                                              11.7
calado_unico_impresso                                                   NaN
levantamento                                                       06/10/25
valores_impressos         30/36 | 272 | 11,70 | 11,40 | 11,70 | Trecho I...
documento_homologacao                                                   NaN
data_homologacao                                                        NaN
data_vigencia_impressa                                                  NaN
carta_vigencia                                                          NaN
data_carta                                                              NaN
cabecos                                                               30/36
comprimento_m                                                          72.0
profundidade_projeto                                                   11.7
remete_nota                                                             NaN
notas_rodape                                                            NaN
trecho_impresso                                       Trecho IV 13,20/14,20
trecho_berco                                                             IV
calado_trecho_bm                                                       13.2
calado_trecho_pm                                                       14.2
desenho                                     20251006_ALAMOA_04_SPECTRAH_MON
formato                                                                   C
revisao_n                                                             271.0
data_revisao_impressa                                            2026-04-30
regra_preamar             “Preamar” apresenta os valores máximos de cala...
Name: 2213, dtype: object>","Trecho IV 13,20/14,20",IV-B,"I,II,III,IV,IV-B",20261002000000,atual/20261002_calados_operacionais.html,APS: 'os calados nos berços ficam limitados ao calado máximo do trecho do canal no qual estão situados'; ordem dos trechos pela descrição impressa (Barra->Entreposto->Torre Grande->Armazém 06->Alamoa->final do trecho IV)
"<bound method IndexOpsMixin.item of arquivo                            atual/20261002_calados_operacionais.html
pagina                                                            aps_atual
captura_ts                                                   20261002000000
tipo                                                                  berco
item                                                                 BTP 01
descricao                                                            BTP 01
calado_bm                                                              14.2
calado_pm                                                              14.5
calado_unico_impresso                                                   NaN
levantamento                                                       11/04/26
valores_impressos         01/16 | 354 | 15,00 | 14,20 | 14,50 | Trecho I...
documento_homologacao                                                   NaN
data_homologacao                                                        NaN
data_vigencia_impressa                                                  NaN
carta_vigencia                                                          NaN
data_carta                                                              NaN
cabecos                                                               01/16
comprimento_m                                                          54.0
profundidade_projeto                                                   15.0
remete_nota                                                             NaN
notas_rodape                                                            NaN
trecho_impresso                                       Trecho IV 13,50/14,50
trecho_berco                                                             IV
calado_trecho_bm                                                       13.5
calado_trecho_pm                                                       14.5
desenho                                        20260411_BTP_01_SPECTRAH_FIN
formato                                                                   C
revisao_n                                                             271.0
data_revisao_impressa                                            2026-04-30
regra_preamar             “Preamar” apresenta os valores máximos de cala...
Name: 2214, dtype: object>","Trecho IV 13,50/14,50",IV,"I,II,III,IV",20261002000000,atual/20261002_calados_operacionais.html,APS: 'os calados nos berços ficam limitados ao calado máximo do trecho do canal no qual estão situados'; ordem dos trechos pela descrição impressa (Barra->Entreposto->Torre Grande->Armazém 06->Alamoa->final do trecho IV)
"<bound method IndexOpsMixin.item of arquivo                            atual/20261002_calados_operacionais.html
pagina                                                            aps_atual
captura_ts                                                   20261002000000
tipo                                                                  berco
item                                                                 BTP 02
descricao                                                            BTP 02
calado_bm                                                              14.2
calado_pm                                                              14.5
calado_unico_impresso                                                   NaN
levantamento                                                       24/03/26
valores_impressos         16/31 | 354 | 15,00 | 14,20 | 14,50 | Trecho I...
documento_homologacao                                                   NaN
data_homologacao                                                        NaN
data_vigencia_impressa                                                  NaN
carta_vigencia                                                          NaN
data_carta                                                              NaN
cabecos                                                               16/31
comprimento_m                                                          54.0
profundidade_projeto                                                   15.0
remete_nota                                                             NaN
notas_rodape                                                            NaN
trecho_impresso                                       Trecho IV 13,50/14,50
trecho_berco                                                             IV
calado_trecho_bm                                                       13.5
calado_trecho_pm                                                       14.5
desenho                                         20260324_BTP_2_SPECTRAH_FIN
formato                                                                   C
revisao_n                                                             271.0
data_revisao_impressa                                            2026-04-30
regra_preamar             “Preamar” apresenta os valores máximos de cala...
Name: 2215, dtype: object>","Trecho IV 13,50/14,50",IV,"I,II,III,IV",20261002000000,atual/20261002_calados_operacionais.html,APS: 'os calados nos berços ficam limitados ao calado máximo do trecho do canal no qual estão situados'; ordem dos trechos pela descrição impressa (Barra->Entreposto->Torre Grande->Armazém 06->Alamoa->final do trecho IV)
"<bound method IndexOpsMixin.item of arquivo                            atual/20261002_calados_operacionais.html
pagina                                                            aps_atual
captura_ts                                                   20261002000000
tipo                                                                  berco
item                                                                 BTP 03
descricao                                                            BTP 03
calado_bm                                                              14.2
calado_pm                                                              14.5
calado_unico_impresso                                                   NaN
levantamento                                                       06/04/26
valores_impressos         31/45 | 400 | 15,00 | 14,20 | 14,50 | Trecho I...
documento_homologacao                                                   NaN
data_homologacao                                                        NaN
data_vigencia_impressa                                                  NaN
carta_vigencia                                                          NaN
data_carta                                                              NaN
cabecos                                                               31/45
comprimento_m                                                           0.0
profundidade_projeto                                                   15.0
remete_nota                                                             NaN
notas_rodape                                                            NaN
trecho_impresso                                       Trecho IV 13,50/14,50
trecho_berco                                                             IV
calado_trecho_bm                                                       13.5
calado_trecho_pm                                                       14.5
desenho                                         20260406_BTP_3_SPECTRAH_FIN
formato                                                                   C
revisao_n                                                             271.0
data_revisao_impressa                                            2026-04-30
regra_preamar             “Preamar” apresenta os valores máximos de cala...
Name: 2216, dtype: object>","Trecho IV 13,50/14,50",IV,"I,II,III,IV",20261002000000,atual/20261002_calados_operacionais.html,APS: 'os calados nos berços ficam limitados ao calado máximo do trecho do canal no qual estão situados'; ordem dos trechos pela descrição impressa (Barra->Entreposto->Torre Grande->Armazém 06->Alamoa->final do trecho IV)
"<bound method IndexOpsMixin.item of arquivo                            atual/20261002_calados_operacionais.html
pagina                                                            aps_atual
captura_ts                                                   20261002000000
tipo                                                                  berco
item                                                                  IB OE
descricao                                                             IB OE
calado_bm                                                              12.8
calado_pm                                                              13.1
calado_unico_impresso                                                   NaN
levantamento                                                       16/03/26
valores_impressos         11/21 | 230 | 15,00 | 12,80 | 13,10 | Trecho I...
documento_homologacao                                                   NaN
data_homologacao                                                        NaN
data_vigencia_impressa                                                  NaN
carta_vigencia                                                          NaN
data_carta                                                              NaN
cabecos                                                               11/21
comprimento_m                                                          30.0
profundidade_projeto                                                   15.0
remete_nota                                                             NaN
notas_rodape                                                            NaN
trecho_impresso                                       Trecho IV 13,50/14,50
trecho_berco                                                             IV
calado_trecho_bm                                                       13.5
calado_trecho_pm                                                       14.5
desenho                                          20260316_IBOE_SPECTRAH_FIN
formato                                                                   C
revisao_n                                                             271.0
data_revisao_impressa                                            2026-04-30
regra_preamar             “Preamar” apresenta os valores máximos de cala...
Name: 2217, dtype: object>","Trecho IV 13,50/14,50",IV,"I,II,III,IV",20261002000000,atual/20261002_calados_operacionais.html,APS: 'os calados nos berços ficam limitados ao calado máximo do trecho do canal no qual estão situados'; ordem dos trechos pela descrição impressa (Barra->Entreposto->Torre Grande->Armazém 06->Alamoa->final do trecho IV)
"<bound method IndexOpsMixin.item of arquivo                            atual/20261002_calados_operacionais.html
pagina                                                            aps_atual
captura_ts                                                   20261002000000
tipo                                                                  berco
item                                                                AGEO 01
descricao                                                           AGEO 01
calado_bm                                                              11.9
calado_pm                                                              12.2
calado_unico_impresso                                                   NaN
levantamento                                                       09/04/26
valores_impressos         01/11 | 230 | 15,00 | 11,90 | 12,20 | Trecho I...
documento_homologacao                                                   NaN
data_homologacao                                                        NaN
data_vigencia_impressa                                                  NaN
carta_vigencia                                                          NaN
data_carta                                                              NaN
cabecos                                                               01/11
comprimento_m                                                          30.0
profundidade_projeto                                                   15.0
remete_nota                                                             NaN
notas_rodape                                                            NaN
trecho_impresso                                       Trecho IV 13,50/14,50
trecho_berco                                                             IV
calado_trecho_bm                                                       13.5
calado_trecho_pm                                                       14.5
desenho                                          20260409_AGEO_SPECTRAH_FIN
formato                                                                   C
revisao_n                                                             271.0
data_revisao_impressa                                            2026-04-30
regra_preamar             “Preamar” apresenta os valores máximos de cala...
Name: 2218, dtype: object>","Trecho IV 13,50/14,50",IV,"I,II,III,IV",20261002000000,atual/20261002_calados_operacionais.html,APS: 'os calados nos berços ficam limitados ao calado máximo do trecho do canal no qual estão situados'; ordem dos trechos pela descrição impressa (Barra->Entreposto->Torre Grande->Armazém 06->Alamoa->final do trecho IV)
"<bound method IndexOpsMixin.item of arquivo                            atual/20261002_calados_operacionais.html
pagina                                                            aps_atual
captura_ts                                                   20261002000000
tipo                                                                  berco
item                                                                  IB SP
descricao                                                             IB SP
calado_bm                                                              10.0
calado_pm                                                              10.3
calado_unico_impresso                                                   NaN
levantamento                                                       08/04/26
valores_impressos         455/446 | 215 | 10,30 | 10,00 | 10,30 | Trecho...
documento_homologacao                                                   NaN
data_homologacao                                                        NaN
data_vigencia_impressa                                                  NaN
carta_vigencia                                                          NaN
data_carta                                                              NaN
cabecos                                                             455/446
comprimento_m                                                          15.0
profundidade_projeto                                                   10.3
remete_nota                                                             NaN
notas_rodape                                                            NaN
trecho_impresso                                       Trecho IV 13,50/14,50
trecho_berco                                                             IV
calado_trecho_bm                                                       13.5
calado_trecho_pm                                                       14.5
desenho                                          20260408_IBSP_SPECTRAH_FIN
formato                                                                   C
revisao_n                                                             271.0
data_revisao_impressa                                            2026-04-30
regra_preamar             “Preamar” apresenta os valores máximos de cala...
Name: 2219, dtype: object>","Trecho IV 13,50/14,50",IV,"I,II,III,IV",20261002000000,atual/20261002_calados_operacionais.html,APS: 'os calados nos berços ficam limitados ao calado máximo do trecho do canal no qual estão situados'; ordem dos trechos pela descrição impressa (Barra->Entreposto->Torre Grande->Armazém 06->Alamoa->final do trecho IV)
"<bound method IndexOpsMixin.item of arquivo                            atual/20261002_calados_operacionais.html
pagina                                                            aps_atual
captura_ts                                                   20261002000000
tipo                                                                  berco
item                                                                  IB BC
descricao                                                             IB BC
calado_bm                                                              10.0
calado_pm                                                              10.3
calado_unico_impresso                                                   NaN
levantamento                                                       06/02/26
valores_impressos         446/437 | 215 | 10,30 | 10,00 | 10,30 | Trecho...
documento_homologacao                                                   NaN
data_homologacao                                                        NaN
data_vigencia_impressa                                                  NaN
carta_vigencia                                                          NaN
data_carta                                                              NaN
cabecos                                                             446/437
comprimento_m                                                          15.0
profundidade_projeto                                                   10.3
remete_nota                                                             NaN
notas_rodape                                                            NaN
trecho_impresso                                       Trecho IV 13,50/14,50
trecho_berco                                                             IV
calado_trecho_bm                                                       13.5
calado_trecho_pm                                                       14.5
desenho                                          20260206_IBBC_SPECTRAH_MON
formato                                                                   C
revisao_n                                                             271.0
data_revisao_impressa                                            2026-04-30
regra_preamar             “Preamar” apresenta os valores máximos de cala...
Name: 2220, dtype: object>","Trecho IV 13,50/14,50",IV,"I,II,III,IV",20261002000000,atual/20261002_calados_operacionais.html,APS: 'os calados nos berços ficam limitados ao calado máximo do trecho do canal no qual estão situados'; ordem dos trechos pela descrição impressa (Barra->Entreposto->Torre Grande->Armazém 06->Alamoa->final do trecho IV)
"<bound method IndexOpsMixin.item of arquivo                            atual/20261002_calados_operacionais.html
pagina                                                            aps_atual
captura_ts                                                   20261002000000
tipo                                                                  berco
item                                                                  CS 01
descricao                                                             CS 01
calado_bm                                                              10.4
calado_pm                                                              10.7
calado_unico_impresso                                                   NaN
levantamento                                                       18/04/26
valores_impressos         41/48 | 184 | 10,70 | 10,40 | 10,70 | Trecho I...
documento_homologacao                                                   NaN
data_homologacao                                                        NaN
data_vigencia_impressa                                                  NaN
carta_vigencia                                                          NaN
data_carta                                                              NaN
cabecos                                                               41/48
comprimento_m                                                          84.0
profundidade_projeto                                                   10.7
remete_nota                                                             NaN
notas_rodape                                                            NaN
trecho_impresso                                       Trecho IV 13,50/14,50
trecho_berco                                                             IV
calado_trecho_bm                                                       13.5
calado_trecho_pm                                                       14.5
desenho                                       20260418_SABOO_1_SPECTRAH_MON
formato                                                                   C
revisao_n                                                             271.0
data_revisao_impressa                                            2026-04-30
regra_preamar             “Preamar” apresenta os valores máximos de cala...
Name: 2221, dtype: object>","Trecho IV 13,50/14,50",IV,"I,II,III,IV",20261002000000,atual/20261002_calados_operacionais.html,APS: 'os calados nos berços ficam limitados ao calado máximo do trecho do canal no qual estão situados'; ordem dos trechos pela descrição impressa (Barra->Entreposto->Torre Grande->Armazém 06->Alamoa->final do trecho IV)
"<bound method IndexOpsMixin.item of arquivo                            atual/20261002_calados_operacionais.html
pagina                                                            aps_atual
captura_ts                                                   20261002000000
tipo                                                                  berco
item                                                                  CS 02
descricao                                                             CS 02
calado_bm                                                              10.4
calado_pm                                                              10.7
calado_unico_impresso                                                   NaN
levantamento                                                       19/03/26
valores_impressos         48/56 | 200 | 10,70 | 10,40 | 10,70 | Trecho I...
documento_homologacao                                                   NaN
data_homologacao                                                        NaN
data_vigencia_impressa                                                  NaN
carta_vigencia                                                          NaN
data_carta                                                              NaN
cabecos                                                               48/56
comprimento_m                                                           0.0
profundidade_projeto                                                   10.7
remete_nota                                                             NaN
notas_rodape                                                            NaN
trecho_impresso                                       Trecho IV 13,50/14,50
trecho_berco                                                             IV
calado_trecho_bm                                                       13.5
calado_trecho_pm                                                       14.5
desenho                                       20260319_SABOO_2_SPECTRAH_MON
formato                                                                   C
revisao_n                                                             271.0
data_revisao_impressa                                            2026-04-30
regra_preamar             “Preamar” apresenta os valores máximos de cala...
Name: 2222, dtype: object>","Trecho IV 13,50/14,50",IV,"I,II,III,IV",20261002000000,atual/20261002_calados_operacionais.html,APS: 'os calados nos berços ficam limitados ao calado máximo do trecho do canal no qual estão situados'; ordem dos trechos pela descrição impressa (Barra->Entreposto->Torre Grande->Armazém 06->Alamoa->final do trecho IV)
"<bound method IndexOpsMixin.item of arquivo                            atual/20261002_calados_operacionais.html
pagina                                                            aps_atual
captura_ts                                                   20261002000000
tipo                                                                  berco
item                                                                  CS 03
descricao                                                             CS 03
calado_bm                                                              10.4
calado_pm                                                              10.7
calado_unico_impresso                                                   NaN
levantamento                                                       26/08/25
valores_impressos         56/64 | 202 | 10,70 | 10,40 | 10,70 | Trecho I...
documento_homologacao                                                   NaN
data_homologacao                                                        NaN
data_vigencia_impressa                                                  NaN
carta_vigencia                                                          NaN
data_carta                                                              NaN
cabecos                                                               56/64
comprimento_m                                                           2.0
profundidade_projeto                                                   10.7
remete_nota                                                             NaN
notas_rodape                                                            NaN
trecho_impresso                                       Trecho IV 13,50/14,50
trecho_berco                                                             IV
calado_trecho_bm                                                       13.5
calado_trecho_pm                                                       14.5
desenho                                       20250826_SABOO_3_SPECTRAH_MON
formato                                                                   C
revisao_n                                                             271.0
data_revisao_impressa                                            2026-04-30
regra_preamar             “Preamar” apresenta os valores máximos de cala...
Name: 2223, dtype: object>","Trecho IV 13,50/14,50",IV,"I,II,III,IV",20261002000000,atual/20261002_calados_operacionais.html,APS: 'os calados nos berços ficam limitados ao calado máximo do trecho do canal no qual estão situados'; ordem dos trechos pela descrição impressa (Barra->Entreposto->Torre Grande->Armazém 06->Alamoa->final do trecho IV)
"<bound method IndexOpsMixin.item of arquivo                            atual/20261002_calados_operacionais.html
pagina                                                            aps_atual
captura_ts                                                   20261002000000
tipo                                                                  berco
item                                                                  CS 04
descricao                                                             CS 04
calado_bm                                                              11.9
calado_pm                                                              12.2
calado_unico_impresso                                                   NaN
levantamento                                                       27/01/26
valores_impressos         64/71 | 184 | 13,20 | 11,90 | 12,20 | Trecho I...
documento_homologacao                                                   NaN
data_homologacao                                                        NaN
data_vigencia_impressa                                                  NaN
carta_vigencia                                                          NaN
data_carta                                                              NaN
cabecos                                                               64/71
comprimento_m                                                          84.0
profundidade_projeto                                                   13.2
remete_nota                                                             NaN
notas_rodape                                                            NaN
trecho_impresso                                       Trecho IV 13,50/14,50
trecho_berco                                                             IV
calado_trecho_bm                                                       13.5
calado_trecho_pm                                                       14.5
desenho                                       20260127_SABOO_4_SPECTRAH_MON
formato                                                                   C
revisao_n                                                             271.0
data_revisao_impressa                                            2026-04-30
regra_preamar             “Preamar” apresenta os valores máximos de cala...
Name: 2224, dtype: object>","Trecho IV 13,50/14,50",IV,"I,II,III,IV",20261002000000,atual/20261002_calados_operacionais.html,APS: 'os calados nos berços ficam limitados ao calado máximo do trecho do canal no qual estão situados'; ordem dos trechos pela descrição impressa (Barra->Entreposto->Torre Grande->Armazém 06->Alamoa->final do trecho IV)
"<bound method IndexOpsMixin.item of arquivo                            atual/20261002_calados_operacionais.html
pagina                                                            aps_atual
captura_ts                                                   20261002000000
tipo                                                                  berco
item                                                                  CORTE
descricao                                                             CORTE
calado_bm                                                              10.3
calado_pm                                                              10.6
calado_unico_impresso                                                   NaN
levantamento                                                       28/01/26
valores_impressos         72/80 | 197 | 11,70 | 10,30 | 10,60 | Trecho I...
documento_homologacao                                                   NaN
data_homologacao                                                        NaN
data_vigencia_impressa                                                  NaN
carta_vigencia                                                          NaN
data_carta                                                              NaN
cabecos                                                               72/80
comprimento_m                                                          97.0
profundidade_projeto                                                   11.7
remete_nota                                                             NaN
notas_rodape                                                            NaN
trecho_impresso                                       Trecho IV 13,50/14,50
trecho_berco                                                             IV
calado_trecho_bm                                                       13.5
calado_trecho_pm                                                       14.5
desenho                                         20260128_CORTE_SPECTRAH_MON
formato                                                                   C
revisao_n                                                             271.0
data_revisao_impressa                                            2026-04-30
regra_preamar             “Preamar” apresenta os valores máximos de cala...
Name: 2225, dtype: object>","Trecho IV 13,50/14,50",IV,"I,II,III,IV",20261002000000,atual/20261002_calados_operacionais.html,APS: 'os calados nos berços ficam limitados ao calado máximo do trecho do canal no qual estão situados'; ordem dos trechos pela descrição impressa (Barra->Entreposto->Torre Grande->Armazém 06->Alamoa->final do trecho IV)
"<bound method IndexOpsMixin.item of arquivo                            atual/20261002_calados_operacionais.html
pagina                                                            aps_atual
captura_ts                                                   20261002000000
tipo                                                                  berco
item                                                                VALONGO
descricao                                                           VALONGO
calado_bm                                                              13.4
calado_pm                                                              13.7
calado_unico_impresso                                                   NaN
levantamento                                                       08/04/26
valores_impressos         A/L | 320 | 15,00 | 13,40 | 13,70 | Trecho IV ...
documento_homologacao                                                   NaN
data_homologacao                                                        NaN
data_vigencia_impressa                                                  NaN
carta_vigencia                                                          NaN
data_carta                                                              NaN
cabecos                                                                 A/L
comprimento_m                                                          20.0
profundidade_projeto                                                   15.0
remete_nota                                                             NaN
notas_rodape                                                            NaN
trecho_impresso                                       Trecho IV 13,50/14,50
trecho_berco                                                             IV
calado_trecho_bm                                                       13.5
calado_trecho_pm                                                       14.5
desenho                                       20260408_VALONGO_SPECTRAH_MON
formato                                                                   C
revisao_n                                                             271.0
data_revisao_impressa                                            2026-04-30
regra_preamar             “Preamar” apresenta os valores máximos de cala...
Name: 2226, dtype: object>","Trecho IV 13,50/14,50",IV,"I,II,III,IV",20261002000000,atual/20261002_calados_operacionais.html,APS: 'os calados nos berços ficam limitados ao calado máximo do trecho do canal no qual estão situados'; ordem dos trechos pela descrição impressa (Barra->Entreposto->Torre Grande->Armazém 06->Alamoa->final do trecho IV)
"<bound method IndexOpsMixin.item of arquivo                            atual/20261002_calados_operacionais.html
pagina                                                            aps_atual
captura_ts                                                   20261002000000
tipo                                                                  berco
item                                                                 ARM 12
descricao                                                            ARM 12
calado_bm                                                               NaN
calado_pm                                                               NaN
calado_unico_impresso                                                   NaN
levantamento                                                       10/02/26
valores_impressos         151/159 | 220 | 13,00 | (2) | (2) | Trecho III...
documento_homologacao                                                   NaN
data_homologacao                                                        NaN
data_vigencia_impressa                                                  NaN
carta_vigencia                                                          NaN
data_carta                                                              NaN
cabecos                                                             151/159
comprimento_m                                                          20.0
profundidade_projeto                                                   13.0
remete_nota                                                             (2)
notas_rodape                                                            2,2
trecho_impresso                                      Trecho III 13,50/14,50
trecho_berco                                                            III
calado_trecho_bm                                                       13.5
calado_trecho_pm                                                       14.5
desenho                                        20260210_ARM_12_SPECTRAH_MON
formato                                                                   C
revisao_n                                                             271.0
data_revisao_impressa                                            2026-04-30
regra_preamar             “Preamar” apresenta os valores máximos de cala...
Name: 2227, dtype: object>","Trecho III 13,50/14,50",III,"I,II,III",20261002000000,atual/20261002_calados_operacionais.html,APS: 'os calados nos berços ficam limitados ao calado máximo do trecho do canal no qual estão situados'; ordem dos trechos pela descrição impressa (Barra->Entreposto->Torre Grande->Armazém 06->Alamoa->final do trecho IV)
"<bound method IndexOpsMixin.item of arquivo                            atual/20261002_calados_operacionais.html
pagina                                                            aps_atual
captura_ts                                                   20261002000000
tipo                                                                  berco
item                                                               ARM 12-A
descricao                                                      ARM 12-A (5)
calado_bm                                                               NaN
calado_pm                                                               NaN
calado_unico_impresso                                                   NaN
levantamento                                                       24/08/25
valores_impressos         160/168 | 215 | 14,60 | (3) | (3) | Trecho III...
documento_homologacao                                                   NaN
data_homologacao                                                        NaN
data_vigencia_impressa                                                  NaN
carta_vigencia                                                          NaN
data_carta                                                              NaN
cabecos                                                             160/168
comprimento_m                                                          15.0
profundidade_projeto                                                   14.6
remete_nota                                                             (3)
notas_rodape                                                          5,3,3
trecho_impresso                                      Trecho III 13,50/14,50
trecho_berco                                                            III
calado_trecho_bm                                                       13.5
calado_trecho_pm                                                       14.5
desenho                                      220250824_ARM_12A_SPECTRAH_MON
formato                                                                   C
revisao_n                                                             271.0
data_revisao_impressa                                            2026-04-30
regra_preamar             “Preamar” apresenta os valores máximos de cala...
Name: 2228, dtype: object>","Trecho III 13,50/14,50",III,"I,II,III",20261002000000,atual/20261002_calados_operacionais.html,APS: 'os calados nos berços ficam limitados ao calado máximo do trecho do canal no qual estão situados'; ordem dos trechos pela descrição impressa (Barra->Entreposto->Torre Grande->Armazém 06->Alamoa->final do trecho IV)
"<bound method IndexOpsMixin.item of arquivo                            atual/20261002_calados_operacionais.html
pagina                                                            aps_atual
captura_ts                                                   20261002000000
tipo                                                                  berco
item                                                              ARM 13/14
descricao                                                         ARM 13/14
calado_bm                                                              13.8
calado_pm                                                              14.1
calado_unico_impresso                                                   NaN
levantamento                                                       14/08/25
valores_impressos         168/175 | 216 | 11,30 | 13,80 | 14,10 | Trecho...
documento_homologacao                                                   NaN
data_homologacao                                                        NaN
data_vigencia_impressa                                                  NaN
carta_vigencia                                                          NaN
data_carta                                                              NaN
cabecos                                                             168/175
comprimento_m                                                          16.0
profundidade_projeto                                                   11.3
remete_nota                                                             NaN
notas_rodape                                                            NaN
trecho_impresso                                      Trecho III 13,50/14,50
trecho_berco                                                            III
calado_trecho_bm                                                       13.5
calado_trecho_pm                                                       14.5
desenho                                      20250814_ARM13_14_SPECTRAH_MON
formato                                                                   C
revisao_n                                                             271.0
data_revisao_impressa                                            2026-04-30
regra_preamar             “Preamar” apresenta os valores máximos de cala...
Name: 2229, dtype: object>","Trecho III 13,50/14,50",III,"I,II,III",20261002000000,atual/20261002_calados_operacionais.html,APS: 'os calados nos berços ficam limitados ao calado máximo do trecho do canal no qual estão situados'; ordem dos trechos pela descrição impressa (Barra->Entreposto->Torre Grande->Armazém 06->Alamoa->final do trecho IV)
"<bound method IndexOpsMixin.item of arquivo                            atual/20261002_calados_operacionais.html
pagina                                                            aps_atual
captura_ts                                                   20261002000000
tipo                                                                  berco
item                                                                 ARM 15
descricao                                                            ARM 15
calado_bm                                                              14.2
calado_pm                                                              14.5
calado_unico_impresso                                                   NaN
levantamento                                                       20/08/25
valores_impressos         175/181 | 198 | 11,30 | 14,20 | 14,50 | Trecho...
documento_homologacao                                                   NaN
data_homologacao                                                        NaN
data_vigencia_impressa                                                  NaN
carta_vigencia                                                          NaN
data_carta                                                              NaN
cabecos                                                             175/181
comprimento_m                                                          98.0
profundidade_projeto                                                   11.3
remete_nota                                                             NaN
notas_rodape                                                            NaN
trecho_impresso                                      Trecho III 13,50/14,50
trecho_berco                                                            III
calado_trecho_bm                                                       13.5
calado_trecho_pm                                                       14.5
desenho                                        20250820_ARM_15_SPECTRAH_MON
formato                                                                   C
revisao_n                                                             271.0
data_revisao_impressa                                            2026-04-30
regra_preamar             “Preamar” apresenta os valores máximos de cala...
Name: 2230, dtype: object>","Trecho III 13,50/14,50",III,"I,II,III",20261002000000,atual/20261002_calados_operacionais.html,APS: 'os calados nos berços ficam limitados ao calado máximo do trecho do canal no qual estão situados'; ordem dos trechos pela descrição impressa (Barra->Entreposto->Torre Grande->Armazém 06->Alamoa->final do trecho IV)
"<bound method IndexOpsMixin.item of arquivo                            atual/20261002_calados_operacionais.html
pagina                                                            aps_atual
captura_ts                                                   20261002000000
tipo                                                                  berco
item                                                              ARM 16/17
descricao                                                         ARM 16/17
calado_bm                                                              14.2
calado_pm                                                              14.5
calado_unico_impresso                                                   NaN
levantamento                                                       21/01/26
valores_impressos         182/192 | 267 | 13,50 | 14,20 | 14,50 | Trecho...
documento_homologacao                                                   NaN
data_homologacao                                                        NaN
data_vigencia_impressa                                                  NaN
carta_vigencia                                                          NaN
data_carta                                                              NaN
cabecos                                                             182/192
comprimento_m                                                          67.0
profundidade_projeto                                                   13.5
remete_nota                                                             NaN
notas_rodape                                                            NaN
trecho_impresso                                      Trecho III 13,50/14,50
trecho_berco                                                            III
calado_trecho_bm                                                       13.5
calado_trecho_pm                                                       14.5
desenho                                     20260121_ARM_16_17_SPECTRAH_MON
formato                                                                   C
revisao_n                                                             271.0
data_revisao_impressa                                            2026-04-30
regra_preamar             “Preamar” apresenta os valores máximos de cala...
Name: 2231, dtype: object>","Trecho III 13,50/14,50",III,"I,II,III",20261002000000,atual/20261002_calados_operacionais.html,APS: 'os calados nos berços ficam limitados ao calado máximo do trecho do canal no qual estão situados'; ordem dos trechos pela descrição impressa (Barra->Entreposto->Torre Grande->Armazém 06->Alamoa->final do trecho IV)
"<bound method IndexOpsMixin.item of arquivo                            atual/20261002_calados_operacionais.html
pagina                                                            aps_atual
captura_ts                                                   20261002000000
tipo                                                                  berco
item                                                                 ARM 19
descricao                                                            ARM 19
calado_bm                                                              14.2
calado_pm                                                              14.5
calado_unico_impresso                                                   NaN
levantamento                                                       04/02/26
valores_impressos         192/203 | 270 | 13,00 | 14,20 | 14,50 | Trecho...
documento_homologacao                                                   NaN
data_homologacao                                                        NaN
data_vigencia_impressa                                                  NaN
carta_vigencia                                                          NaN
data_carta                                                              NaN
cabecos                                                             192/203
comprimento_m                                                          70.0
profundidade_projeto                                                   13.0
remete_nota                                                             NaN
notas_rodape                                                            NaN
trecho_impresso                                      Trecho III 13,50/14,50
trecho_berco                                                            III
calado_trecho_bm                                                       13.5
calado_trecho_pm                                                       14.5
desenho                                        20260204_ARM_19_SPECTRAH_MON
formato                                                                   C
revisao_n                                                             271.0
data_revisao_impressa                                            2026-04-30
regra_preamar             “Preamar” apresenta os valores máximos de cala...
Name: 2232, dtype: object>","Trecho III 13,50/14,50",III,"I,II,III",20261002000000,atual/20261002_calados_operacionais.html,APS: 'os calados nos berços ficam limitados ao calado máximo do trecho do canal no qual estão situados'; ordem dos trechos pela descrição impressa (Barra->Entreposto->Torre Grande->Armazém 06->Alamoa->final do trecho IV)
"<bound method IndexOpsMixin.item of arquivo                            atual/20261002_calados_operacionais.html
pagina                                                            aps_atual
captura_ts                                                   20261002000000
tipo                                                                  berco
item                                                              ARM 20/21
descricao                                                     ARM 20/21 (5)
calado_bm                                                              12.9
calado_pm                                                              13.9
calado_unico_impresso                                                   NaN
levantamento                                                       12/02/26
valores_impressos         203/213 | 251 | 13,00 | 12,90 | 13,90 | Trecho...
documento_homologacao                                                   NaN
data_homologacao                                                        NaN
data_vigencia_impressa                                                  NaN
carta_vigencia                                                          NaN
data_carta                                                              NaN
cabecos                                                             203/213
comprimento_m                                                          51.0
profundidade_projeto                                                   13.0
remete_nota                                                             NaN
notas_rodape                                                              5
trecho_impresso                                      Trecho III 13,50/14,50
trecho_berco                                                            III
calado_trecho_bm                                                       13.5
calado_trecho_pm                                                       14.5
desenho                                     20260212_ARM_20_21_SPECTRAH_MON
formato                                                                   C
revisao_n                                                             271.0
data_revisao_impressa                                            2026-04-30
regra_preamar             “Preamar” apresenta os valores máximos de cala...
Name: 2233, dtype: object>","Trecho III 13,50/14,50",III,"I,II,III",20261002000000,atual/20261002_calados_operacionais.html,APS: 'os calados nos berços ficam limitados ao calado máximo do trecho do canal no qual estão situados'; ordem dos trechos pela descrição impressa (Barra->Entreposto->Torre Grande->Armazém 06->Alamoa->final do trecho IV)
"<bound method IndexOpsMixin.item of arquivo                            atual/20261002_calados_operacionais.html
pagina                                                            aps_atual
captura_ts                                                   20261002000000
tipo                                                                  berco
item                                                              ARM 22/23
descricao                                                         ARM 22/23
calado_bm                                                              14.0
calado_pm                                                              14.3
calado_unico_impresso                                                   NaN
levantamento                                                       06/04/26
valores_impressos         213/223 | 256 | 15,00 | 14,00 | 14,30 | Trecho...
documento_homologacao                                                   NaN
data_homologacao                                                        NaN
data_vigencia_impressa                                                  NaN
carta_vigencia                                                          NaN
data_carta                                                              NaN
cabecos                                                             213/223
comprimento_m                                                          56.0
profundidade_projeto                                                   15.0
remete_nota                                                             NaN
notas_rodape                                                            NaN
trecho_impresso                                      Trecho III 13,50/14,50
trecho_berco                                                            III
calado_trecho_bm                                                       13.5
calado_trecho_pm                                                       14.5
desenho                                      20260406_ARM22_23_SPECTRAH_MON
formato                                                                   C
revisao_n                                                             271.0
data_revisao_impressa                                            2026-04-30
regra_preamar             “Preamar” apresenta os valores máximos de cala...
Name: 2234, dtype: object>","Trecho III 13,50/14,50",III,"I,II,III",20261002000000,atual/20261002_calados_operacionais.html,APS: 'os calados nos berços ficam limitados ao calado máximo do trecho do canal no qual estão situados'; ordem dos trechos pela descrição impressa (Barra->Entreposto->Torre Grande->Armazém 06->Alamoa->final do trecho IV)
"<bound method IndexOpsMixin.item of arquivo                            atual/20261002_calados_operacionais.html
pagina                                                            aps_atual
captura_ts                                                   20261002000000
tipo                                                                  berco
item                                                               CURVA 23
descricao                                                          CURVA 23
calado_bm                                                               7.2
calado_pm                                                               7.5
calado_unico_impresso                                                   NaN
levantamento                                                       21/01/26
valores_impressos         223/229 | 172 | 8,30 | 7,20 | 7,50 | Trecho II...
documento_homologacao                                                   NaN
data_homologacao                                                        NaN
data_vigencia_impressa                                                  NaN
carta_vigencia                                                          NaN
data_carta                                                              NaN
cabecos                                                             223/229
comprimento_m                                                          72.0
profundidade_projeto                                                    8.3
remete_nota                                                             NaN
notas_rodape                                                            NaN
trecho_impresso                                      Trecho III 13,50/14,50
trecho_berco                                                            III
calado_trecho_bm                                                       13.5
calado_trecho_pm                                                       14.5
desenho                                      20260121_CURVA_23_SPECTRAH_MON
formato                                                                   C
revisao_n                                                             271.0
data_revisao_impressa                                            2026-04-30
regra_preamar             “Preamar” apresenta os valores máximos de cala...
Name: 2235, dtype: object>","Trecho III 13,50/14,50",III,"I,II,III",20261002000000,atual/20261002_calados_operacionais.html,APS: 'os calados nos berços ficam limitados ao calado máximo do trecho do canal no qual estão situados'; ordem dos trechos pela descrição impressa (Barra->Entreposto->Torre Grande->Armazém 06->Alamoa->final do trecho IV)
"<bound method IndexOpsMixin.item of arquivo                            atual/20261002_calados_operacionais.html
pagina                                                            aps_atual
captura_ts                                                   20261002000000
tipo                                                                  berco
item                                                                 ARM 25
descricao                                                            ARM 25
calado_bm                                                               8.6
calado_pm                                                               8.9
calado_unico_impresso                                                   NaN
levantamento                                                       20/01/26
valores_impressos         229/239 | 305 | 8,30 | 8,60 | 8,90 | Trecho II...
documento_homologacao                                                   NaN
data_homologacao                                                        NaN
data_vigencia_impressa                                                  NaN
carta_vigencia                                                          NaN
data_carta                                                              NaN
cabecos                                                             229/239
comprimento_m                                                           5.0
profundidade_projeto                                                    8.3
remete_nota                                                             NaN
notas_rodape                                                            NaN
trecho_impresso                                      Trecho III 13,50/14,50
trecho_berco                                                            III
calado_trecho_bm                                                       13.5
calado_trecho_pm                                                       14.5
desenho                                        20260120_ARM_25_SPECTRAH_MON
formato                                                                   C
revisao_n                                                             271.0
data_revisao_impressa                                            2026-04-30
regra_preamar             “Preamar” apresenta os valores máximos de cala...
Name: 2236, dtype: object>","Trecho III 13,50/14,50",III,"I,II,III",20261002000000,atual/20261002_calados_operacionais.html,APS: 'os calados nos berços ficam limitados ao calado máximo do trecho do canal no qual estão situados'; ordem dos trechos pela descrição impressa (Barra->Entreposto->Torre Grande->Armazém 06->Alamoa->final do trecho IV)
"<bound method IndexOpsMixin.item of arquivo                            atual/20261002_calados_operacionais.html
pagina                                                            aps_atual
captura_ts                                                   20261002000000
tipo                                                                  berco
item                                                         OUTEIRINHOS 03
descricao                                                OUTEIRINHOS 03 (5)
calado_bm                                                              13.5
calado_pm                                                              14.5
calado_unico_impresso                                                   NaN
levantamento                                                       15/07/25
valores_impressos         53/29 | 305 | 15,00 | 13,50 | 14,50 | Trecho I...
documento_homologacao                                                   NaN
data_homologacao                                                        NaN
data_vigencia_impressa                                                  NaN
carta_vigencia                                                          NaN
data_carta                                                              NaN
cabecos                                                               53/29
comprimento_m                                                           5.0
profundidade_projeto                                                   15.0
remete_nota                                                             NaN
notas_rodape                                                              5
trecho_impresso                                       Trecho II 13,50/14,50
trecho_berco                                                             II
calado_trecho_bm                                                       13.5
calado_trecho_pm                                                       14.5
desenho                                 20250715_OUTEIRINHOS_3_SPECTRAH_MON
formato                                                                   C
revisao_n                                                             271.0
data_revisao_impressa                                            2026-04-30
regra_preamar             “Preamar” apresenta os valores máximos de cala...
Name: 2237, dtype: object>","Trecho II 13,50/14,50",II,"I,II",20261002000000,atual/20261002_calados_operacionais.html,APS: 'os calados nos berços ficam limitados ao calado máximo do trecho do canal no qual estão situados'; ordem dos trechos pela descrição impressa (Barra->Entreposto->Torre Grande->Armazém 06->Alamoa->final do trecho IV)
"<bound method IndexOpsMixin.item of arquivo                            atual/20261002_calados_operacionais.html
pagina                                                            aps_atual
captura_ts                                                   20261002000000
tipo                                                                  berco
item                                                     OUTEIRINHOS 02(MB)
descricao                                                OUTEIRINHOS 02(MB)
calado_bm                                                              14.2
calado_pm                                                              14.5
calado_unico_impresso                                                   NaN
levantamento                                                       05/02/26
valores_impressos         29/15 | 210 | 15,00 | 14,20 | 14,50 | Trecho I...
documento_homologacao                                                   NaN
data_homologacao                                                        NaN
data_vigencia_impressa                                                  NaN
carta_vigencia                                                          NaN
data_carta                                                              NaN
cabecos                                                               29/15
comprimento_m                                                          10.0
profundidade_projeto                                                   15.0
remete_nota                                                             NaN
notas_rodape                                                            NaN
trecho_impresso                                       Trecho II 13,50/14,50
trecho_berco                                                             II
calado_trecho_bm                                                       13.5
calado_trecho_pm                                                       14.5
desenho                                         20260205_OUT_2_SPECTRAH_MON
formato                                                                   C
revisao_n                                                             271.0
data_revisao_impressa                                            2026-04-30
regra_preamar             “Preamar” apresenta os valores máximos de cala...
Name: 2238, dtype: object>","Trecho II 13,50/14,50",II,"I,II",20261002000000,atual/20261002_calados_operacionais.html,APS: 'os calados nos berços ficam limitados ao calado máximo do trecho do canal no qual estão situados'; ordem dos trechos pela descrição impressa (Barra->Entreposto->Torre Grande->Armazém 06->Alamoa->final do trecho IV)
"<bound method IndexOpsMixin.item of arquivo                            atual/20261002_calados_operacionais.html
pagina                                                            aps_atual
captura_ts                                                   20261002000000
tipo                                                                  berco
item                                                     OUTEIRINHOS 01(MB)
descricao                                                OUTEIRINHOS 01(MB)
calado_bm                                                              14.0
calado_pm                                                              14.3
calado_unico_impresso                                                   NaN
levantamento                                                       12/08/24
valores_impressos         15/01 | 210 | 15,00 | 14,00 | 14,30 | Trecho I...
documento_homologacao                                                   NaN
data_homologacao                                                        NaN
data_vigencia_impressa                                                  NaN
carta_vigencia                                                          NaN
data_carta                                                              NaN
cabecos                                                               15/01
comprimento_m                                                          10.0
profundidade_projeto                                                   15.0
remete_nota                                                             NaN
notas_rodape                                                            NaN
trecho_impresso                                       Trecho II 13,50/14,50
trecho_berco                                                             II
calado_trecho_bm                                                       13.5
calado_trecho_pm                                                       14.5
desenho                                  20240812_OUTEIRINHOS1_SPECTRAH_FIN
formato                                                                   C
revisao_n                                                             271.0
data_revisao_impressa                                            2026-04-30
regra_preamar             “Preamar” apresenta os valores máximos de cala...
Name: 2239, dtype: object>","Trecho II 13,50/14,50",II,"I,II",20261002000000,atual/20261002_calados_operacionais.html,APS: 'os calados nos berços ficam limitados ao calado máximo do trecho do canal no qual estão situados'; ordem dos trechos pela descrição impressa (Barra->Entreposto->Torre Grande->Armazém 06->Alamoa->final do trecho IV)
"<bound method IndexOpsMixin.item of arquivo                            atual/20261002_calados_operacionais.html
pagina                                                            aps_atual
captura_ts                                                   20261002000000
tipo                                                                  berco
item                                                                 ARM 29
descricao                                                            ARM 29
calado_bm                                                              11.4
calado_pm                                                              11.7
calado_unico_impresso                                                   NaN
levantamento                                                       19/11/25
valores_impressos         275/284 | 229 | 11,70 | 11,40 | 11,70 | Trecho...
documento_homologacao                                                   NaN
data_homologacao                                                        NaN
data_vigencia_impressa                                                  NaN
carta_vigencia                                                          NaN
data_carta                                                              NaN
cabecos                                                             275/284
comprimento_m                                                          29.0
profundidade_projeto                                                   11.7
remete_nota                                                             NaN
notas_rodape                                                            NaN
trecho_impresso                                       Trecho II 13,50/14,50
trecho_berco                                                             II
calado_trecho_bm                                                       13.5
calado_trecho_pm                                                       14.5
desenho                                        20251119_ARM_29_SPECTRAH_MON
formato                                                                   C
revisao_n                                                             271.0
data_revisao_impressa                                            2026-04-30
regra_preamar             “Preamar” apresenta os valores máximos de cala...
Name: 2240, dtype: object>","Trecho II 13,50/14,50",II,"I,II",20261002000000,atual/20261002_calados_operacionais.html,APS: 'os calados nos berços ficam limitados ao calado máximo do trecho do canal no qual estão situados'; ordem dos trechos pela descrição impressa (Barra->Entreposto->Torre Grande->Armazém 06->Alamoa->final do trecho IV)
"<bound method IndexOpsMixin.item of arquivo                            atual/20261002_calados_operacionais.html
pagina                                                            aps_atual
captura_ts                                                   20261002000000
tipo                                                                  berco
item                                                                 ARM 30
descricao                                                            ARM 30
calado_bm                                                              11.4
calado_pm                                                              11.7
calado_unico_impresso                                                   NaN
levantamento                                                       18/04/26
valores_impressos         284/293 | 225 | 11,70 | 11,40 | 11,70 | Trecho...
documento_homologacao                                                   NaN
data_homologacao                                                        NaN
data_vigencia_impressa                                                  NaN
carta_vigencia                                                          NaN
data_carta                                                              NaN
cabecos                                                             284/293
comprimento_m                                                          25.0
profundidade_projeto                                                   11.7
remete_nota                                                             NaN
notas_rodape                                                            NaN
trecho_impresso                                       Trecho II 13,50/14,50
trecho_berco                                                             II
calado_trecho_bm                                                       13.5
calado_trecho_pm                                                       14.5
desenho                                        20260418_ARM_30_SPECTRAH_MON
formato                                                                   C
revisao_n                                                             271.0
data_revisao_impressa                                            2026-04-30
regra_preamar             “Preamar” apresenta os valores máximos de cala...
Name: 2241, dtype: object>","Trecho II 13,50/14,50",II,"I,II",20261002000000,atual/20261002_calados_operacionais.html,APS: 'os calados nos berços ficam limitados ao calado máximo do trecho do canal no qual estão situados'; ordem dos trechos pela descrição impressa (Barra->Entreposto->Torre Grande->Armazém 06->Alamoa->final do trecho IV)
"<bound method IndexOpsMixin.item of arquivo                            atual/20261002_calados_operacionais.html
pagina                                                            aps_atual
captura_ts                                                   20261002000000
tipo                                                                  berco
item                                                                 ARM 31
descricao                                                            ARM 31
calado_bm                                                              11.4
calado_pm                                                              11.7
calado_unico_impresso                                                   NaN
levantamento                                                       28/01/26
valores_impressos         293/303 | 260 | 11,70 | 11,40 | 11,70 | Trecho...
documento_homologacao                                                   NaN
data_homologacao                                                        NaN
data_vigencia_impressa                                                  NaN
carta_vigencia                                                          NaN
data_carta                                                              NaN
cabecos                                                             293/303
comprimento_m                                                          60.0
profundidade_projeto                                                   11.7
remete_nota                                                             NaN
notas_rodape                                                            NaN
trecho_impresso                                       Trecho II 13,50/14,50
trecho_berco                                                             II
calado_trecho_bm                                                       13.5
calado_trecho_pm                                                       14.5
desenho                                        20260128_ARM_31_SPECTRAH_MON
formato                                                                   C
revisao_n                                                             271.0
data_revisao_impressa                                            2026-04-30
regra_preamar             “Preamar” apresenta os valores máximos de cala...
Name: 2242, dtype: object>","Trecho II 13,50/14,50",II,"I,II",20261002000000,atual/20261002_calados_operacionais.html,APS: 'os calados nos berços ficam limitados ao calado máximo do trecho do canal no qual estão situados'; ordem dos trechos pela descrição impressa (Barra->Entreposto->Torre Grande->Armazém 06->Alamoa->final do trecho IV)
"<bound method IndexOpsMixin.item of arquivo                            atual/20261002_calados_operacionais.html
pagina                                                            aps_atual
captura_ts                                                   20261002000000
tipo                                                                  berco
item                                                                 ARM 32
descricao                                                            ARM 32
calado_bm                                                              11.4
calado_pm                                                              11.7
calado_unico_impresso                                                   NaN
levantamento                                                       19/11/25
valores_impressos         303/313 | 248 | 11,70 | 11,40 | 11,70 | Trecho...
documento_homologacao                                                   NaN
data_homologacao                                                        NaN
data_vigencia_impressa                                                  NaN
carta_vigencia                                                          NaN
data_carta                                                              NaN
cabecos                                                             303/313
comprimento_m                                                          48.0
profundidade_projeto                                                   11.7
remete_nota                                                             NaN
notas_rodape                                                            NaN
trecho_impresso                                       Trecho II 13,50/14,50
trecho_berco                                                             II
calado_trecho_bm                                                       13.5
calado_trecho_pm                                                       14.5
desenho                                        20251119_ARM_32_SPECTRAH_MON
formato                                                                   C
revisao_n                                                             271.0
data_revisao_impressa                                            2026-04-30
regra_preamar             “Preamar” apresenta os valores máximos de cala...
Name: 2243, dtype: object>","Trecho II 13,50/14,50",II,"I,II",20261002000000,atual/20261002_calados_operacionais.html,APS: 'os calados nos berços ficam limitados ao calado máximo do trecho do canal no qual estão situados'; ordem dos trechos pela descrição impressa (Barra->Entreposto->Torre Grande->Armazém 06->Alamoa->final do trecho IV)
"<bound method IndexOpsMixin.item of arquivo                            atual/20261002_calados_operacionais.html
pagina                                                            aps_atual
captura_ts                                                   20261002000000
tipo                                                                  berco
item                                                                 ARM 33
descricao                                                            ARM 33
calado_bm                                                              11.4
calado_pm                                                              11.7
calado_unico_impresso                                                   NaN
levantamento                                                       19/02/26
valores_impressos         313/323 | 253 | 11,70 | 11,40 | 11,70 | Trecho...
documento_homologacao                                                   NaN
data_homologacao                                                        NaN
data_vigencia_impressa                                                  NaN
carta_vigencia                                                          NaN
data_carta                                                              NaN
cabecos                                                             313/323
comprimento_m                                                          53.0
profundidade_projeto                                                   11.7
remete_nota                                                             NaN
notas_rodape                                                            NaN
trecho_impresso                                       Trecho II 13,50/14,50
trecho_berco                                                             II
calado_trecho_bm                                                       13.5
calado_trecho_pm                                                       14.5
desenho                                        20260219_ARM_33_SPECTRAH_MON
formato                                                                   C
revisao_n                                                             271.0
data_revisao_impressa                                            2026-04-30
regra_preamar             “Preamar” apresenta os valores máximos de cala...
Name: 2244, dtype: object>","Trecho II 13,50/14,50",II,"I,II",20261002000000,atual/20261002_calados_operacionais.html,APS: 'os calados nos berços ficam limitados ao calado máximo do trecho do canal no qual estão situados'; ordem dos trechos pela descrição impressa (Barra->Entreposto->Torre Grande->Armazém 06->Alamoa->final do trecho IV)
"<bound method IndexOpsMixin.item of arquivo                            atual/20261002_calados_operacionais.html
pagina                                                            aps_atual
captura_ts                                                   20261002000000
tipo                                                                  berco
item                                                                 ARM 34
descricao                                                            ARM 34
calado_bm                                                              11.4
calado_pm                                                              11.7
calado_unico_impresso                                                   NaN
levantamento                                                       10/03/26
valores_impressos         323/333 | 263 | 11,70 4 | 11,40 4 | 11,70 4 | ...
documento_homologacao                                                   NaN
data_homologacao                                                        NaN
data_vigencia_impressa                                                  NaN
carta_vigencia                                                          NaN
data_carta                                                              NaN
cabecos                                                             323/333
comprimento_m                                                          63.0
profundidade_projeto                                                   11.7
remete_nota                                                             NaN
notas_rodape                                                            NaN
trecho_impresso                                       Trecho II 13,50/14,50
trecho_berco                                                             II
calado_trecho_bm                                                       13.5
calado_trecho_pm                                                       14.5
desenho                                        20260310_ARM_34_SPECTRAH_FIN
formato                                                                   C
revisao_n                                                             271.0
data_revisao_impressa                                            2026-04-30
regra_preamar             “Preamar” apresenta os valores máximos de cala...
Name: 2245, dtype: object>","Trecho II 13,50/14,50",II,"I,II",20261002000000,atual/20261002_calados_operacionais.html,APS: 'os calados nos berços ficam limitados ao calado máximo do trecho do canal no qual estão situados'; ordem dos trechos pela descrição impressa (Barra->Entreposto->Torre Grande->Armazém 06->Alamoa->final do trecho IV)
"<bound method IndexOpsMixin.item of arquivo                            atual/20261002_calados_operacionais.html
pagina                                                            aps_atual
captura_ts                                                   20261002000000
tipo                                                                  berco
item                                                               ARM 35.1
descricao                                                          ARM 35.1
calado_bm                                                              13.2
calado_pm                                                              13.5
calado_unico_impresso                                                   NaN
levantamento                                                       11/03/26
valores_impressos         333/342 | 238 | 13,50 | 13,20 | 13,50 | Trecho...
documento_homologacao                                                   NaN
data_homologacao                                                        NaN
data_vigencia_impressa                                                  NaN
carta_vigencia                                                          NaN
data_carta                                                              NaN
cabecos                                                             333/342
comprimento_m                                                          38.0
profundidade_projeto                                                   13.5
remete_nota                                                             NaN
notas_rodape                                                            NaN
trecho_impresso                                       Trecho II 13,50/14,50
trecho_berco                                                             II
calado_trecho_bm                                                       13.5
calado_trecho_pm                                                       14.5
desenho                                      20260311_ARM_35_1_SPECTRAH_FIN
formato                                                                   C
revisao_n                                                             271.0
data_revisao_impressa                                            2026-04-30
regra_preamar             “Preamar” apresenta os valores máximos de cala...
Name: 2246, dtype: object>","Trecho II 13,50/14,50",II,"I,II",20261002000000,atual/20261002_calados_operacionais.html,APS: 'os calados nos berços ficam limitados ao calado máximo do trecho do canal no qual estão situados'; ordem dos trechos pela descrição impressa (Barra->Entreposto->Torre Grande->Armazém 06->Alamoa->final do trecho IV)
"<bound method IndexOpsMixin.item of arquivo                            atual/20261002_calados_operacionais.html
pagina                                                            aps_atual
captura_ts                                                   20261002000000
tipo                                                                  berco
item                                                               ARM 35.2
descricao                                                          ARM 35.2
calado_bm                                                              13.2
calado_pm                                                              13.5
calado_unico_impresso                                                   NaN
levantamento                                                       11/03/26
valores_impressos         342/352 | 260 | 13,50 | 13,20 | 13,50 | Trecho...
documento_homologacao                                                   NaN
data_homologacao                                                        NaN
data_vigencia_impressa                                                  NaN
carta_vigencia                                                          NaN
data_carta                                                              NaN
cabecos                                                             342/352
comprimento_m                                                          60.0
profundidade_projeto                                                   13.5
remete_nota                                                             NaN
notas_rodape                                                            NaN
trecho_impresso                                       Trecho II 13,50/14,50
trecho_berco                                                             II
calado_trecho_bm                                                       13.5
calado_trecho_pm                                                       14.5
desenho                                      20260311_ARM_35_2_SPECTRAH_FIN
formato                                                                   C
revisao_n                                                             271.0
data_revisao_impressa                                            2026-04-30
regra_preamar             “Preamar” apresenta os valores máximos de cala...
Name: 2247, dtype: object>","Trecho II 13,50/14,50",II,"I,II",20261002000000,atual/20261002_calados_operacionais.html,APS: 'os calados nos berços ficam limitados ao calado máximo do trecho do canal no qual estão situados'; ordem dos trechos pela descrição impressa (Barra->Entreposto->Torre Grande->Armazém 06->Alamoa->final do trecho IV)
"<bound method IndexOpsMixin.item of arquivo                            atual/20261002_calados_operacionais.html
pagina                                                            aps_atual
captura_ts                                                   20261002000000
tipo                                                                  berco
item                                                           37 Pto 1 e 2
descricao                                                  37 Pto 1 e 2 (5)
calado_bm                                                              13.4
calado_pm                                                              14.4
calado_unico_impresso                                                   NaN
levantamento                                                       05/03/26
valores_impressos         366/379 | 374 | 13,70 | 13,40 | 14,40 | Trecho...
documento_homologacao                                                   NaN
data_homologacao                                                        NaN
data_vigencia_impressa                                                  NaN
carta_vigencia                                                          NaN
data_carta                                                              NaN
cabecos                                                             366/379
comprimento_m                                                          74.0
profundidade_projeto                                                   13.7
remete_nota                                                             NaN
notas_rodape                                                              5
trecho_impresso                                       Trecho II 13,50/14,50
trecho_berco                                                             II
calado_trecho_bm                                                       13.5
calado_trecho_pm                                                       14.5
desenho                                        20260305_ARM_37_SPECTRAH_FIN
formato                                                                   C
revisao_n                                                             271.0
data_revisao_impressa                                            2026-04-30
regra_preamar             “Preamar” apresenta os valores máximos de cala...
Name: 2248, dtype: object>","Trecho II 13,50/14,50",II,"I,II",20261002000000,atual/20261002_calados_operacionais.html,APS: 'os calados nos berços ficam limitados ao calado máximo do trecho do canal no qual estão situados'; ordem dos trechos pela descrição impressa (Barra->Entreposto->Torre Grande->Armazém 06->Alamoa->final do trecho IV)
"<bound method IndexOpsMixin.item of arquivo                            atual/20261002_calados_operacionais.html
pagina                                                            aps_atual
captura_ts                                                   20261002000000
tipo                                                                  berco
item                                                                 ARM 38
descricao                                                        ARM 38 (5)
calado_bm                                                              13.5
calado_pm                                                              14.5
calado_unico_impresso                                                   NaN
levantamento                                                       11/04/26
valores_impressos         379/391 | 319 | 13,70 | 13,50 | 14,50 | Trecho...
documento_homologacao                                                   NaN
data_homologacao                                                        NaN
data_vigencia_impressa                                                  NaN
carta_vigencia                                                          NaN
data_carta                                                              NaN
cabecos                                                             379/391
comprimento_m                                                          19.0
profundidade_projeto                                                   13.7
remete_nota                                                             NaN
notas_rodape                                                              5
trecho_impresso                                       Trecho II 13,50/14,50
trecho_berco                                                             II
calado_trecho_bm                                                       13.5
calado_trecho_pm                                                       14.5
desenho                                        20260411_ARM_38_SPECTRAH_FIN
formato                                                                   C
revisao_n                                                             271.0
data_revisao_impressa                                            2026-04-30
regra_preamar             “Preamar” apresenta os valores máximos de cala...
Name: 2249, dtype: object>","Trecho II 13,50/14,50",II,"I,II",20261002000000,atual/20261002_calados_operacionais.html,APS: 'os calados nos berços ficam limitados ao calado máximo do trecho do canal no qual estão situados'; ordem dos trechos pela descrição impressa (Barra->Entreposto->Torre Grande->Armazém 06->Alamoa->final do trecho IV)
"<bound method IndexOpsMixin.item of arquivo                            atual/20261002_calados_operacionais.html
pagina                                                            aps_atual
captura_ts                                                   20261002000000
tipo                                                                  berco
item                                                                 ARM 39
descricao                                                        ARM 39 (5)
calado_bm                                                              13.5
calado_pm                                                              14.5
calado_unico_impresso                                                   NaN
levantamento                                                       10/04/26
valores_impressos         391/401 | 289 | 13,70 | 13,50 | 14,50 | Trecho...
documento_homologacao                                                   NaN
data_homologacao                                                        NaN
data_vigencia_impressa                                                  NaN
carta_vigencia                                                          NaN
data_carta                                                              NaN
cabecos                                                             391/401
comprimento_m                                                          89.0
profundidade_projeto                                                   13.7
remete_nota                                                             NaN
notas_rodape                                                              5
trecho_impresso                                       Trecho II 13,50/14,50
trecho_berco                                                             II
calado_trecho_bm                                                       13.5
calado_trecho_pm                                                       14.5
desenho                                        20260410_ARM_39_SPECTRAH_FIN
formato                                                                   C
revisao_n                                                             271.0
data_revisao_impressa                                            2026-04-30
regra_preamar             “Preamar” apresenta os valores máximos de cala...
Name: 2250, dtype: object>","Trecho II 13,50/14,50",II,"I,II",20261002000000,atual/20261002_calados_operacionais.html,APS: 'os calados nos berços ficam limitados ao calado máximo do trecho do canal no qual estão situados'; ordem dos trechos pela descrição impressa (Barra->Entreposto->Torre Grande->Armazém 06->Alamoa->final do trecho IV)
"<bound method IndexOpsMixin.item of arquivo                            atual/20261002_calados_operacionais.html
pagina                                                            aps_atual
captura_ts                                                   20261002000000
tipo                                                                  berco
item                                                                   TEAG
descricao                                                          TEAG (5)
calado_bm                                                              12.8
calado_pm                                                              13.8
calado_unico_impresso                                                   NaN
levantamento                                                       20/01/26
valores_impressos          | 174 | 13,00 | 12,80 | 13,80 | Trecho II 13,...
documento_homologacao                                                   NaN
data_homologacao                                                        NaN
data_vigencia_impressa                                                  NaN
carta_vigencia                                                          NaN
data_carta                                                              NaN
cabecos                                                                    
comprimento_m                                                          74.0
profundidade_projeto                                                   13.0
remete_nota                                                             NaN
notas_rodape                                                              5
trecho_impresso                                       Trecho II 13,50/14,50
trecho_berco                                                             II
calado_trecho_bm                                                       13.5
calado_trecho_pm                                                       14.5
desenho                                          20260120_TEAG_SPECTRAH_MON
formato                                                                   C
revisao_n                                                             271.0
data_revisao_impressa                                            2026-04-30
regra_preamar             “Preamar” apresenta os valores máximos de cala...
Name: 2251, dtype: object>","Trecho II 13,50/14,50",II,"I,II",20261002000000,atual/20261002_calados_operacionais.html,APS: 'os calados nos berços ficam limitados ao calado máximo do trecho do canal no qual estão situados'; ordem dos trechos pela descrição impressa (Barra->Entreposto->Torre Grande->Armazém 06->Alamoa->final do trecho IV)
"<bound method IndexOpsMixin.item of arquivo                            atual/20261002_calados_operacionais.html
pagina                                                            aps_atual
captura_ts                                                   20261002000000
tipo                                                                  berco
item                                                                    TEG
descricao                                                           TEG (5)
calado_bm                                                              13.0
calado_pm                                                              14.0
calado_unico_impresso                                                   NaN
levantamento                                                       10/10/25
valores_impressos          | 168 | 13,00 | 13,00 | 14,00 | Trecho II 13,...
documento_homologacao                                                   NaN
data_homologacao                                                        NaN
data_vigencia_impressa                                                  NaN
carta_vigencia                                                          NaN
data_carta                                                              NaN
cabecos                                                                    
comprimento_m                                                          68.0
profundidade_projeto                                                   13.0
remete_nota                                                             NaN
notas_rodape                                                              5
trecho_impresso                                       Trecho II 13,50/14,50
trecho_berco                                                             II
calado_trecho_bm                                                       13.5
calado_trecho_pm                                                       14.5
desenho                                           20251010_TEG_SPECTRAH_MON
formato                                                                   C
revisao_n                                                             271.0
data_revisao_impressa                                            2026-04-30
regra_preamar             “Preamar” apresenta os valores máximos de cala...
Name: 2252, dtype: object>","Trecho II 13,50/14,50",II,"I,II",20261002000000,atual/20261002_calados_operacionais.html,APS: 'os calados nos berços ficam limitados ao calado máximo do trecho do canal no qual estão situados'; ordem dos trechos pela descrição impressa (Barra->Entreposto->Torre Grande->Armazém 06->Alamoa->final do trecho IV)
"<bound method IndexOpsMixin.item of arquivo                            atual/20261002_calados_operacionais.html
pagina                                                            aps_atual
captura_ts                                                   20261002000000
tipo                                                                  berco
item                                                                 TERMAG
descricao                                                            TERMAG
calado_bm                                                              13.9
calado_pm                                                              14.2
calado_unico_impresso                                                   NaN
levantamento                                                       10/04/26
valores_impressos         409/416 | 277 | 14,20 | 13,90 | 14,20 | Trecho...
documento_homologacao                                                   NaN
data_homologacao                                                        NaN
data_vigencia_impressa                                                  NaN
carta_vigencia                                                          NaN
data_carta                                                              NaN
cabecos                                                             409/416
comprimento_m                                                          77.0
profundidade_projeto                                                   14.2
remete_nota                                                             NaN
notas_rodape                                                            NaN
trecho_impresso                                       Trecho II 13,50/14,50
trecho_berco                                                             II
calado_trecho_bm                                                       13.5
calado_trecho_pm                                                       14.5
desenho                                        20260410_TERMAG_SPECTRAH_MON
formato                                                                   C
revisao_n                                                             271.0
data_revisao_impressa                                            2026-04-30
regra_preamar             “Preamar” apresenta os valores máximos de cala...
Name: 2253, dtype: object>","Trecho II 13,50/14,50",II,"I,II",20261002000000,atual/20261002_calados_operacionais.html,APS: 'os calados nos berços ficam limitados ao calado máximo do trecho do canal no qual estão situados'; ordem dos trechos pela descrição impressa (Barra->Entreposto->Torre Grande->Armazém 06->Alamoa->final do trecho IV)
"<bound method IndexOpsMixin.item of arquivo                            atual/20261002_calados_operacionais.html
pagina                                                            aps_atual
captura_ts                                                   20261002000000
tipo                                                                  berco
item                                                                    TGG
descricao                                                           TGG (5)
calado_bm                                                              13.4
calado_pm                                                              14.4
calado_unico_impresso                                                   NaN
levantamento                                                       19/09/25
valores_impressos         402/409 | 277 | 14,20 | 13,40 | 14,40 | Trecho...
documento_homologacao                                                   NaN
data_homologacao                                                        NaN
data_vigencia_impressa                                                  NaN
carta_vigencia                                                          NaN
data_carta                                                              NaN
cabecos                                                             402/409
comprimento_m                                                          77.0
profundidade_projeto                                                   14.2
remete_nota                                                             NaN
notas_rodape                                                              5
trecho_impresso                                       Trecho II 13,50/14,50
trecho_berco                                                             II
calado_trecho_bm                                                       13.5
calado_trecho_pm                                                       14.5
desenho                                           20250919_TGG_SPECTRAH_MON
formato                                                                   C
revisao_n                                                             271.0
data_revisao_impressa                                            2026-04-30
regra_preamar             “Preamar” apresenta os valores máximos de cala...
Name: 2254, dtype: object>","Trecho II 13,50/14,50",II,"I,II",20261002000000,atual/20261002_calados_operacionais.html,APS: 'os calados nos berços ficam limitados ao calado máximo do trecho do canal no qual estão situados'; ordem dos trechos pela descrição impressa (Barra->Entreposto->Torre Grande->Armazém 06->Alamoa->final do trecho IV)
"<bound method IndexOpsMixin.item of arquivo                            atual/20261002_calados_operacionais.html
pagina                                                            aps_atual
captura_ts                                                   20261002000000
tipo                                                                  berco
item                                                                TECON 3
descricao                                                           TECON 3
calado_bm                                                              14.2
calado_pm                                                              14.5
calado_unico_impresso                                                   NaN
levantamento                                                       01/04/26
valores_impressos         394/412 | 366 | 15,00 | 14,20 | 14,50 | Trecho...
documento_homologacao                                                   NaN
data_homologacao                                                        NaN
data_vigencia_impressa                                                  NaN
carta_vigencia                                                          NaN
data_carta                                                              NaN
cabecos                                                             394/412
comprimento_m                                                          66.0
profundidade_projeto                                                   15.0
remete_nota                                                             NaN
notas_rodape                                                            NaN
trecho_impresso                                       Trecho II 13,50/14,50
trecho_berco                                                             II
calado_trecho_bm                                                       13.5
calado_trecho_pm                                                       14.5
desenho                                       20260401_TECON_3_SPECTRAH_FIN
formato                                                                   C
revisao_n                                                             271.0
data_revisao_impressa                                            2026-04-30
regra_preamar             “Preamar” apresenta os valores máximos de cala...
Name: 2255, dtype: object>","Trecho II 13,50/14,50",II,"I,II",20261002000000,atual/20261002_calados_operacionais.html,APS: 'os calados nos berços ficam limitados ao calado máximo do trecho do canal no qual estão situados'; ordem dos trechos pela descrição impressa (Barra->Entreposto->Torre Grande->Armazém 06->Alamoa->final do trecho IV)
"<bound method IndexOpsMixin.item of arquivo                            atual/20261002_calados_operacionais.html
pagina                                                            aps_atual
captura_ts                                                   20261002000000
tipo                                                                  berco
item                                                                TECON 2
descricao                                                           TECON 2
calado_bm                                                              14.2
calado_pm                                                              14.5
calado_unico_impresso                                                   NaN
levantamento                                                       27/02/26
valores_impressos         412/427 | 367 | 15,00 | 14,20 | 14,50 | Trecho...
documento_homologacao                                                   NaN
data_homologacao                                                        NaN
data_vigencia_impressa                                                  NaN
carta_vigencia                                                          NaN
data_carta                                                              NaN
cabecos                                                             412/427
comprimento_m                                                          67.0
profundidade_projeto                                                   15.0
remete_nota                                                             NaN
notas_rodape                                                            NaN
trecho_impresso                                       Trecho II 13,50/14,50
trecho_berco                                                             II
calado_trecho_bm                                                       13.5
calado_trecho_pm                                                       14.5
desenho                                       20260227_TECON_2_SPECTRAH_FIN
formato                                                                   C
revisao_n                                                             271.0
data_revisao_impressa                                            2026-04-30
regra_preamar             “Preamar” apresenta os valores máximos de cala...
Name: 2256, dtype: object>","Trecho II 13,50/14,50",II,"I,II",20261002000000,atual/20261002_calados_operacionais.html,APS: 'os calados nos berços ficam limitados ao calado máximo do trecho do canal no qual estão situados'; ordem dos trechos pela descrição impressa (Barra->Entreposto->Torre Grande->Armazém 06->Alamoa->final do trecho IV)
"<bound method IndexOpsMixin.item of arquivo                            atual/20261002_calados_operacionais.html
pagina                                                            aps_atual
captura_ts                                                   20261002000000
tipo                                                                  berco
item                                                              TECON 1.2
descricao                                                         TECON 1.2
calado_bm                                                              14.2
calado_pm                                                              14.5
calado_unico_impresso                                                   NaN
levantamento                                                       01/04/26
valores_impressos         427/437 | 245 | 16,00 | 14,20 | 14,50 | Trecho...
documento_homologacao                                                   NaN
data_homologacao                                                        NaN
data_vigencia_impressa                                                  NaN
carta_vigencia                                                          NaN
data_carta                                                              NaN
cabecos                                                             427/437
comprimento_m                                                          45.0
profundidade_projeto                                                   16.0
remete_nota                                                             NaN
notas_rodape                                                            NaN
trecho_impresso                                       Trecho II 13,50/14,50
trecho_berco                                                             II
calado_trecho_bm                                                       13.5
calado_trecho_pm                                                       14.5
desenho                                     20260401_TECON_1_2_SPECTRAH_FIN
formato                                                                   C
revisao_n                                                             271.0
data_revisao_impressa                                            2026-04-30
regra_preamar             “Preamar” apresenta os valores máximos de cala...
Name: 2257, dtype: object>","Trecho II 13,50/14,50",II,"I,II",20261002000000,atual/20261002_calados_operacionais.html,APS: 'os calados nos berços ficam limitados ao calado máximo do trecho do canal no qual estão situados'; ordem dos trechos pela descrição impressa (Barra->Entreposto->Torre Grande->Armazém 06->Alamoa->final do trecho IV)
"<bound method IndexOpsMixin.item of arquivo                            atual/20261002_calados_operacionais.html
pagina                                                            aps_atual
captura_ts                                                   20261002000000
tipo                                                                  berco
item                                                              TECON 1.1
descricao                                                         TECON 1.1
calado_bm                                                              14.2
calado_pm                                                              14.5
calado_unico_impresso                                                   NaN
levantamento                                                       01/04/26
valores_impressos         437/448 | 220 | 16,00 | 14,20 | 14,50 | Trecho...
documento_homologacao                                                   NaN
data_homologacao                                                        NaN
data_vigencia_impressa                                                  NaN
carta_vigencia                                                          NaN
data_carta                                                              NaN
cabecos                                                             437/448
comprimento_m                                                          20.0
profundidade_projeto                                                   16.0
remete_nota                                                             NaN
notas_rodape                                                            NaN
trecho_impresso                                       Trecho II 13,50/14,50
trecho_berco                                                             II
calado_trecho_bm                                                       13.5
calado_trecho_pm                                                       14.5
desenho                                     20260401_TECON_1_1_SPECTRAH_FIN
formato                                                                   C
revisao_n                                                             271.0
data_revisao_impressa                                            2026-04-30
regra_preamar             “Preamar” apresenta os valores máximos de cala...
Name: 2258, dtype: object>","Trecho II 13,50/14,50",II,"I,II",20261002000000,atual/20261002_calados_operacionais.html,APS: 'os calados nos berços ficam limitados ao calado máximo do trecho do canal no qual estão situados'; ordem dos trechos pela descrição impressa (Barra->Entreposto->Torre Grande->Armazém 06->Alamoa->final do trecho IV)
"<bound method IndexOpsMixin.item of arquivo                            atual/20261002_calados_operacionais.html
pagina                                                            aps_atual
captura_ts                                                   20261002000000
tipo                                                                  berco
item                                                                    TEV
descricao                                                               TEV
calado_bm                                                              14.2
calado_pm                                                              14.5
calado_unico_impresso                                                   NaN
levantamento                                                       14/03/26
valores_impressos         448/464 | 310 | 16,00 | 14,20 | 14,50 | Trecho...
documento_homologacao                                                   NaN
data_homologacao                                                        NaN
data_vigencia_impressa                                                  NaN
carta_vigencia                                                          NaN
data_carta                                                              NaN
cabecos                                                             448/464
comprimento_m                                                          10.0
profundidade_projeto                                                   16.0
remete_nota                                                             NaN
notas_rodape                                                            NaN
trecho_impresso                                       Trecho II 13,50/14,50
trecho_berco                                                             II
calado_trecho_bm                                                       13.5
calado_trecho_pm                                                       14.5
desenho                                           20260314_TEV_SPECTRAH_FIN
formato                                                                   C
revisao_n                                                             271.0
data_revisao_impressa                                            2026-04-30
regra_preamar             “Preamar” apresenta os valores máximos de cala...
Name: 2259, dtype: object>","Trecho II 13,50/14,50",II,"I,II",20261002000000,atual/20261002_calados_operacionais.html,APS: 'os calados nos berços ficam limitados ao calado máximo do trecho do canal no qual estão situados'; ordem dos trechos pela descrição impressa (Barra->Entreposto->Torre Grande->Armazém 06->Alamoa->final do trecho IV)
