id_atracacao,imo,instalacao,tipo_instalacao,cdtup,id_berco,berco,terminal,apelido_instalacao,municipio,data_chegada,data_atracacao,data_inicio_operacao,data_termino_operacao,data_desatracacao,ano_antaq,mes_antaq,tipo_operacao_atracacao,tipo_navegacao_atracacao,nacionalidade_armador_cod,flag_mc_operacao,n_capitania,coordenadas,imo_valido,ano_desatracacao,n_linhas_carga,t_emb_total,t_desemb_total,t_sentido_nao_informado,t_emb_granel_solido,t_desemb_granel_solido,t_emb_granel_liquido,t_desemb_granel_liquido,t_emb_carga_geral,t_desemb_carga_geral,t_emb_conteiner_bruto,t_desemb_conteiner_bruto,t_emb_longo_curso,t_desemb_longo_curso,t_baldeacao,teu_cheio_emb,teu_cheio_desemb,teu_vazio_emb,teu_vazio_desemb,t_bruta_cheio_emb,t_bruta_cheio_desemb,t_emb_soja_1201,t_emb_milho_1005,t_emb_farelo_2304,t_emb_acucar_1701,sh4_principal_emb,sh4_principal_desemb,t_por_teu_cheio_emb,t_por_teu_cheio_desemb,h_espera_atracacao,h_espera_inicio_op,h_operacao,h_espera_desatracacao,h_atracado,h_estadia
269354,8500989,Santos,Porto Organizado,BRSSZ,SSZ0322,ARMAZEM 12,Cais Público - Valongo (cadastro antigo),,Santos,2009-12-16 15:30:00,2009-12-16 15:30:00,2009-12-16 15:30:00,2010-01-08 15:20:00,2010-01-08 15:20:00,2010,jan,Movimentação da Carga,Longo Curso,,1,,"-46.301939,-23.966053",True,2010,2,10688.537,0.0,0.0,0.0,0.0,0.0,0.0,10688.537,0.0,0.0,0.0,10688.537,0.0,0.0,0.0,0.0,0.0,0.0,0.0,0.0,0.0,0.0,0.0,0.0,1701,,,,,,,,,551.83333333331
269359,8226650,Santos,Porto Organizado,BRSSZ,SSZ0321,ARMAZEM 11,Cais Público - Valongo (cadastro antigo),,Santos,2009-12-09 05:34:00,2009-12-17 02:05:00,2009-12-17 02:05:00,2010-01-08 17:40:00,2010-01-08 17:40:00,2010,jan,Movimentação da Carga,Longo Curso,,1,,"-46.301939,-23.966053",True,2010,1,7261.626,0.0,0.0,0.0,0.0,0.0,0.0,7261.626,0.0,0.0,0.0,7261.626,0.0,0.0,0.0,0.0,0.0,0.0,0.0,0.0,0.0,0.0,0.0,0.0,1701,,,,188.51666666666,,,,,
269403,9136539,Santos,Porto Organizado,BRSSZ,SSZ0526,SUGADOR 26,Cais do Outeirinhos - Público,,Santos,2009-12-19 05:10:00,2009-12-19 05:10:00,2009-12-19 05:10:00,2010-01-03 07:40:00,2010-01-03 07:40:00,2010,jan,Movimentação da Carga,Longo Curso,,1,,"-46.301939,-23.966053",True,2010,1,0.0,25380.431,0.0,0.0,25380.431,0.0,0.0,0.0,0.0,0.0,0.0,0.0,0.0,0.0,0.0,0.0,0.0,0.0,0.0,0.0,0.0,0.0,0.0,0.0,,2302,,,,,,,,362.49999999994
269353,8324361,Santos,Porto Organizado,BRSSZ,SSZ0413,ARM 13/14,Cais do Paquetá - Público,,Santos,2009-12-27 08:30:00,2009-12-27 08:30:00,2009-12-27 08:30:00,2010-01-01 08:20:00,2010-01-01 08:20:00,2010,jan,Movimentação da Carga,Longo Curso,,1,,"-46.301939,-23.966053",True,2010,1,0.0,10898.309,0.0,0.0,10898.309,0.0,0.0,0.0,0.0,0.0,0.0,0.0,10898.309,0.0,0.0,0.0,0.0,0.0,0.0,0.0,0.0,0.0,0.0,0.0,,2836,,,,,119.83333333331,,119.83333333331,119.83333333331
269396,9448451,Santos,Porto Organizado,BRSSZ,SSZ0240,CORTE,Cais da Ecoporto (SSZ 35) - Privativo,,Santos,2009-12-29 15:43:00,2009-12-29 15:43:00,2009-12-29 15:43:00,2010-01-04 20:05:00,2010-01-04 20:05:00,2010,jan,Movimentação da Carga,Longo Curso,,1,,"-46.301939,-23.966053",True,2010,3,2232.812,0.0,0.0,0.0,0.0,0.0,0.0,2232.812,0.0,0.0,0.0,2232.812,0.0,0.0,0.0,0.0,0.0,0.0,0.0,0.0,0.0,0.0,0.0,0.0,8539,,,,,,148.36666666658,,148.36666666658,148.36666666658
269385,8707367,Santos,Porto Organizado,BRSSZ,SSZ0759,ARM 39,Cais da Ponta da Praia - Público,,Santos,2009-12-29 17:00:00,2009-12-29 17:00:00,2009-12-29 17:00:00,2010-01-03 14:00:00,2010-01-03 14:00:00,2010,jan,Movimentação da Carga,Longo Curso,,1,,"-46.301939,-23.966053",True,2010,1,24066.256,0.0,0.0,24066.256,0.0,0.0,0.0,0.0,0.0,0.0,0.0,24066.256,0.0,0.0,0.0,0.0,0.0,0.0,0.0,0.0,0.0,0.0,24066.256,0.0,2304,,,,,,117.0,,117.0,117.0
269387,9363118,Santos,Porto Organizado,BRSSZ,SSZ0748,ARM 38,Cais da Ponta da Praia - Público,,Santos,2009-12-29 18:15:00,2009-12-29 18:15:00,2009-12-29 18:15:00,2010-01-06 00:10:00,2010-01-06 00:10:00,2010,jan,Movimentação da Carga,Longo Curso,,1,,"-46.301939,-23.966053",True,2010,3,48748.969,0.0,0.0,48748.969,0.0,0.0,0.0,0.0,0.0,0.0,0.0,48748.969,0.0,0.0,0.0,0.0,0.0,0.0,0.0,0.0,0.0,0.0,38252.64,0.0,2304,,,,,,173.91666666674,,173.91666666674,173.91666666674
269373,8902462,Santos,Porto Organizado,BRSSZ,SSZ0804,TERMAG,Píer da TERMAG (SSZ 12) - Privativo,,Guarujá,2009-12-15 12:00:00,2009-12-29 20:25:00,2009-12-29 20:25:00,2010-01-03 10:10:00,2010-01-03 10:10:00,2010,jan,Movimentação da Carga,Longo Curso,,1,,"-46.301939,-23.966053",True,2010,1,0.0,38512.94,0.0,0.0,38512.94,0.0,0.0,0.0,0.0,0.0,0.0,0.0,38512.94,0.0,0.0,0.0,0.0,0.0,0.0,0.0,0.0,0.0,0.0,0.0,,2503,,,344.41666666669,,109.74999999994,,109.74999999994,454.16666666663
269406,9186211,Santos,Porto Organizado,BRSSZ,SSZ0912,COSIPA,TUPs Santos (cadastro antigo),,Santos,2009-12-29 23:45:00,2009-12-29 23:45:00,2009-12-29 23:45:00,2010-01-03 14:40:00,2010-01-03 14:40:00,2010,jan,Movimentação da Carga,Longo Curso,,1,,"-46.301939,-23.966053",True,2010,2,5874.381,0.0,0.0,0.0,0.0,0.0,0.0,5874.381,0.0,0.0,0.0,5874.381,0.0,0.0,0.0,0.0,0.0,0.0,0.0,0.0,0.0,0.0,0.0,0.0,7209,,,,,,110.91666666657,,110.91666666657,110.91666666657
269355,9340063,Santos,Porto Organizado,BRSSZ,SSZ0629,ARM 29,Cais do Macuco - Público,,Santos,2009-12-30 09:30:00,2009-12-30 09:30:00,2009-12-30 09:30:00,2010-01-08 15:32:00,2010-01-08 15:32:00,2010,jan,Movimentação da Carga,Longo Curso,,1,,"-46.301939,-23.966053",True,2010,1,0.0,21065.593,0.0,0.0,21065.593,0.0,0.0,0.0,0.0,0.0,0.0,0.0,21065.593,0.0,0.0,0.0,0.0,0.0,0.0,0.0,0.0,0.0,0.0,0.0,,1701,,,,,,,,222.03333333327
269510,9242546,Santos,Porto Organizado,BRSSZ,SSZ0931,CUTRALE,TUPs Santos (cadastro antigo),,Santos,2009-12-30 14:50:00,2009-12-30 14:50:00,2009-12-30 14:50:00,2010-01-03 13:45:00,2010-01-03 13:45:00,2010,jan,Movimentação da Carga,Longo Curso,,1,,"-46.301939,-23.966053",True,2010,1,26630.169,0.0,0.0,26630.169,0.0,0.0,0.0,0.0,0.0,0.0,0.0,26630.169,0.0,0.0,0.0,0.0,0.0,0.0,0.0,0.0,0.0,0.0,0.0,0.0,2308,,,,,,94.916666666628,,94.916666666628,94.916666666628
269410,9446946,Santos,Porto Organizado,BRSSZ,SSZ0419,ARM 19,Cais do Outeirinhos - Público,,Santos,2009-12-30 17:15:00,2009-12-30 17:15:00,2009-12-30 17:15:00,2010-01-04 13:35:00,2010-01-04 13:35:00,2010,jan,Movimentação da Carga,Longo Curso,,1,,"-46.301939,-23.966053",True,2010,1,47700.0,0.0,0.0,47700.0,0.0,0.0,0.0,0.0,0.0,0.0,0.0,47700.0,0.0,0.0,0.0,0.0,0.0,0.0,0.0,0.0,0.0,0.0,0.0,47700.0,1701,,,,,,116.33333333326,,116.33333333326,116.33333333326
269430,7631509,Santos,Porto Organizado,BRSSZ,SSZ0527,ARMAZÉM 27,Cais do Outeirinhos - Público,,Santos,2009-12-30 18:05:00,2009-12-30 18:05:00,2009-12-30 18:05:00,2010-01-01 23:15:00,2010-01-01 23:15:00,2010,jan,Movimentação da Carga,Longo Curso,,1,,"-46.301939,-23.966053",True,2010,1,6002.121,0.0,0.0,0.0,0.0,6002.121,0.0,0.0,0.0,0.0,0.0,6002.121,0.0,0.0,0.0,0.0,0.0,0.0,0.0,0.0,0.0,0.0,0.0,0.0,2009,,,,,,53.166666666744,,53.166666666744,53.166666666744
269405,9489560,Santos,Porto Organizado,BRSSZ,SSZ0103,AL 03,Píer da Alamoa - Público,,Santos,2009-12-30 21:50:00,2009-12-30 21:50:00,2009-12-30 21:50:00,2010-01-01 11:45:00,2010-01-01 11:45:00,2010,jan,Movimentação da Carga,Longo Curso,,1,,"-46.301939,-23.966053",True,2010,1,0.0,1539.674,0.0,0.0,0.0,0.0,1539.674,0.0,0.0,0.0,0.0,0.0,1539.674,0.0,0.0,0.0,0.0,0.0,0.0,0.0,0.0,0.0,0.0,0.0,,2710,,,,,37.916666666802,,37.916666666802,37.916666666802
269389,9294836,Santos,Porto Organizado,BRSSZ,SSZ0214,CS 04,Cais da Ecoporto (SSZ 35) - Privativo,,Santos,2009-12-30 02:00:00,2009-12-30 22:55:00,2009-12-30 22:55:00,2010-01-01 07:05:00,2010-01-01 07:05:00,2010,jan,Movimentação da Carga,Longo Curso,,1,,"-46.301939,-23.966053",True,2010,18,14459.283000000001,37.637,0.0,0.0,0.0,0.0,0.0,0.0,0.0,14459.283000000001,37.637,14459.283000000001,37.637,0.0,1031.0,6.0,50.0,4.0,14340.634000000002,28.637,0.0,0.0,0.0,0.0,42G0,42G0,13.909441319107664,4.772833333333334,20.91666666657,,32.166666666744,,32.166666666744,53.083333333314
269421,8313702,Santos,Porto Organizado,BRSSZ,SSZ0640,ARMAZÉM 30,Cais do Macuco - Público,,Santos,2009-12-29 16:30:00,2009-12-31 00:30:00,2009-12-31 00:30:00,2010-01-02 03:45:00,2010-01-02 03:45:00,2010,jan,Movimentação da Carga,Longo Curso,,1,,"-46.301939,-23.966053",True,2010,2,22969.495,0.0,0.0,0.0,0.0,20381.495,0.0,2588.0,0.0,0.0,0.0,22969.495,0.0,0.0,0.0,0.0,0.0,0.0,0.0,0.0,0.0,0.0,0.0,0.0,2009,,,,32.000000000058,,51.249999999942,,51.249999999942,83.25
269482,9210323,Santos,Porto Organizado,BRSSZ,SSZ0524,CONCAIS,Cais do Outeirinhos - Público,,Santos,2009-12-31 02:50:00,2009-12-31 02:50:00,2009-12-31 02:50:00,2010-01-02 02:15:00,2010-01-02 02:15:00,2010,jan,Movimentação da Carga,Longo Curso,,1,,"-46.301939,-23.966053",True,2010,1,0.0,286.139,0.0,0.0,0.0,0.0,0.0,0.0,286.139,0.0,0.0,0.0,286.139,0.0,0.0,0.0,0.0,0.0,0.0,0.0,0.0,0.0,0.0,0.0,,7216,,,,,47.416666666686,,47.416666666686,47.416666666686
269362,8710687,Santos,Porto Organizado,BRSSZ,SSZ0211,CS 02 + CS 01,Cais do Saboó - Público,,Santos,2009-12-29 12:54:00,2009-12-31 06:05:00,2009-12-31 06:05:00,2010-01-03 23:10:00,2010-01-03 23:10:00,2010,jan,Movimentação da Carga,Longo Curso,,1,,"-46.301939,-23.966053",True,2010,3,0.0,1328.082,0.0,0.0,0.0,0.0,0.0,0.0,1328.082,0.0,0.0,0.0,1328.082,0.0,0.0,0.0,0.0,0.0,0.0,0.0,0.0,0.0,0.0,0.0,,8431,,,41.183333333291,,89.083333333489,,89.083333333489,130.26666666678
269485,9436329,Santos,Porto Organizado,BRSSZ,SSZ0914,COSIPA,TUPs Santos (cadastro antigo),,Santos,2009-12-31 07:00:00,2009-12-31 07:00:00,2009-12-31 07:00:00,2010-01-06 17:10:00,2010-01-06 17:10:00,2010,jan,Movimentação da Carga,Longo Curso,,1,,"-46.301939,-23.966053",True,2010,1,0.0,1721.101,0.0,0.0,0.0,0.0,0.0,0.0,1721.101,0.0,0.0,0.0,1721.101,0.0,0.0,0.0,0.0,0.0,0.0,0.0,0.0,0.0,0.0,0.0,,4415,,,,,154.1666666668,,154.1666666668,154.1666666668
269390,9346005,Santos,Porto Organizado,BRSSZ,SSZ0737,ARMAZÉM 37.1,T-37 (cadastro antigo),,Santos,2009-12-30 12:10:00,2009-12-31 08:45:00,2009-12-31 08:45:00,2010-01-01 12:35:00,2010-01-01 12:35:00,2010,jan,Movimentação da Carga,Longo Curso,,1,,"-46.301939,-23.966053",True,2010,26,581.9590000000001,10338.751999999997,0.0,0.0,0.0,0.0,0.0,0.0,0.0,581.9590000000001,10338.751999999997,0.0,9756.792999999996,0.0,46.0,838.0,6.0,9.0,567.6990000000001,10315.372999999996,0.0,0.0,0.0,0.0,42G0,22G0,12.341282608695654,12.309514319809065,20.583333333372,,27.833333333256,,27.833333333256,48.416666666628
269394,8223012,Santos,Porto Organizado,BRSSZ,SSZ0813,TECON 2,Cais da Santos Brasil (SSZ 16) - Privativo,,Guarujá,2009-12-31 05:30:00,2009-12-31 12:30:00,2009-12-31 12:30:00,2010-01-01 15:00:00,2010-01-01 15:00:00,2010,jan,Movimentação da Carga,Longo Curso,,1,,"-46.301939,-23.966053",True,2010,37,4975.084,2143.1630000000005,0.0,0.0,0.0,0.0,0.0,0.0,0.0,4975.084,2143.1630000000005,0.0,0.0,0.0,394.0,178.0,0.0,0.0,4975.084,2143.1630000000005,0.0,0.0,0.0,0.0,42G0,42G0,12.627116751269035,12.040241573033711,7.0000000001164,,26.499999999942,,26.499999999942,33.500000000058
269441,9236664,Santos,Porto Organizado,BRSSZ,SSZ0212,CS.2,Cais do Saboó - Público,,Santos,2009-12-31 12:35:00,2009-12-31 12:35:00,2009-12-31 12:35:00,2010-01-01 11:45:00,2010-01-01 11:45:00,2010,jan,Movimentação da Carga,Longo Curso,,1,,"-46.301939,-23.966053",True,2010,17,3178.185,904.0150000000001,0.0,0.0,0.0,0.0,0.0,0.0,0.0,3178.185,904.0150000000001,0.0,0.0,0.0,247.0,126.0,0.0,0.0,3178.185,904.0150000000001,0.0,0.0,0.0,0.0,42G0,42G0,12.867145748987854,7.174722222222223,,,23.166666666744,,23.166666666744,23.166666666744
269358,9399777,Santos,Porto Organizado,BRSSZ,SSZ0665,ARM 35.0,Libra Terminais S/A (cadastro antigo),,Santos,2009-12-31 11:30:00,2009-12-31 14:55:00,2009-12-31 14:55:00,2010-01-01 22:55:00,2010-01-01 22:55:00,2010,jan,Movimentação da Carga,Longo Curso,,1,,"-46.301939,-23.966053",True,2010,22,501.413,2837.8170000000005,0.0,0.0,0.0,0.0,0.0,0.0,0.0,501.413,2837.8170000000005,11.92,2541.724,0.0,2.0,130.0,246.0,542.0,11.92,1750.488,0.0,0.0,0.0,0.0,42G0,42G0,5.96,13.465292307692309,3.4166666668025,,31.999999999884,,31.999999999884,35.416666666686
269444,9074585,Santos,Porto Organizado,BRSSZ,SSZ0101,AL 01,Píer da Alamoa - Público,,Santos,2009-12-28 10:00:00,2009-12-31 15:35:00,2009-12-31 15:35:00,2010-01-02 13:40:00,2010-01-02 13:40:00,2010,jan,Movimentação da Carga,Longo Curso,,1,,"-46.301939,-23.966053",True,2010,1,35627.321,0.0,0.0,0.0,0.0,35627.321,0.0,0.0,0.0,0.0,0.0,0.0,0.0,0.0,0.0,0.0,0.0,0.0,0.0,0.0,0.0,0.0,0.0,0.0,2710,,,,77.583333333372,,46.083333333372,,46.083333333372,123.66666666674
269467,8128688,Santos,Porto Organizado,BRSSZ,SSZ0420,ARM 20/21,Cais do Outeirinhos - Público,,Santos,2009-12-31 19:05:00,2009-12-31 19:05:00,2009-12-31 19:05:00,2010-01-03 05:00:00,2010-01-03 05:00:00,2010,jan,Movimentação da Carga,Longo Curso,,1,,"-46.301939,-23.966053",True,2010,1,12438.69,0.0,0.0,12438.69,0.0,0.0,0.0,0.0,0.0,0.0,0.0,12438.69,0.0,0.0,0.0,0.0,0.0,0.0,0.0,0.0,0.0,0.0,0.0,12438.69,1701,,,,,,57.916666666686,,57.916666666686,57.916666666686
269434,9214202,Santos,Porto Organizado,BRSSZ,SSZ0812,TECON 3,Cais da Santos Brasil (SSZ 16) - Privativo,,Guarujá,2009-12-31 20:20:00,2009-12-31 20:20:00,2009-12-31 20:20:00,2010-01-02 14:05:00,2010-01-02 14:05:00,2010,jan,Movimentação da Carga,Longo Curso,,1,,"-46.301939,-23.966053",True,2010,35,14183.893000000002,813.6949999999999,0.0,0.0,0.0,0.0,0.0,0.0,0.0,14183.893000000002,813.6949999999999,14183.893000000002,813.6949999999999,0.0,802.0,43.0,15.0,115.0,14153.355000000001,557.957,0.0,0.0,0.0,0.0,42G0,42G0,17.647574812967584,12.975744186046512,,,41.750000000058,,41.750000000058,41.750000000058
269383,9357963,Santos,Porto Organizado,BRSSZ,SSZ0811,TECON 1.2,Cais da Santos Brasil (SSZ 16) - Privativo,,Guarujá,2009-12-31 19:30:00,2010-01-01 06:50:00,2010-01-01 06:50:00,2010-01-02 17:40:00,2010-01-02 17:40:00,2010,jan,Movimentação da Carga,Longo Curso,,1,,"-46.301939,-23.966053",True,2010,49,23120.146000000008,309.665,0.0,0.0,0.0,0.0,0.0,0.0,0.0,23120.146000000008,309.665,23120.146000000008,309.665,0.0,1436.0,22.0,699.0,23.0,21713.259000000005,258.428,0.0,0.0,0.0,0.0,22G0,42G0,15.120653899721452,11.746727272727272,11.333333333256,,34.833333333372,,34.833333333372,46.166666666628
269381,9295969,Santos,Porto Organizado,BRSSZ,SSZ0676,ARM 35P2,Cais do Macuco - Público,,Santos,2009-12-31 18:10:00,2010-01-01 07:00:00,2010-01-01 07:00:00,2010-01-02 12:30:00,2010-01-02 12:30:00,2010,jan,Movimentação da Carga,Longo Curso,,1,,"-46.301939,-23.966053",True,2010,39,11537.978000000001,2472.5220000000004,0.0,0.0,0.0,0.0,0.0,0.0,0.0,11537.978000000001,2472.5220000000004,9107.478,0.0,0.0,697.0,191.0,13.0,19.0,11508.978000000001,2428.1420000000003,0.0,0.0,0.0,0.0,22G0,42G0,16.51216355810617,12.712785340314138,12.833333333256,,29.500000000116,,29.500000000116,42.333333333372
269484,9402744,Santos,Porto Organizado,BRSSZ,SSZ0814,TECON 1.1,Cais da Santos Brasil (SSZ 16) - Privativo,,Guarujá,2010-01-01 07:25:00,2010-01-01 07:25:00,2010-01-01 07:25:00,2010-01-01 21:00:00,2010-01-01 21:00:00,2010,jan,Movimentação da Carga,Longo Curso,,1,,"-46.301939,-23.966053",True,2010,9,2538.342,523.4,0.0,0.0,0.0,0.0,0.0,2538.342,523.4,0.0,0.0,2538.342,523.4,0.0,0.0,0.0,0.0,0.0,0.0,0.0,0.0,0.0,0.0,0.0,8703,8703,,,,,13.583333333256,,13.583333333256,13.583333333256
269365,9065625,Santos,Porto Organizado,BRSSZ,SSZ0214,CS 04,Cais da Ecoporto (SSZ 35) - Privativo,,Santos,2010-01-01 12:00:00,2010-01-01 12:00:00,2010-01-01 12:00:00,2010-01-02 04:50:00,2010-01-02 04:50:00,2010,jan,Movimentação da Carga,Longo Curso,,1,,"-46.301939,-23.966053",True,2010,15,11589.167999999998,0.0,0.0,0.0,0.0,0.0,0.0,0.0,0.0,11589.167999999998,0.0,11589.167999999998,0.0,0.0,718.0,0.0,42.0,0.0,11503.949,0.0,0.0,0.0,0.0,0.0,42G0,,16.022213091922005,,,,16.833333333372,,16.833333333372,16.833333333372
269397,9106625,Santos,Porto Organizado,BRSSZ,SSZ0213,CS 03,Cais do Saboó - Público,,Santos,2010-01-01 13:00:00,2010-01-01 13:00:00,2010-01-01 13:00:00,2010-01-01 23:00:00,2010-01-01 23:00:00,2010,jan,Movimentação da Carga,Longo Curso,,1,,"-46.301939,-23.966053",True,2010,7,927.694,490.60900000000004,0.0,0.0,0.0,0.0,0.0,0.0,0.0,927.694,490.60900000000004,927.694,490.60900000000004,0.0,82.0,8.0,0.0,132.0,927.694,213.419,0.0,0.0,0.0,0.0,42G0,29G9,11.313341463414634,26.677375,,,10.000000000116,,10.000000000116,10.000000000116
269527,9294824,Santos,Porto Organizado,BRSSZ,SSZ0737,ARMAZÉM 37.1,T-37 (cadastro antigo),,Santos,2009-12-30 01:25:00,2010-01-01 15:10:00,2010-01-01 15:10:00,2010-01-02 12:15:00,2010-01-02 12:15:00,2010,jan,Movimentação da Carga,Longo Curso,,1,,"-46.301939,-23.966053",True,2010,47,11193.398,532.713,0.0,0.0,0.0,0.0,0.0,0.0,0.0,11193.398,532.713,11117.739000000001,187.939,0.0,640.0,27.0,323.0,114.0,10577.801,260.177,0.0,0.0,0.0,0.0,42G0,42R0,16.5278140625,9.636185185185186,61.749999999942,,21.083333333256,,21.083333333256,82.833333333198
269416,8704183,Santos,Porto Organizado,BRSSZ,SSZ0813,TECON 2,Cais da Santos Brasil (SSZ 16) - Privativo,,Guarujá,2009-12-31 21:36:00,2010-01-01 16:50:00,2010-01-01 16:50:00,2010-01-02 12:25:00,2010-01-02 12:25:00,2010,jan,Movimentação da Carga,Longo Curso,,1,,"-46.301939,-23.966053",True,2010,28,9261.401,0.0,0.0,0.0,0.0,0.0,0.0,0.0,0.0,9261.401,0.0,9261.401,0.0,0.0,749.0,0.0,0.0,0.0,9261.401,0.0,0.0,0.0,0.0,0.0,42G0,,12.365021361815755,,19.233333333337,,19.583333333256,,19.583333333256,38.816666666593
243586,9143219,Terminal Marítimo Dow,Terminal Autorizado,BRSP005,BRSP0050077,DOW,Terminal Marítimo Dow,,Guarujá,2010-01-01 15:45:00,2010-01-01 17:25:00,2010-01-01 18:10:00,2010-01-02 06:50:00,2010-01-02 11:30:00,2010,jan,Movimentação da Carga,Longo Curso,,1,,"-46.866,-23.9821",True,2010,1,0.0,593.0,0.0,0.0,0.0,0.0,593.0,0.0,0.0,0.0,0.0,0.0,593.0,0.0,0.0,0.0,0.0,0.0,0.0,0.0,0.0,0.0,0.0,0.0,,3907,,,1.6666666666861,0.75,12.66666666657,4.6666666666861,18.083333333256,19.749999999942
269503,9143219,Santos,Porto Organizado,BRSSZ,SSZ0921,TERM.DOW,TUPs Santos (cadastro antigo),,Santos,2010-01-01 17:25:00,2010-01-01 17:25:00,2010-01-01 17:25:00,2010-01-02 11:40:00,2010-01-02 11:40:00,2010,jan,Movimentação da Carga,Longo Curso,,1,,"-46.301939,-23.966053",True,2010,1,0.0,593.658,0.0,0.0,0.0,0.0,593.658,0.0,0.0,0.0,0.0,0.0,593.658,0.0,0.0,0.0,0.0,0.0,0.0,0.0,0.0,0.0,0.0,0.0,,3907,,,,,18.249999999942,,18.249999999942,18.249999999942
269550,8201507,Santos,Porto Organizado,BRSSZ,SSZ0111,IB SP,Cais da Ilha Barnabé - Público,,Santos,2010-01-01 21:40:00,2010-01-01 21:40:00,2010-01-01 21:40:00,2010-01-03 01:45:00,2010-01-03 01:45:00,2010,jan,Movimentação da Carga,Cabotagem,,1,3810395498,"-46.301939,-23.966053",True,2010,1,0.0,1845.89,0.0,0.0,0.0,0.0,1845.89,0.0,0.0,0.0,0.0,0.0,0.0,0.0,0.0,0.0,0.0,0.0,0.0,0.0,0.0,0.0,0.0,0.0,,2926,,,,,28.083333333198,,28.083333333198,28.083333333198
269395,9007271,Santos,Porto Organizado,BRSSZ,SSZ0814,TECON 1.1,Cais da Santos Brasil (SSZ 16) - Privativo,,Guarujá,2009-12-30 22:06:00,2010-01-01 23:30:00,2010-01-01 23:30:00,2010-01-02 14:15:00,2010-01-02 14:15:00,2010,jan,Movimentação da Carga,Cabotagem,,1,,"-46.301939,-23.966053",True,2010,19,134.84300000000002,3207.594,0.0,0.0,0.0,0.0,0.0,0.0,0.0,134.84300000000002,3207.594,0.0,0.0,0.0,1.0,169.0,64.0,14.0,5.0,3179.357,0.0,0.0,0.0,0.0,42G0,22G0,5.0,18.812763313609466,49.399999999849,,14.750000000058,,14.750000000058,64.149999999907
269429,9405033,Santos,Porto Organizado,BRSSZ,SSZ0665,ARM 35.0,Libra Terminais S/A (cadastro antigo),,Santos,2009-12-31 15:00:00,2010-01-02 01:35:00,2010-01-02 01:35:00,2010-01-02 12:22:00,2010-01-02 12:22:00,2010,jan,Movimentação da Carga,Longo Curso,,1,,"-46.301939,-23.966053",True,2010,13,2791.567,8.979,0.0,0.0,0.0,0.0,0.0,0.0,0.0,2791.567,8.979,2387.817,0.0,0.0,145.0,0.0,0.0,3.0,2791.567,0.0,0.0,0.0,0.0,0.0,22G0,22R0,19.252186206896553,,34.583333333256,,10.783333333384,,10.783333333384,45.36666666664
269538,9213947,Santos,Porto Organizado,BRSSZ,SSZ0212,CS.2,Cais do Saboó - Público,,Santos,2010-01-02 02:10:00,2010-01-02 02:10:00,2010-01-02 02:10:00,2010-01-04 02:05:00,2010-01-04 02:05:00,2010,jan,Movimentação da Carga,Longo Curso,,1,,"-46.301939,-23.966053",True,2010,2,1149.975,0.0,0.0,0.0,0.0,0.0,0.0,1149.975,0.0,0.0,0.0,1149.975,0.0,0.0,0.0,0.0,0.0,0.0,0.0,0.0,0.0,0.0,0.0,0.0,8201,,,,,,47.91666666657,,47.91666666657,47.91666666657
269422,8313702,Santos,Porto Organizado,BRSSZ,SSZ0641,ARM 31,Cais do Macuco - Público,,Santos,2010-01-02 05:30:00,2010-01-02 05:30:00,2010-01-02 05:30:00,2010-01-03 00:15:00,2010-01-03 00:15:00,2010,jan,Movimentação da Carga,Longo Curso,,1,,"-46.301939,-23.966053",True,2010,1,7212.0,0.0,0.0,0.0,0.0,0.0,0.0,7212.0,0.0,0.0,0.0,7212.0,0.0,0.0,0.0,0.0,0.0,0.0,0.0,0.0,0.0,0.0,0.0,0.0,3912,,,,,,18.75,,18.75,18.75
269437,8412558,Santos,Porto Organizado,BRSSZ,SSZ0913,COSIPA,TUPs Santos (cadastro antigo),,Santos,2010-01-02 05:40:00,2010-01-02 05:40:00,2010-01-02 05:40:00,2010-01-06 07:30:00,2010-01-06 07:30:00,2010,jan,Movimentação da Carga,Longo Curso,,1,,"-46.301939,-23.966053",True,2010,1,10705.799,0.0,0.0,0.0,0.0,0.0,0.0,10705.799,0.0,0.0,0.0,10705.799,0.0,0.0,0.0,0.0,0.0,0.0,0.0,0.0,0.0,0.0,0.0,0.0,7209,,,,,,97.833333333372,,97.833333333372,97.833333333372
269452,9312652,Santos,Porto Organizado,BRSSZ,SSZ0213,CS 03,Cais do Saboó - Público,,Santos,2010-01-01 19:00:00,2010-01-02 05:55:00,2010-01-02 05:55:00,2010-01-02 23:00:00,2010-01-02 23:00:00,2010,jan,Movimentação da Carga,Cabotagem,,1,,"-46.301939,-23.966053",True,2010,14,1782.6729999999998,4488.222,0.0,0.0,0.0,0.0,0.0,0.0,0.0,1782.6729999999998,4488.222,1782.6729999999998,4488.222,0.0,98.0,228.0,241.0,1.0,1227.7730000000001,4485.322,0.0,0.0,0.0,0.0,42G0,42G0,12.528295918367348,19.672464912280702,10.916666666802,,17.083333333314,,17.083333333314,28.000000000116
269344,9320544,Santos,Porto Organizado,BRSSZ,SSZ0524,CONCAIS,Cais do Outeirinhos - Público,,Santos,2010-01-02 07:20:00,2010-01-02 07:20:00,2010-01-02 07:20:00,2010-01-02 18:10:00,2010-01-02 18:10:00,2010,jan,Passageiro,Cabotagem,,1,,"-46.301939,-23.966053",True,2010,0,,,,,,,,,,,,,,,,,,,,,,,,,,,,,,,10.833333333372,,10.833333333372,10.833333333372
269400,9362449,Santos,Porto Organizado,BRSSZ,SSZ0214,CS 04,Cais da Ecoporto (SSZ 35) - Privativo,,Santos,2010-01-01 08:06:00,2010-01-02 07:30:00,2010-01-02 07:30:00,2010-01-03 04:35:00,2010-01-03 04:35:00,2010,jan,Movimentação da Carga,Longo Curso,,1,,"-46.301939,-23.966053",True,2010,23,676.9110000000001,7725.701000000001,0.0,0.0,0.0,0.0,0.0,0.0,0.0,676.9110000000001,7725.701000000001,676.9110000000001,7725.701000000001,0.0,18.0,593.0,228.0,200.0,176.611,7285.701,0.0,0.0,0.0,0.0,42R0,42G0,9.811722222222222,12.286173693086003,23.399999999965,,21.083333333256,,21.083333333256,44.483333333221
269317,9320099,Santos,Porto Organizado,BRSSZ,SSZ0423,ARMAZEM 23,Cais do Outeirinhos - Público,,Santos,2010-01-02 07:40:00,2010-01-02 07:40:00,2010-01-02 07:40:00,2010-01-02 18:45:00,2010-01-02 18:45:00,2010,jan,Passageiro,Cabotagem,,1,,"-46.301939,-23.966053",True,2010,0,,,,,,,,,,,,,,,,,,,,,,,,,,,,,,,11.083333333314,,11.083333333314,11.083333333314
269312,8512281,Santos,Porto Organizado,BRSSZ,SSZ0415,ARM 15,Cais do Paquetá - Público,,Santos,2010-01-02 07:55:00,2010-01-02 07:55:00,2010-01-02 07:55:00,2010-01-02 18:10:00,2010-01-02 18:10:00,2010,jan,Passageiro,Cabotagem,,1,,"-46.301939,-23.966053",True,2010,0,,,,,,,,,,,,,,,,,,,,,,,,,,,,,,,10.250000000058,,10.250000000058,10.250000000058
269499,8918227,Santos,Porto Organizado,BRSSZ,SSZ0640,ARMAZÉM 30,Cais do Macuco - Público,,Santos,2010-01-01 00:05:00,2010-01-02 08:20:00,2010-01-02 08:20:00,2010-01-18 22:20:00,2010-01-18 22:20:00,2010,jan,Movimentação da Carga,Longo Curso,,1,,"-46.301939,-23.966053",True,2010,2,13180.442,0.0,0.0,0.0,0.0,11700.442,0.0,1480.0,0.0,0.0,0.0,13180.442,0.0,0.0,0.0,0.0,0.0,0.0,0.0,0.0,0.0,0.0,0.0,0.0,2009,,,,32.25,,,,,430.25000000006
269409,8101941,Santos,Porto Organizado,BRSSZ,SSZ0412,ARM 12A,Cais do Paquetá - Público,,Santos,2010-01-02 12:15:00,2010-01-02 12:15:00,2010-01-02 12:15:00,2010-01-10 09:40:00,2010-01-10 09:40:00,2010,jan,Movimentação da Carga,Longo Curso,,1,,"-46.301939,-23.966053",True,2010,1,0.0,19049.175,0.0,0.0,19049.175,0.0,0.0,0.0,0.0,0.0,0.0,0.0,19049.175,0.0,0.0,0.0,0.0,0.0,0.0,0.0,0.0,0.0,0.0,0.0,,1001,,,,,189.4166666668,,189.4166666668,189.4166666668
269563,9284283,Santos,Porto Organizado,BRSSZ,SSZ0941,TEAG,Píer da TEAG (SSZ 10) - Privativo,,Guarujá,2010-01-02 12:25:00,2010-01-02 12:25:00,2010-01-02 12:25:00,2010-01-05 15:20:00,2010-01-05 15:20:00,2010,jan,Movimentação da Carga,Longo Curso,,1,,"-46.301939,-23.966053",True,2010,1,48300.0,0.0,0.0,48300.0,0.0,0.0,0.0,0.0,0.0,0.0,0.0,48300.0,0.0,0.0,0.0,0.0,0.0,0.0,0.0,0.0,0.0,0.0,0.0,48300.0,1701,,,,,,74.916666666744,,74.916666666744,74.916666666744
269370,9338802,Santos,Porto Organizado,BRSSZ,SSZ0102,AL 02,Píer da Alamoa - Público,,Santos,2010-01-02 12:30:00,2010-01-02 12:30:00,2010-01-02 12:30:00,2010-01-04 07:20:00,2010-01-04 07:20:00,2010,jan,Movimentação da Carga,Longo Curso,,1,,"-46.301939,-23.966053",True,2010,1,29429.301,0.0,0.0,0.0,0.0,29429.301,0.0,0.0,0.0,0.0,0.0,0.0,0.0,0.0,0.0,0.0,0.0,0.0,0.0,0.0,0.0,0.0,0.0,0.0,2710,,,,,,42.833333333256,,42.833333333256,42.833333333256
269504,9143219,Santos,Porto Organizado,BRSSZ,SSZ0103,AL 03,Píer da Alamoa - Público,,Santos,2010-01-02 12:50:00,2010-01-02 12:50:00,2010-01-02 12:50:00,2010-01-03 01:17:00,2010-01-03 01:17:00,2010,jan,Movimentação da Carga,Longo Curso,,1,,"-46.301939,-23.966053",True,2010,1,0.0,620.365,0.0,0.0,0.0,0.0,620.365,0.0,0.0,0.0,0.0,0.0,620.365,0.0,0.0,0.0,0.0,0.0,0.0,0.0,0.0,0.0,0.0,0.0,,2915,,,,,12.45000000007,,12.45000000007,12.45000000007
269530,9296743,Santos,Porto Organizado,BRSSZ,SSZ0416,ARM 16/17,Cais do Outeirinhos - Público,,Santos,2010-01-02 12:50:00,2010-01-02 12:50:00,2010-01-02 12:50:00,2010-01-03 20:55:00,2010-01-03 20:55:00,2010,jan,Movimentação da Carga,Longo Curso,,1,,"-46.301939,-23.966053",True,2010,1,20208.848,0.0,0.0,20208.848,0.0,0.0,0.0,0.0,0.0,0.0,0.0,20208.848,0.0,0.0,0.0,0.0,0.0,0.0,0.0,0.0,0.0,0.0,0.0,20208.848,1701,,,,,,32.083333333489,,32.083333333489,32.083333333489
269392,9347279,Santos,Porto Organizado,BRSSZ,SSZ0814,TECON 1.1,Cais da Santos Brasil (SSZ 16) - Privativo,,Guarujá,2009-12-31 08:20:00,2010-01-02 16:35:00,2010-01-02 16:35:00,2010-01-03 03:45:00,2010-01-03 03:45:00,2010,jan,Movimentação da Carga,Longo Curso,,1,,"-46.301939,-23.966053",True,2010,16,4017.263,187.599,0.0,0.0,0.0,0.0,0.0,0.0,0.0,4017.263,187.599,4017.263,187.599,0.0,257.0,12.0,100.0,0.0,3816.893,187.599,0.0,0.0,0.0,0.0,42G0,42G0,14.85172373540856,15.633249999999999,56.25,,11.166666666744,,11.166666666744,67.416666666744
269372,9343974,Santos,Porto Organizado,BRSSZ,SSZ0676,ARM 35P2,Cais do Macuco - Público,,Santos,2009-12-30 20:30:00,2010-01-02 16:55:00,2010-01-02 16:55:00,2010-01-03 15:05:00,2010-01-03 15:05:00,2010,jan,Movimentação da Carga,Longo Curso,,1,,"-46.301939,-23.966053",True,2010,27,10272.944000000001,1873.888,0.0,0.0,0.0,0.0,0.0,0.0,0.0,10272.944000000001,1873.888,8428.926000000001,0.0,0.0,703.0,119.0,13.0,3.0,10244.735000000002,1867.819,0.0,0.0,0.0,0.0,22G0,42R0,14.572880512091041,15.695957983193278,68.416666666686,,22.166666666628,,22.166666666628,90.583333333314
269423,9349801,Santos,Porto Organizado,BRSSZ,SSZ0813,TECON 2,Cais da Santos Brasil (SSZ 16) - Privativo,,Guarujá,2009-12-29 22:22:00,2010-01-02 16:58:00,2010-01-02 16:58:00,2010-01-03 10:20:00,2010-01-03 10:20:00,2010,jan,Movimentação da Carga,Longo Curso,,1,,"-46.301939,-23.966053",True,2010,28,12187.648000000003,1762.8009999999997,0.0,0.0,0.0,0.0,0.0,0.0,0.0,12187.648000000003,1762.8009999999997,12187.648000000003,1762.8009999999997,0.0,707.0,81.0,3.0,212.0,12181.048000000004,1300.3780000000002,0.0,0.0,0.0,0.0,22G0,42G0,17.22920509193777,16.05404938271605,90.600000000035,,17.366666666698,,17.366666666698,107.96666666673
269374,9108295,Santos,Porto Organizado,BRSSZ,SSZ0737,ARMAZÉM 37.1,T-37 (cadastro antigo),,Santos,2010-01-02 07:23:00,2010-01-02 17:20:00,2010-01-02 17:20:00,2010-01-03 07:45:00,2010-01-03 07:45:00,2010,jan,Movimentação da Carga,Longo Curso,,1,,"-46.301939,-23.966053",True,2010,10,0.0,8797.087000000001,0.0,0.0,0.0,0.0,0.0,0.0,0.0,0.0,8797.087000000001,0.0,8797.087000000001,0.0,0.0,792.0,0.0,0.0,0.0,8797.087000000001,0.0,0.0,0.0,0.0,,22G0,,11.107433080808082,9.9499999999534,,14.416666666686,,14.416666666686,24.36666666664
269473,9216999,Santos,Porto Organizado,BRSSZ,SSZ0812,TECON 3,Cais da Santos Brasil (SSZ 16) - Privativo,,Guarujá,2010-01-01 11:30:00,2010-01-02 20:40:00,2010-01-02 20:40:00,2010-01-03 09:50:00,2010-01-03 09:50:00,2010,jan,Movimentação da Carga,Longo Curso,,1,,"-46.301939,-23.966053",True,2010,22,8.0,12017.575000000003,0.0,0.0,0.0,0.0,0.0,0.0,0.0,8.0,12017.575000000003,8.0,12017.575000000003,0.0,0.0,759.0,4.0,76.0,0.0,11865.575000000003,0.0,0.0,0.0,0.0,42G0,22G0,,15.633168642951254,33.166666666686,,13.166666666628,,13.166666666628,46.333333333314
269431,9355367,Santos,Porto Organizado,BRSSZ,SSZ0665,ARM 35.0,Libra Terminais S/A (cadastro antigo),,Santos,2010-01-03 02:23:00,2010-01-03 02:23:00,2010-01-03 02:23:00,2010-01-03 17:48:00,2010-01-03 17:48:00,2010,jan,Movimentação da Carga,Longo Curso,,1,,"-46.301939,-23.966053",True,2010,13,3144.224,1083.113,0.0,0.0,0.0,0.0,0.0,0.0,0.0,3144.224,1083.113,3144.224,1066.323,0.0,145.0,74.0,500.0,8.0,2173.135,1066.323,0.0,0.0,0.0,0.0,42R0,42G0,14.987137931034484,14.409770270270272,,,15.416666666628,,15.416666666628,15.416666666628
269551,8201507,Santos,Porto Organizado,BRSSZ,SSZ0103,AL 03,Píer da Alamoa - Público,,Santos,2010-01-03 02:35:00,2010-01-03 02:35:00,2010-01-03 02:35:00,2010-01-04 03:25:00,2010-01-04 03:25:00,2010,jan,Movimentação da Carga,Cabotagem,,1,3810395498,"-46.301939,-23.966053",True,2010,1,0.0,2093.11,0.0,0.0,0.0,0.0,2093.11,0.0,0.0,0.0,0.0,0.0,0.0,0.0,0.0,0.0,0.0,0.0,0.0,0.0,0.0,0.0,0.0,0.0,,2929,,,,,24.833333333256,,24.833333333256,24.833333333256
277755,9396294,Santos,Porto Organizado,BRSSZ,SSZ0902,ULTRAFERTIL,TUPs Santos (cadastro antigo),,Santos,2010-01-03 03:25:00,2010-01-03 03:25:00,2010-01-03 03:25:00,2010-05-20 21:05:00,2010-05-20 21:05:00,2010,mai,Reparo/Manutenção,Cabotagem,,1,,"-46.301939,-23.966053",True,2010,0,,,,,,,,,,,,,,,,,,,,,,,,,,,,,,,,,,
269332,9070632,Santos,Porto Organizado,BRSSZ,SSZ0423,ARMAZEM 23,Cais do Outeirinhos - Público,,Santos,2010-01-03 07:15:00,2010-01-03 07:15:00,2010-01-03 07:15:00,2010-01-03 17:52:00,2010-01-03 17:52:00,2010,jan,Passageiro,Cabotagem,,1,,"-46.301939,-23.966053",True,2010,0,,,,,,,,,,,,,,,,,,,,,,,,,,,,,,,10.616666666523,,10.616666666523,10.616666666523
269301,9320087,Santos,Porto Organizado,BRSSZ,SSZ0524,CONCAIS,Cais do Outeirinhos - Público,,Santos,2010-01-03 07:30:00,2010-01-03 07:30:00,2010-01-03 07:30:00,2010-01-03 18:20:00,2010-01-03 18:20:00,2010,jan,Passageiro,Longo Curso,,1,,"-46.301939,-23.966053",True,2010,0,,,,,,,,,,,,,,,,,,,,,,,,,,,,,,,10.833333333372,,10.833333333372,10.833333333372
269306,8918136,Santos,Porto Organizado,BRSSZ,SSZ0641,ARM 31,Cais do Macuco - Público,,Santos,2010-01-03 07:30:00,2010-01-03 07:30:00,2010-01-03 07:30:00,2010-01-03 17:45:00,2010-01-03 17:45:00,2010,jan,Passageiro,Cabotagem,,1,,"-46.301939,-23.966053",True,2010,0,,,,,,,,,,,,,,,,,,,,,,,,,,,,,,,10.250000000058,,10.250000000058,10.250000000058
269570,8128640,Santos,Porto Organizado,BRSSZ,SSZ0915,COSIPA,TUPs Santos (cadastro antigo),,Santos,2010-01-02 23:50:00,2010-01-03 08:35:00,2010-01-03 08:35:00,2010-01-04 15:35:00,2010-01-04 15:35:00,2010,jan,Movimentação da Carga,Cabotagem,,1,3810395358,"-46.301939,-23.966053",True,2010,1,0.0,27362.492,0.0,0.0,27362.492,0.0,0.0,0.0,0.0,0.0,0.0,0.0,0.0,0.0,0.0,0.0,0.0,0.0,0.0,0.0,0.0,0.0,0.0,0.0,,2601,,,8.7500000000582,,30.999999999942,,30.999999999942,39.75
248573,8128640,Terminal Marítimo Privativo de Cubatão - TMPC,Terminal Autorizado,BRSP002,BRSP0020005,Cais II #5,Terminal Marítimo Privativo de Cubatão - TMPC,,Cubatão,2010-01-02 23:50:00,2010-01-03 09:10:00,2010-01-03 09:50:00,2010-01-04 12:15:00,2010-01-04 15:30:00,2010,jan,Movimentação da Carga,Cabotagem,,1,3810395358,"-46.3764,-23.8708",True,2010,1,0.0,27362.493,0.0,0.0,27362.493,0.0,0.0,0.0,0.0,0.0,0.0,0.0,0.0,0.0,0.0,0.0,0.0,0.0,0.0,0.0,0.0,0.0,0.0,0.0,,2601,,,9.3333333333721,0.66666666656965,26.416666666686,3.2500000001164,30.333333333372,39.666666666744
269528,9082934,Santos,Porto Organizado,BRSSZ,SSZ0814,TECON 1.1,Cais da Santos Brasil (SSZ 16) - Privativo,,Guarujá,2010-01-03 12:10:00,2010-01-03 12:10:00,2010-01-03 12:10:00,2010-01-04 00:15:00,2010-01-04 00:15:00,2010,jan,Movimentação da Carga,Longo Curso,,1,,"-46.301939,-23.966053",True,2010,2,61.677,980.65,0.0,0.0,0.0,0.0,0.0,61.677,980.65,0.0,0.0,61.677,980.65,0.0,0.0,0.0,0.0,0.0,0.0,0.0,0.0,0.0,0.0,0.0,8701,8703,,,,,12.083333333256,,12.083333333256,12.083333333256
269450,9445588,Santos,Porto Organizado,BRSSZ,SSZ0812,TECON 3,Cais da Santos Brasil (SSZ 16) - Privativo,,Guarujá,2010-01-02 14:00:00,2010-01-03 12:35:00,2010-01-03 12:35:00,2010-01-03 22:45:00,2010-01-03 22:45:00,2010,jan,Movimentação da Carga,Longo Curso,,1,,"-46.301939,-23.966053",True,2010,14,372.875,6525.528,0.0,0.0,0.0,0.0,0.0,0.0,0.0,372.875,6525.528,372.875,6525.528,0.0,0.0,578.0,200.0,0.0,0.0,6525.528,0.0,0.0,0.0,0.0,42G0,22G0,,11.289840830449828,22.583333333256,,10.166666666628,,10.166666666628,32.749999999884
269401,9445576,Santos,Porto Organizado,BRSSZ,SSZ0813,TECON 2,Cais da Santos Brasil (SSZ 16) - Privativo,,Guarujá,2010-01-02 21:00:00,2010-01-03 12:58:00,2010-01-03 12:58:00,2010-01-04 01:15:00,2010-01-04 01:15:00,2010,jan,Movimentação da Carga,Longo Curso,,1,,"-46.301939,-23.966053",True,2010,24,7913.057,166.249,0.0,0.0,0.0,0.0,0.0,0.0,0.0,7913.057,166.249,7913.057,166.249,0.0,441.0,10.0,420.0,26.0,7120.262999999999,114.249,0.0,0.0,0.0,0.0,42G0,42G0,16.145721088435373,11.4249,15.966666666674,,12.283333333384,,12.283333333384,28.250000000058
269446,8213823,Santos,Porto Organizado,BRSSZ,SSZ0526,SUGADOR 26,Cais do Outeirinhos - Público,,Santos,2009-12-24 04:20:00,2010-01-03 13:45:00,2010-01-03 13:45:00,2010-01-17 01:30:00,2010-01-17 01:30:00,2010,jan,Movimentação da Carga,Longo Curso,,1,,"-46.301939,-23.966053",True,2010,1,0.0,24639.8,0.0,0.0,24639.8,0.0,0.0,0.0,0.0,0.0,0.0,0.0,0.0,0.0,0.0,0.0,0.0,0.0,0.0,0.0,0.0,0.0,0.0,0.0,,2302,,,249.41666666663,,,,,573.16666666669
243049,9228370,Sucocítrico Cutrale,Terminal Autorizado,BRSP004,BRSP0048932,Cutrale,Sucocítrico Cutrale,,Guarujá,2010-01-03 14:04:00,2010-01-03 14:04:00,2010-01-03 18:55:00,2010-01-05 13:56:00,2010-01-05 20:56:00,2010,jan,Movimentação da Carga,Longo Curso,,1,,"-46.2864,-23.9797",True,2010,2,21193.27,0.0,0.0,0.0,0.0,21193.27,0.0,0.0,0.0,0.0,0.0,21193.27,0.0,0.0,0.0,0.0,0.0,0.0,0.0,0.0,0.0,0.0,0.0,0.0,2009,,,,,4.8500000000931,43.016666666663,6.9999999999418,54.866666666698,54.866666666698
269322,8716899,Santos,Porto Organizado,BRSSZ,SSZ0415,ARM 15,Cais do Paquetá - Público,,Santos,2010-01-03 14:10:00,2010-01-03 14:10:00,2010-01-03 14:10:00,2010-01-03 20:40:00,2010-01-03 20:40:00,2010,jan,Passageiro,Cabotagem,,1,,"-46.301939,-23.966053",True,2010,0,,,,,,,,,,,,,,,,,,,,,,,,,,,,,,,6.4999999998836,,6.4999999998836,6.4999999998836
269537,8301802,Santos,Porto Organizado,BRSSZ,SSZ0101,AL 01,Píer da Alamoa - Público,,Santos,2010-01-02 19:30:00,2010-01-03 14:10:00,2010-01-03 14:10:00,2010-01-05 11:50:00,2010-01-05 11:50:00,2010,jan,Movimentação da Carga,Cabotagem,,1,3810474223,"-46.301939,-23.966053",True,2010,2,24436.026,0.0,0.0,0.0,0.0,24436.026,0.0,0.0,0.0,0.0,0.0,0.0,0.0,0.0,0.0,0.0,0.0,0.0,0.0,0.0,0.0,0.0,0.0,0.0,2710,,,,18.666666666744,,45.66666666657,,45.66666666657,64.333333333314
269364,9228370,Santos,Porto Organizado,BRSSZ,SSZ0931,CUTRALE,TUPs Santos (cadastro antigo),,Santos,2010-01-03 10:00:00,2010-01-03 14:40:00,2010-01-03 14:40:00,2010-01-05 20:45:00,2010-01-05 20:45:00,2010,jan,Movimentação da Carga,Longo Curso,,1,,"-46.301939,-23.966053",True,2010,2,21193.27,0.0,0.0,0.0,0.0,21193.27,0.0,0.0,0.0,0.0,0.0,21193.27,0.0,0.0,0.0,0.0,0.0,0.0,0.0,0.0,0.0,0.0,0.0,0.0,2009,,,,4.6666666666861,,54.08333333343,,54.08333333343,58.750000000116
269366,9065625,Santos,Porto Organizado,BRSSZ,SSZ0214,CS 04,Cais da Ecoporto (SSZ 35) - Privativo,,Santos,2010-01-03 14:41:00,2010-01-03 14:41:00,2010-01-03 14:41:00,2010-01-04 02:45:00,2010-01-04 02:45:00,2010,jan,Movimentação da Carga,Longo Curso,,1,,"-46.301939,-23.966053",True,2010,19,7147.865,11.0,0.0,0.0,0.0,0.0,0.0,0.0,0.0,7147.865,11.0,7147.865,11.0,0.0,450.0,0.0,88.0,5.0,6974.566999999999,0.0,0.0,0.0,0.0,0.0,42G0,22R0,15.499037777777776,,,,12.066666666709,,12.066666666709,12.066666666709
269449,9403085,Santos,Porto Organizado,BRSSZ,SSZ0420,ARM 20/21,Cais do Outeirinhos - Público,,Santos,2009-12-25 18:00:00,2010-01-03 16:00:00,2010-01-03 16:00:00,2010-01-05 17:10:00,2010-01-05 17:10:00,2010,jan,Movimentação da Carga,Longo Curso,,1,,"-46.301939,-23.966053",True,2010,1,48800.0,0.0,0.0,48800.0,0.0,0.0,0.0,0.0,0.0,0.0,0.0,48800.0,0.0,0.0,0.0,0.0,0.0,0.0,0.0,0.0,0.0,0.0,0.0,48800.0,1701,,,,213.99999999994,,49.166666666802,,49.166666666802,263.16666666674
269398,9186211,Santos,Porto Organizado,BRSSZ,SSZ0652,ARM 31/32 + ARM 32,Cais do Macuco - Público,,Santos,2010-01-03 16:30:00,2010-01-03 16:30:00,2010-01-03 16:30:00,2010-01-05 05:50:00,2010-01-05 05:50:00,2010,jan,Movimentação da Carga,Longo Curso,,1,,"-46.301939,-23.966053",True,2010,5,4487.407999999999,0.0,0.0,0.0,0.0,0.0,0.0,4487.407999999999,0.0,0.0,0.0,4487.407999999999,0.0,0.0,0.0,0.0,0.0,0.0,0.0,0.0,0.0,0.0,0.0,0.0,3912,,,,,,37.333333333314,,37.333333333314,37.333333333314
269379,9348065,Santos,Porto Organizado,BRSSZ,SSZ0676,ARM 35P2,Cais do Macuco - Público,,Santos,2010-01-03 03:18:00,2010-01-03 17:12:00,2010-01-03 17:12:00,2010-01-04 22:40:00,2010-01-04 22:40:00,2010,jan,Movimentação da Carga,Longo Curso,,1,,"-46.301939,-23.966053",True,2010,55,396.952,19828.644999999993,0.0,0.0,0.0,0.0,0.0,0.0,0.0,396.952,19828.644999999993,0.0,19431.692999999992,0.0,29.0,1876.0,40.0,40.0,308.998,19740.69099999999,0.0,0.0,0.0,0.0,42G0,22G0,10.655103448275861,10.522756396588482,13.900000000081,,29.466666666674,,29.466666666674,43.366666666756
269411,9151395,Santos,Porto Organizado,BRSSZ,SSZ0804,TERMAG,Píer da TERMAG (SSZ 12) - Privativo,,Guarujá,2010-01-02 12:00:00,2010-01-03 17:25:00,2010-01-03 17:25:00,2010-01-05 10:25:00,2010-01-05 10:25:00,2010,jan,Movimentação da Carga,Longo Curso,,1,,"-46.301939,-23.966053",True,2010,1,0.0,18221.179,0.0,0.0,18221.179,0.0,0.0,0.0,0.0,0.0,0.0,0.0,18221.179,0.0,0.0,0.0,0.0,0.0,0.0,0.0,0.0,0.0,0.0,0.0,,2503,,,29.416666666686,,41.000000000058,,41.000000000058,70.416666666744
269442,7411284,Santos,Porto Organizado,BRSSZ,SSZ0416,ARM 16/17,Cais do Outeirinhos - Público,,Santos,2010-01-03 23:20:00,2010-01-03 23:20:00,2010-01-03 23:20:00,2010-01-10 14:30:00,2010-01-10 14:30:00,2010,jan,Movimentação da Carga,Longo Curso,,1,,"-46.301939,-23.966053",True,2010,1,14000.0,0.0,0.0,0.0,0.0,0.0,0.0,14000.0,0.0,0.0,0.0,14000.0,0.0,0.0,0.0,0.0,0.0,0.0,0.0,0.0,0.0,0.0,0.0,0.0,1701,,,,,,159.16666666669,,159.16666666669,159.16666666669
269369,9007544,Santos,Porto Organizado,BRSSZ,SSZ0413,ARM 13/14,Cais do Paquetá - Público,,Santos,2010-01-03 23:30:00,2010-01-03 23:30:00,2010-01-03 23:30:00,2010-01-07 11:20:00,2010-01-07 11:20:00,2010,jan,Movimentação da Carga,Longo Curso,,1,,"-46.301939,-23.966053",True,2010,1,0.0,15985.95,0.0,0.0,15985.95,0.0,0.0,0.0,0.0,0.0,0.0,0.0,15985.95,0.0,0.0,0.0,0.0,0.0,0.0,0.0,0.0,0.0,0.0,0.0,,2833,,,,,83.833333333314,,83.833333333314,83.833333333314
269363,8710687,Santos,Porto Organizado,BRSSZ,SSZ0423,ARMAZEM 23,Cais do Outeirinhos - Público,,Santos,2010-01-04 00:05:00,2010-01-04 00:05:00,2010-01-04 00:05:00,2010-01-04 13:20:00,2010-01-04 13:20:00,2010,jan,Movimentação da Carga,Longo Curso,,1,,"-46.301939,-23.966053",True,2010,1,0.0,151.865,0.0,0.0,0.0,0.0,0.0,0.0,151.865,0.0,0.0,0.0,151.865,0.0,0.0,0.0,0.0,0.0,0.0,0.0,0.0,0.0,0.0,0.0,,8419,,,,,13.250000000058,,13.250000000058,13.250000000058
269415,9273961,Santos,Porto Organizado,BRSSZ,SSZ0814,TECON 1.1,Cais da Santos Brasil (SSZ 16) - Privativo,,Guarujá,2010-01-03 15:10:00,2010-01-04 01:20:00,2010-01-04 01:20:00,2010-01-04 22:40:00,2010-01-04 22:40:00,2010,jan,Movimentação da Carga,Longo Curso,,1,,"-46.301939,-23.966053",True,2010,23,8305.996000000001,663.926,0.0,0.0,0.0,0.0,0.0,0.0,0.0,8305.996000000001,663.926,0.0,0.0,0.0,613.0,60.0,0.0,0.0,8305.996000000001,663.926,0.0,0.0,0.0,0.0,42G0,42G0,13.549748776508974,11.065433333333335,10.166666666628,,21.333333333372,,21.333333333372,31.5
269529,9082934,Santos,Porto Organizado,BRSSZ,SSZ0211,CS 02 + CS 01,Cais do Saboó - Público,,Santos,2010-01-04 01:40:00,2010-01-04 01:40:00,2010-01-04 01:40:00,2010-01-04 09:15:00,2010-01-04 09:15:00,2010,jan,Movimentação da Carga,Longo Curso,,1,,"-46.301939,-23.966053",True,2010,8,986.186,4.0,0.0,0.0,0.0,0.0,0.0,640.316,4.0,345.87,0.0,986.186,4.0,0.0,20.0,0.0,0.0,0.0,345.87,0.0,0.0,0.0,0.0,0.0,49G9,6902,17.2935,,,,7.5833333332557,,7.5833333332557,7.5833333332557
269424,9123154,Santos,Porto Organizado,BRSSZ,SSZ0812,TECON 3,Cais da Santos Brasil (SSZ 16) - Privativo,,Guarujá,2010-01-03 23:00:00,2010-01-04 03:30:00,2010-01-04 03:30:00,2010-01-04 07:00:00,2010-01-04 07:00:00,2010,jan,Movimentação da Carga,Longo Curso,,1,,"-46.301939,-23.966053",True,2010,19,155.37900000000002,2344.989,0.0,0.0,0.0,0.0,0.0,0.0,0.0,155.37900000000002,2344.989,155.37900000000002,2344.989,0.0,12.0,147.0,0.0,30.0,155.37900000000002,2280.745,0.0,0.0,0.0,0.0,42G0,42G0,12.948250000000002,15.515272108843536,4.5,,3.4999999998836,,3.4999999998836,7.9999999998836
269552,8201507,Santos,Porto Organizado,BRSSZ,SSZ0921,TERM.DOW,TUPs Santos (cadastro antigo),,Santos,2010-01-04 04:10:00,2010-01-04 04:10:00,2010-01-04 04:10:00,2010-01-05 08:10:00,2010-01-05 08:10:00,2010,jan,Movimentação da Carga,Cabotagem,,1,3810395498,"-46.301939,-23.966053",True,2010,2,528.275,2503.96,0.0,0.0,0.0,528.275,2503.96,0.0,0.0,0.0,0.0,0.0,0.0,0.0,0.0,0.0,0.0,0.0,0.0,0.0,0.0,0.0,0.0,0.0,3907,2902,,,,,28.000000000116,,28.000000000116,28.000000000116
243594,8201507,Terminal Marítimo Dow,Terminal Autorizado,BRSP005,BRSP0050077,DOW,Terminal Marítimo Dow,,Guarujá,2010-01-01 20:15:00,2010-01-04 04:45:00,2010-01-04 09:55:00,2010-01-04 23:00:00,2010-01-05 08:15:00,2010,jan,Movimentação da Carga,Cabotagem,,1,3810395498,"-46.866,-23.9821",True,2010,2,0.0,3031.0,0.0,0.0,0.0,0.0,3031.0,0.0,0.0,0.0,0.0,0.0,0.0,0.0,0.0,0.0,0.0,0.0,0.0,0.0,0.0,0.0,0.0,0.0,,2902,,,56.499999999942,5.1666666667443,13.083333333372,9.2499999999418,27.500000000058,84.0
269525,9351531,Santos,Porto Organizado,BRSSZ,SSZ0112,IB BC,Cais da Ilha Barnabé - Público,,Santos,2010-01-04 05:10:00,2010-01-04 05:10:00,2010-01-04 05:10:00,2010-01-06 09:15:00,2010-01-06 09:15:00,2010,jan,Movimentação da Carga,Longo Curso,,1,,"-46.301939,-23.966053",True,2010,1,16981.253,0.0,0.0,0.0,0.0,16981.253,0.0,0.0,0.0,0.0,0.0,16981.253,0.0,0.0,0.0,0.0,0.0,0.0,0.0,0.0,0.0,0.0,0.0,0.0,2207,,,,,,52.083333333198,,52.083333333198,52.083333333198
269337,9116876,Santos,Porto Organizado,BRSSZ,SSZ0641,ARM 31,Cais do Macuco - Público,,Santos,2010-01-04 06:03:00,2010-01-04 06:03:00,2010-01-04 06:03:00,2010-01-04 18:05:00,2010-01-04 18:05:00,2010,jan,Passageiro,Cabotagem,,1,,"-46.301939,-23.966053",True,2010,0,,,,,,,,,,,,,,,,,,,,,,,,,,,,,,,12.033333333267,,12.033333333267,12.033333333267
269498,9439759,Santos,Porto Organizado,BRSSZ,SSZ0214,CS 04,Cais da Ecoporto (SSZ 35) - Privativo,,Santos,2010-01-04 03:00:00,2010-01-04 06:15:00,2010-01-04 06:15:00,2010-01-05 10:45:00,2010-01-05 10:45:00,2010,jan,Movimentação da Carga,Longo Curso,,1,,"-46.301939,-23.966053",True,2010,33,264.548,15508.983999999999,0.0,0.0,0.0,0.0,0.0,0.0,0.0,264.548,15508.983999999999,264.548,15508.983999999999,0.0,35.0,1436.0,0.0,68.0,264.548,15355.983999999999,0.0,0.0,0.0,0.0,42G0,22G0,7.558514285714286,10.693582172701948,3.2499999999418,,28.5,,28.5,31.749999999942
269435,9353228,Santos,Porto Organizado,BRSSZ,SSZ0737,ARMAZÉM 37.1,T-37 (cadastro antigo),,Santos,2010-01-03 16:54:00,2010-01-04 06:29:00,2010-01-04 06:29:00,2010-01-04 22:40:00,2010-01-04 22:40:00,2010,jan,Movimentação da Carga,Longo Curso,,1,,"-46.301939,-23.966053",True,2010,25,414.64300000000003,8011.628000000001,0.0,0.0,0.0,0.0,0.0,0.0,0.0,414.64300000000003,8011.628000000001,0.0,8007.329000000001,0.0,1.0,672.0,198.0,0.0,4.299,8011.628000000001,0.0,0.0,0.0,0.0,22G0,42G0,4.299,11.922065476190477,13.583333333256,,16.183333333349,,16.183333333349,29.766666666605
269472,9236547,Santos,Porto Organizado,BRSSZ,SSZ0812,TECON 3,Cais da Santos Brasil (SSZ 16) - Privativo,,Guarujá,2010-01-02 01:35:00,2010-01-04 06:30:00,2010-01-04 06:30:00,2010-01-04 18:40:00,2010-01-04 18:40:00,2010,jan,Movimentação da Carga,Longo Curso,,1,,"-46.301939,-23.966053",True,2010,38,1873.649,7463.5830000000005,0.0,0.0,0.0,0.0,0.0,0.0,0.0,1873.649,7463.5830000000005,1873.649,7463.5830000000005,0.0,95.0,732.0,200.0,78.0,1469.556,7304.744000000001,0.0,0.0,0.0,0.0,42G0,42G0,15.46901052631579,9.979158469945355,52.916666666802,,12.166666666686,,12.166666666686,65.083333333489
269425,9123154,Santos,Porto Organizado,BRSSZ,SSZ0813,TECON 2,Cais da Santos Brasil (SSZ 16) - Privativo,,Guarujá,2010-01-04 07:10:00,2010-01-04 07:10:00,2010-01-04 07:10:00,2010-01-04 10:52:00,2010-01-04 10:52:00,2010,jan,Movimentação da Carga,Longo Curso,,1,,"-46.301939,-23.966053",True,2010,9,1425.687,498.548,0.0,0.0,0.0,0.0,0.0,0.0,0.0,1425.687,498.548,1425.687,498.548,0.0,98.0,39.0,0.0,0.0,1425.687,498.548,0.0,0.0,0.0,0.0,42G0,42G0,14.547826530612245,12.783282051282052,,,3.7000000000116,,3.7000000000116,3.7000000000116
269328,9239795,Santos,Porto Organizado,BRSSZ,SSZ0524,CONCAIS,Cais do Outeirinhos - Público,,Santos,2010-01-04 07:20:00,2010-01-04 07:20:00,2010-01-04 07:20:00,2010-01-04 18:10:00,2010-01-04 18:10:00,2010,jan,Passageiro,Cabotagem,,1,,"-46.301939,-23.966053",True,2010,0,,,,,,,,,,,,,,,,,,,,,,,,,,,,,,,10.833333333372,,10.833333333372,10.833333333372
269462,9138496,Santos,Porto Organizado,BRSSZ,SSZ0803,TGG,Píer da TGG (SSZ 14) - Privativo,,Guarujá,2010-01-04 08:22:00,2010-01-04 08:22:00,2010-01-04 08:22:00,2010-01-09 12:20:00,2010-01-09 12:20:00,2010,jan,Movimentação da Carga,Longo Curso,,1,,"-46.301939,-23.966053",True,2010,1,57020.491,0.0,0.0,57020.491,0.0,0.0,0.0,0.0,0.0,0.0,0.0,57020.491,0.0,0.0,0.0,0.0,0.0,0.0,0.0,0.0,0.0,0.0,0.0,0.0,2302,,,,,,123.96666666667,,123.96666666667,123.96666666667
269502,9282986,Santos,Porto Organizado,BRSSZ,SSZ0102,AL 02,Píer da Alamoa - Público,,Santos,2009-12-31 05:30:00,2010-01-04 09:40:00,2010-01-04 09:40:00,2010-01-05 20:20:00,2010-01-05 20:20:00,2010,jan,Movimentação da Carga,Cabotagem,,1,,"-46.301939,-23.966053",True,2010,1,31405.595,0.0,0.0,0.0,0.0,31405.595,0.0,0.0,0.0,0.0,0.0,0.0,0.0,0.0,0.0,0.0,0.0,0.0,0.0,0.0,0.0,0.0,0.0,0.0,2710,,,,100.1666666668,,34.666666666511,,34.666666666511,134.83333333331
269404,9138410,Santos,Porto Organizado,BRSSZ,SSZ0211,CS 02 + CS 01,Cais do Saboó - Público,,Santos,2010-01-04 11:50:00,2010-01-04 11:50:00,2010-01-04 11:50:00,2010-01-04 19:15:00,2010-01-04 19:15:00,2010,jan,Movimentação da Carga,Longo Curso,,1,,"-46.301939,-23.966053",True,2010,25,296.76099999999997,1560.355,0.0,0.0,0.0,0.0,0.0,147.475,1029.608,149.286,530.7470000000001,296.76099999999997,1560.355,0.0,9.0,38.0,0.0,40.0,149.286,450.747,0.0,0.0,0.0,0.0,8709,8709,16.587333333333333,11.861763157894737,,,7.4166666667443,,7.4166666667443,7.4166666667443
269561,9366110,Santos,Porto Organizado,BRSSZ,SSZ0213,CS 03,Cais do Saboó - Público,,Santos,2010-01-04 13:00:00,2010-01-04 13:00:00,2010-01-04 13:00:00,2010-01-05 11:40:00,2010-01-05 11:40:00,2010,jan,Movimentação da Carga,Longo Curso,,1,,"-46.301939,-23.966053",True,2010,1,406.25,0.0,0.0,0.0,0.0,0.0,0.0,406.25,0.0,0.0,0.0,406.25,0.0,0.0,0.0,0.0,0.0,0.0,0.0,0.0,0.0,0.0,0.0,0.0,8428,,,,,,22.666666666686,,22.666666666686,22.666666666686
269475,9372494,Santos,Porto Organizado,BRSSZ,SSZ0813,TECON 2,Cais da Santos Brasil (SSZ 16) - Privativo,,Guarujá,2010-01-03 11:45:00,2010-01-04 13:05:00,2010-01-04 13:05:00,2010-01-05 10:20:00,2010-01-05 10:20:00,2010,jan,Movimentação da Carga,Longo Curso,,1,,"-46.301939,-23.966053",True,2010,21,213.029,18195.600000000002,0.0,0.0,0.0,0.0,0.0,0.0,0.0,213.029,18195.600000000002,213.029,18195.600000000002,0.0,26.0,1242.0,0.0,200.0,213.029,17794.81,0.0,0.0,0.0,0.0,42G0,22G0,8.193423076923077,14.32754428341385,25.333333333314,,21.249999999942,,21.249999999942,46.583333333256
269419,9000742,Santos,Porto Organizado,BRSSZ,SSZ0811,TECON 1.2,Cais da Santos Brasil (SSZ 16) - Privativo,,Guarujá,2010-01-04 02:01:00,2010-01-04 13:20:00,2010-01-04 13:20:00,2010-01-05 13:20:00,2010-01-05 13:20:00,2010,jan,Movimentação da Carga,Cabotagem,,1,3810474584,"-46.301939,-23.966053",True,2010,44,5174.655,7333.965,0.0,0.0,0.0,0.0,0.0,0.0,0.0,5174.655,7333.965,0.0,0.0,0.0,414.0,671.0,68.0,265.0,5039.7339999999995,6791.575,0.0,0.0,0.0,0.0,42G0,42G0,12.173270531400965,10.121572280178837,11.316666666709,,24.0,,24.0,35.316666666709
269483,9210323,Santos,Porto Organizado,BRSSZ,SSZ0527,ARMAZÉM 27,Cais do Outeirinhos - Público,,Santos,2010-01-04 13:45:00,2010-01-04 13:45:00,2010-01-04 13:45:00,2010-01-06 13:12:00,2010-01-06 13:12:00,2010,jan,Movimentação da Carga,Longo Curso,,1,,"-46.301939,-23.966053",True,2010,1,0.0,76.936,0.0,0.0,0.0,0.0,0.0,0.0,76.936,0.0,0.0,0.0,76.936,0.0,0.0,0.0,0.0,0.0,0.0,0.0,0.0,0.0,0.0,0.0,,7208,,,,,47.450000000128,,47.450000000128,47.450000000128
269458,8309347,Santos,Porto Organizado,BRSSZ,SSZ0419,ARM 19,Cais do Outeirinhos - Público,,Santos,2009-12-26 07:42:00,2010-01-04 15:55:00,2010-01-04 15:55:00,2010-01-07 07:00:00,2010-01-07 07:00:00,2010,jan,Movimentação da Carga,Longo Curso,,1,,"-46.301939,-23.966053",True,2010,1,37000.0,0.0,0.0,37000.0,0.0,0.0,0.0,0.0,0.0,0.0,0.0,37000.0,0.0,0.0,0.0,0.0,0.0,0.0,0.0,0.0,0.0,0.0,0.0,37000.0,1701,,,,224.21666666673,,63.083333333256,,63.083333333256,287.29999999999
269463,9219446,Santos,Porto Organizado,BRSSZ,SSZ0915,COSIPA,TUPs Santos (cadastro antigo),,Santos,2010-01-03 12:36:00,2010-01-04 18:05:00,2010-01-04 18:05:00,2010-01-06 16:40:00,2010-01-06 16:40:00,2010,jan,Movimentação da Carga,Longo Curso,,1,,"-46.301939,-23.966053",True,2010,1,0.0,26139.622,0.0,0.0,26139.622,0.0,0.0,0.0,0.0,0.0,0.0,0.0,26139.622,0.0,0.0,0.0,0.0,0.0,0.0,0.0,0.0,0.0,0.0,0.0,,2713,,,29.483333333221,,46.58333333343,,46.58333333343,76.066666666651
269516,8507200,Santos,Porto Organizado,BRSSZ,SSZ0901,ULTRAFERTIL,TUPs Santos (cadastro antigo),,Santos,2010-01-04 19:25:00,2010-01-04 19:25:00,2010-01-04 19:25:00,2010-01-08 07:00:00,2010-01-08 07:00:00,2010,jan,Movimentação da Carga,Longo Curso,,1,,"-46.301939,-23.966053",True,2010,2,0.0,33012.743,0.0,0.0,33012.743,0.0,0.0,0.0,0.0,0.0,0.0,0.0,33012.743,0.0,0.0,0.0,0.0,0.0,0.0,0.0,0.0,0.0,0.0,0.0,,2503,,,,,83.583333333198,,83.583333333198,83.583333333198
250074,8507200,Terminal Integrador Portuário Luiz Antonio Mesquita - TIPLAM,Terminal Autorizado,BRSP001,BRSP0010001,TUF1,Terminal Integrador Portuário Luiz Antonio Mesquita - TIPLAM,,Santos,2010-01-04 16:12:00,2010-01-04 20:05:00,2010-01-04 21:25:00,2010-01-07 01:00:00,2010-01-08 06:50:00,2010,jan,Movimentação da Carga,Longo Curso,,1,,"-46.3717,-23.8725",True,2010,1,0.0,33012.376,0.0,0.0,33012.376,0.0,0.0,0.0,0.0,0.0,0.0,0.0,33012.376,0.0,0.0,0.0,0.0,0.0,0.0,0.0,0.0,0.0,0.0,0.0,,2503,,,3.8833333332441,1.3333333333139,51.583333333314,29.833333333314,82.749999999942,86.633333333186
269436,9353230,Santos,Porto Organizado,BRSSZ,SSZ0665,ARM 35.0,Libra Terminais S/A (cadastro antigo),,Santos,2010-01-04 01:54:00,2010-01-04 22:45:00,2010-01-04 22:45:00,2010-01-05 07:47:00,2010-01-05 07:47:00,2010,jan,Movimentação da Carga,Longo Curso,,1,,"-46.301939,-23.966053",True,2010,17,3147.8880000000004,0.0,0.0,0.0,0.0,0.0,0.0,0.0,0.0,3147.8880000000004,0.0,3147.8880000000004,0.0,0.0,213.0,0.0,0.0,0.0,3147.8880000000004,0.0,0.0,0.0,0.0,0.0,42G0,,14.778816901408453,,20.84999999986,,9.033333333442,,9.033333333442,29.883333333302
269474,9213583,Santos,Porto Organizado,BRSSZ,SSZ0812,TECON 3,Cais da Santos Brasil (SSZ 16) - Privativo,,Guarujá,2010-01-04 00:48:00,2010-01-05 00:50:00,2010-01-05 00:50:00,2010-01-05 17:15:00,2010-01-05 17:15:00,2010,jan,Movimentação da Carga,Longo Curso,,1,,"-46.301939,-23.966053",True,2010,27,11038.002,935.7950000000001,0.0,0.0,0.0,0.0,0.0,0.0,0.0,11038.002,935.7950000000001,11038.002,935.7950000000001,0.0,698.0,62.0,1.0,1.0,11035.802000000001,933.595,0.0,0.0,0.0,0.0,42G0,42G0,15.810604584527223,15.057983870967742,24.033333333267,,16.416666666744,,16.416666666744,40.450000000012
269433,9440801,Santos,Porto Organizado,BRSSZ,SSZ0737,ARMAZÉM 37.1,T-37 (cadastro antigo),,Santos,2010-01-04 20:48:00,2010-01-05 01:00:00,2010-01-05 01:00:00,2010-01-06 02:00:00,2010-01-06 02:00:00,2010,jan,Movimentação da Carga,Longo Curso,,1,,"-46.301939,-23.966053",True,2010,55,706.516,10084.597000000002,0.0,0.0,0.0,0.0,0.0,0.0,93.13300000000001,706.516,9991.464000000002,0.0,9868.110000000002,0.0,50.0,767.0,29.0,358.0,591.361,9111.754000000003,0.0,0.0,0.0,0.0,42G0,42G0,11.82722,11.879731421121255,4.1999999998952,,25.000000000116,,25.000000000116,29.200000000012
269408,9190781,Santos,Porto Organizado,BRSSZ,SSZ0676,ARM 35P2,Cais do Macuco - Público,,Santos,2010-01-05 06:15:00,2010-01-05 06:15:00,2010-01-05 06:15:00,2010-01-06 04:55:00,2010-01-06 04:55:00,2010,jan,Movimentação da Carga,Longo Curso,,1,,"-46.301939,-23.966053",True,2010,31,9394.996,1332.8360000000002,0.0,0.0,0.0,0.0,0.0,0.0,0.0,9394.996,1332.8360000000002,8856.141,1248.3270000000002,0.0,504.0,90.0,500.0,8.0,8357.79,1310.5730000000003,0.0,0.0,0.0,0.0,42G0,22G0,16.58291666666667,14.561922222222226,,,22.666666666686,,22.666666666686,22.666666666686
269519,9151424,Santos,Porto Organizado,BRSSZ,SSZ0240,CORTE,Cais da Ecoporto (SSZ 35) - Privativo,,Santos,2010-01-05 06:20:00,2010-01-05 06:20:00,2010-01-05 06:20:00,2010-01-06 17:10:00,2010-01-06 17:10:00,2010,jan,Movimentação da Carga,Longo Curso,,1,,"-46.301939,-23.966053",True,2010,34,4406.6179999999995,5385.183000000001,0.0,0.0,0.0,0.0,0.0,0.0,0.0,4406.6179999999995,5385.183000000001,4406.6179999999995,5385.183000000001,0.0,340.0,493.0,0.0,100.0,4406.6179999999995,5167.383000000001,0.0,0.0,0.0,0.0,42G0,42G0,12.960641176470586,10.481507099391482,,,34.833333333372,,34.833333333372,34.833333333372
269327,9156462,Santos,Porto Organizado,BRSSZ,SSZ0525,ARM FRIG/25,Cais do Outeirinhos - Público,,Santos,2010-01-05 07:40:00,2010-01-05 07:40:00,2010-01-05 07:40:00,2010-01-05 18:20:00,2010-01-05 18:20:00,2010,jan,Passageiro,Cabotagem,,1,,"-46.301939,-23.966053",True,2010,0,,,,,,,,,,,,,,,,,,,,,,,,,,,,,,,10.666666666686,,10.666666666686,10.666666666686
269532,9125243,Santos,Porto Organizado,BRSSZ,SSZ0921,TERM.DOW,TUPs Santos (cadastro antigo),,Santos,2010-01-05 09:40:00,2010-01-05 09:40:00,2010-01-05 09:40:00,2010-01-05 19:40:00,2010-01-05 19:40:00,2010,jan,Movimentação da Carga,Cabotagem,,1,,"-46.301939,-23.966053",True,2010,5,0.0,11809.951000000001,0.0,0.0,0.0,0.0,11809.951000000001,0.0,0.0,0.0,0.0,0.0,0.0,0.0,0.0,0.0,0.0,0.0,0.0,0.0,0.0,0.0,0.0,0.0,,2815,,,,,9.9999999999418,,9.9999999999418,9.9999999999418
246688,9125243,Terminal Marítimo Dow,Terminal Autorizado,BRSP005,BRSP0050077,DOW,Terminal Marítimo Dow,,Guarujá,2010-01-02 22:50:00,2010-01-05 10:05:00,2010-01-05 10:30:00,2010-01-05 18:10:00,2010-01-05 19:40:00,2010,jan,Movimentação da Carga,Cabotagem,,1,,"-46.866,-23.9821",True,2010,5,0.0,11799.0,0.0,0.0,0.0,0.0,11799.0,0.0,0.0,0.0,0.0,0.0,0.0,0.0,0.0,0.0,0.0,0.0,0.0,0.0,0.0,0.0,0.0,0.0,,2815,,,59.25,0.41666666662786,7.6666666666861,1.5,9.5833333333139,68.833333333314
269468,8905488,Santos,Porto Organizado,BRSSZ,SSZ0804,TERMAG,Píer da TERMAG (SSZ 12) - Privativo,,Guarujá,2009-12-30 04:24:00,2010-01-05 13:20:00,2010-01-05 13:20:00,2010-01-10 10:17:00,2010-01-10 10:17:00,2010,jan,Movimentação da Carga,Longo Curso,,1,,"-46.301939,-23.966053",True,2010,1,0.0,26026.515,0.0,0.0,26026.515,0.0,0.0,0.0,0.0,0.0,0.0,0.0,26026.515,0.0,0.0,0.0,0.0,0.0,0.0,0.0,0.0,0.0,0.0,0.0,,3102,,,152.93333333329,,116.95000000001,,116.95000000001,269.8833333333
269562,9437309,Santos,Porto Organizado,BRSSZ,SSZ0213,CS 03,Cais do Saboó - Público,,Santos,2010-01-05 13:25:00,2010-01-05 13:25:00,2010-01-05 13:25:00,2010-01-06 07:20:00,2010-01-06 07:20:00,2010,jan,Movimentação da Carga,Longo Curso,,1,,"-46.301939,-23.966053",True,2010,1,384.24,0.0,0.0,0.0,0.0,0.0,0.0,384.24,0.0,0.0,0.0,384.24,0.0,0.0,0.0,0.0,0.0,0.0,0.0,0.0,0.0,0.0,0.0,0.0,8504,,,,,,17.91666666657,,17.91666666657,17.91666666657
269568,8900048,Santos,Porto Organizado,BRSSZ,SSZ0101,AL 01,Píer da Alamoa - Público,,Santos,2010-01-05 06:00:00,2010-01-05 13:30:00,2010-01-05 13:30:00,2010-01-06 14:45:00,2010-01-06 14:45:00,2010,jan,Movimentação da Carga,Cabotagem,,1,3810474509,"-46.301939,-23.966053",True,2010,1,18859.198,0.0,0.0,0.0,0.0,18859.198,0.0,0.0,0.0,0.0,0.0,0.0,0.0,0.0,0.0,0.0,0.0,0.0,0.0,0.0,0.0,0.0,0.0,0.0,2710,,,,7.5,,25.250000000058,,25.250000000058,32.750000000058
269571,9282778,Santos,Porto Organizado,BRSSZ,SSZ0423,ARMAZEM 23,Cais do Outeirinhos - Público,,Santos,2010-01-05 13:36:00,2010-01-05 13:36:00,2010-01-05 13:36:00,2010-01-06 01:30:00,2010-01-06 01:30:00,2010,jan,Movimentação da Carga,Longo Curso,,1,,"-46.301939,-23.966053",True,2010,2,0.0,469.776,0.0,0.0,0.0,0.0,0.0,0.0,469.776,0.0,0.0,0.0,469.776,0.0,0.0,0.0,0.0,0.0,0.0,0.0,0.0,0.0,0.0,0.0,,7213,,,,,11.900000000023,,11.900000000023,11.900000000023
269368,9450325,Santos,Porto Organizado,BRSSZ,SSZ0214,CS 04,Cais da Ecoporto (SSZ 35) - Privativo,,Santos,2010-01-04 01:06:00,2010-01-05 14:30:00,2010-01-05 14:30:00,2010-01-06 19:25:00,2010-01-06 19:25:00,2010,jan,Movimentação da Carga,Longo Curso,,1,,"-46.301939,-23.966053",True,2010,30,11728.791,194.486,0.0,0.0,0.0,0.0,0.0,0.0,0.0,11728.791,194.486,11728.791,194.486,0.0,725.0,12.0,597.0,11.0,10616.682,170.586,0.0,0.0,0.0,0.0,42G0,22G0,14.643699310344829,14.2155,37.400000000023,,28.916666666802,,28.916666666802,66.316666666826
269569,9263344,Santos,Porto Organizado,BRSSZ,SSZ0811,TECON 1.2,Cais da Santos Brasil (SSZ 16) - Privativo,,Guarujá,2010-01-05 05:00:00,2010-01-05 15:15:00,2010-01-05 15:15:00,2010-01-05 22:10:00,2010-01-05 22:10:00,2010,jan,Movimentação da Carga,Longo Curso,,1,,"-46.301939,-23.966053",True,2010,7,0.0,3833.097,0.0,0.0,0.0,0.0,0.0,0.0,0.0,0.0,3833.097,0.0,3833.097,0.0,0.0,215.0,0.0,0.0,0.0,3833.097,0.0,0.0,0.0,0.0,,22G0,,17.828358139534885,10.249999999884,,6.9166666666861,,6.9166666666861,17.16666666657
269426,9348091,Santos,Porto Organizado,BRSSZ,SSZ0813,TECON 2,Cais da Santos Brasil (SSZ 16) - Privativo,,Guarujá,2010-01-05 04:10:00,2010-01-05 15:28:00,2010-01-05 15:28:00,2010-01-06 17:35:00,2010-01-06 17:35:00,2010,jan,Movimentação da Carga,Longo Curso,,1,,"-46.301939,-23.966053",True,2010,30,21.6,29040.814000000002,0.0,0.0,0.0,0.0,0.0,0.0,0.0,21.6,29040.814000000002,21.6,29040.814000000002,0.0,1.0,2421.0,0.0,62.0,21.6,28916.814000000002,0.0,0.0,0.0,0.0,29G9,42G0,21.6,11.94416109045849,11.299999999988,,26.116666666756,,26.116666666756,37.416666666744
269371,9364825,Santos,Porto Organizado,BRSSZ,SSZ0759,ARM 39,Cais da Ponta da Praia - Público,,Santos,2010-01-05 17:15:00,2010-01-05 17:15:00,2010-01-05 17:15:00,2010-01-07 17:05:00,2010-01-07 17:05:00,2010,jan,Movimentação da Carga,Longo Curso,,1,,"-46.301939,-23.966053",True,2010,1,19400.0,0.0,0.0,19400.0,0.0,0.0,0.0,0.0,0.0,0.0,0.0,19400.0,0.0,0.0,0.0,0.0,0.0,0.0,0.0,0.0,0.0,0.0,0.0,19400.0,1701,,,,,,47.833333333314,,47.833333333314,47.833333333314
269367,9145968,Santos,Porto Organizado,BRSSZ,SSZ0941,TEAG,Píer da TEAG (SSZ 10) - Privativo,,Guarujá,2010-01-02 19:15:00,2010-01-05 17:30:00,2010-01-05 17:30:00,2010-01-07 02:10:00,2010-01-07 02:10:00,2010,jan,Movimentação da Carga,Longo Curso,,1,,"-46.301939,-23.966053",True,2010,1,10622.1,0.0,0.0,10622.1,0.0,0.0,0.0,0.0,0.0,0.0,0.0,10622.1,0.0,0.0,0.0,0.0,0.0,0.0,0.0,0.0,0.0,0.0,0.0,10622.1,1701,,,,70.249999999884,,32.666666666802,,32.666666666802,102.91666666669
269428,9227273,Santos,Porto Organizado,BRSSZ,SSZ0812,TECON 3,Cais da Santos Brasil (SSZ 16) - Privativo,,Guarujá,2010-01-05 20:10:00,2010-01-05 20:10:00,2010-01-05 20:10:00,2010-01-06 12:55:00,2010-01-06 12:55:00,2010,jan,Movimentação da Carga,Longo Curso,,1,,"-46.301939,-23.966053",True,2010,39,0.0,14385.704000000005,0.0,0.0,0.0,0.0,0.0,0.0,0.0,0.0,14385.704000000005,0.0,14385.704000000005,0.0,0.0,1062.0,0.0,40.0,0.0,14307.566000000004,0.0,0.0,0.0,0.0,,22G0,,13.472284369114881,,,16.749999999942,,16.749999999942,16.749999999942
269543,9380764,Santos,Porto Organizado,BRSSZ,SSZ0641,ARM 31,Cais do Macuco - Público,,Santos,2010-01-05 20:35:00,2010-01-05 20:35:00,2010-01-05 20:35:00,2010-01-06 17:45:00,2010-01-06 17:45:00,2010,jan,Movimentação da Carga,Longo Curso,,1,,"-46.301939,-23.966053",True,2010,1,9500.0,0.0,0.0,0.0,0.0,0.0,0.0,9500.0,0.0,0.0,0.0,9500.0,0.0,0.0,0.0,0.0,0.0,0.0,0.0,0.0,0.0,0.0,0.0,0.0,3912,,,,,,21.166666666686,,21.166666666686,21.166666666686
269461,8506438,Santos,Porto Organizado,BRSSZ,SSZ0102,AL 02,Píer da Alamoa - Público,,Santos,2010-01-06 00:55:00,2010-01-06 00:55:00,2010-01-06 00:55:00,2010-01-07 10:15:00,2010-01-07 10:15:00,2010,jan,Movimentação da Carga,Cabotagem,,1,3810446670,"-46.301939,-23.966053",True,2010,1,0.0,2306.909,0.0,0.0,0.0,0.0,2306.909,0.0,0.0,0.0,0.0,0.0,0.0,0.0,0.0,0.0,0.0,0.0,0.0,0.0,0.0,0.0,0.0,0.0,,2710,,,,,33.333333333372,,33.333333333372,33.333333333372
269402,9225067,Santos,Porto Organizado,BRSSZ,SSZ0748,ARM 38,Cais da Ponta da Praia - Público,,Santos,2009-12-25 09:40:00,2010-01-06 02:30:00,2010-01-06 02:30:00,2010-01-11 01:10:00,2010-01-11 01:10:00,2010,jan,Movimentação da Carga,Longo Curso,,1,,"-46.301939,-23.966053",True,2010,1,67284.69,0.0,0.0,67284.69,0.0,0.0,0.0,0.0,0.0,0.0,0.0,67284.69,0.0,0.0,0.0,0.0,0.0,0.0,0.0,0.0,0.0,67284.69,0.0,0.0,1005,,,,280.8333333332,,118.66666666669,,118.66666666669,399.49999999988
269579,8610019,Santos,Porto Organizado,BRSSZ,SSZ0111,IB SP,Cais da Ilha Barnabé - Público,,Santos,2010-01-06 02:35:00,2010-01-06 02:35:00,2010-01-06 02:35:00,2010-01-08 00:45:00,2010-01-08 00:45:00,2010,jan,Movimentação da Carga,Cabotagem,,1,,"-46.301939,-23.966053",True,2010,7,820.86,4127.769,0.0,0.0,0.0,820.86,4127.769,0.0,0.0,0.0,0.0,0.0,0.0,0.0,0.0,0.0,0.0,0.0,0.0,0.0,0.0,0.0,0.0,0.0,2207,2710,,,,,46.166666666628,,46.166666666628,46.166666666628
269572,9282778,Santos,Porto Organizado,BRSSZ,SSZ0422,ARM 22 + ARM 23,Cais do Outeirinhos - Público,,Santos,2010-01-06 03:45:00,2010-01-06 03:45:00,2010-01-06 03:45:00,2010-01-07 01:00:00,2010-01-07 01:00:00,2010,jan,Movimentação da Carga,Longo Curso,,1,,"-46.301939,-23.966053",True,2010,2,0.0,2926.558,0.0,0.0,0.0,0.0,0.0,0.0,2926.558,0.0,0.0,0.0,2926.558,0.0,0.0,0.0,0.0,0.0,0.0,0.0,0.0,0.0,0.0,0.0,,7208,,,,,21.249999999942,,21.249999999942,21.249999999942
269471,9351579,Santos,Porto Organizado,BRSSZ,SSZ0811,TECON 1.2,Cais da Santos Brasil (SSZ 16) - Privativo,,Guarujá,2010-01-06 04:30:00,2010-01-06 04:30:00,2010-01-06 04:30:00,2010-01-07 07:10:00,2010-01-07 07:10:00,2010,jan,Movimentação da Carga,Longo Curso,,1,,"-46.301939,-23.966053",True,2010,48,9603.505,3067.497,0.0,0.0,0.0,0.0,0.0,0.0,0.0,9603.505,3067.497,9603.505,3067.497,0.0,653.0,236.0,100.0,0.0,9378.036,3067.497,0.0,0.0,0.0,0.0,42G0,42G0,14.36146401225115,12.997868644067795,,,26.666666666628,,26.666666666628,26.666666666628
269375,9294874,Santos,Porto Organizado,BRSSZ,SSZ0737,ARMAZÉM 37.1,T-37 (cadastro antigo),,Santos,2010-01-05 00:42:00,2010-01-06 05:00:00,2010-01-06 05:00:00,2010-01-06 21:30:00,2010-01-06 21:30:00,2010,jan,Movimentação da Carga,Longo Curso,,1,,"-46.301939,-23.966053",True,2010,18,9211.209999999997,86.909,0.0,0.0,0.0,0.0,0.0,0.0,0.0,9211.209999999997,86.909,9124.300999999998,0.0,0.0,525.0,1.0,320.0,40.0,8533.501999999999,9.0,0.0,0.0,0.0,0.0,42G0,42G0,16.254289523809522,9.0,28.300000000047,,16.5,,16.5,44.800000000047
269432,9357949,Santos,Porto Organizado,BRSSZ,SSZ0676,ARM 35P2,Cais do Macuco - Público,,Santos,2010-01-05 13:30:00,2010-01-06 06:58:00,2010-01-06 06:58:00,2010-01-07 21:42:00,2010-01-07 21:42:00,2010,jan,Movimentação da Carga,Longo Curso,,1,,"-46.301939,-23.966053",True,2010,35,13849.611,29.0,0.0,0.0,0.0,0.0,0.0,0.0,0.0,13849.611,29.0,13820.611,0.0,0.0,838.0,2.0,706.0,0.0,12417.87,29.0,0.0,0.0,0.0,0.0,42G0,42R0,14.81846062052506,14.5,17.466666666674,,38.733333333337,,38.733333333337,56.200000000012
269459,9440150,Santos,Porto Organizado,BRSSZ,SSZ0665,ARM 35.0,Libra Terminais S/A (cadastro antigo),,Santos,2010-01-06 07:20:00,2010-01-06 07:20:00,2010-01-06 07:20:00,2010-01-08 03:20:00,2010-01-08 03:20:00,2010,jan,Movimentação da Carga,Longo Curso,,1,,"-46.301939,-23.966053",True,2010,10,2203.56,5029.352000000001,0.0,0.0,0.0,0.0,0.0,0.0,0.0,2203.56,5029.352000000001,809.46,5029.352000000001,0.0,0.0,302.0,1096.0,176.0,0.0,4501.782,0.0,0.0,0.0,0.0,42G0,22G0,,14.906562913907285,,,44.000000000058,,44.000000000058,44.000000000058
269526,8309335,Santos,Porto Organizado,BRSSZ,SSZ0423,ARMAZEM 23,Cais do Outeirinhos - Público,,Santos,2010-01-06 07:20:00,2010-01-06 07:20:00,2010-01-06 07:20:00,2010-01-07 18:30:00,2010-01-07 18:30:00,2010,jan,Movimentação da Carga,Longo Curso,,1,,"-46.301939,-23.966053",True,2010,1,0.0,6042.0,0.0,0.0,6042.0,0.0,0.0,0.0,0.0,0.0,0.0,0.0,6042.0,0.0,0.0,0.0,0.0,0.0,0.0,0.0,0.0,0.0,0.0,0.0,,3104,,,,,35.166666666744,,35.166666666744,35.166666666744
269573,9316593,Santos,Porto Organizado,BRSSZ,SSZ0112,IB BC,Cais da Ilha Barnabé - Público,,Santos,2010-01-05 08:50:00,2010-01-06 10:50:00,2010-01-06 10:50:00,2010-01-09 04:00:00,2010-01-09 04:00:00,2010,jan,Movimentação da Carga,Longo Curso,,1,,"-46.301939,-23.966053",True,2010,2,0.0,10051.690999999999,0.0,0.0,0.0,0.0,10051.690999999999,0.0,0.0,0.0,0.0,0.0,3360.559,0.0,0.0,0.0,0.0,0.0,0.0,0.0,0.0,0.0,0.0,0.0,,2710,,,26.000000000058,,65.16666666657,,65.16666666657,91.166666666628
269427,9334349,Santos,Porto Organizado,BRSSZ,SSZ0812,TECON 3,Cais da Santos Brasil (SSZ 16) - Privativo,,Guarujá,2010-01-06 00:01:00,2010-01-06 15:07:00,2010-01-06 15:07:00,2010-01-07 07:20:00,2010-01-07 07:20:00,2010,jan,Movimentação da Carga,Longo Curso,,1,,"-46.301939,-23.966053",True,2010,33,412.122,8677.258,0.0,0.0,0.0,0.0,0.0,0.0,0.0,412.122,8677.258,412.122,8677.258,0.0,19.0,824.0,100.0,8.0,217.86,8659.779,0.0,0.0,0.0,0.0,42G0,42G0,11.466315789473684,10.509440533980584,15.099999999977,,16.216666666616,,16.216666666616,31.316666666593
245996,9000326,Sucocítrico Cutrale,Terminal Autorizado,BRSP004,BRSP0048932,Cutrale,Sucocítrico Cutrale,,Guarujá,2010-01-06 16:17:00,2010-01-06 16:17:00,2010-01-06 18:30:00,2010-01-08 05:30:00,2010-01-08 10:10:00,2010,jan,Movimentação da Carga,Longo Curso,,1,,"-46.2864,-23.9797",True,2010,1,12573.38,0.0,0.0,12573.38,0.0,0.0,0.0,0.0,0.0,0.0,0.0,12573.38,0.0,0.0,0.0,0.0,0.0,0.0,0.0,0.0,0.0,0.0,0.0,0.0,2308,,,,,2.2166666667326,34.999999999884,4.6666666666861,41.883333333302,41.883333333302
269606,9000326,Santos,Porto Organizado,BRSSZ,SSZ0931,CUTRALE,TUPs Santos (cadastro antigo),,Santos,2010-01-06 16:25:00,2010-01-06 16:25:00,2010-01-06 16:25:00,2010-01-08 19:50:00,2010-01-08 19:50:00,2010,jan,Movimentação da Carga,Longo Curso,,1,,"-46.301939,-23.966053",True,2010,1,12573.379,0.0,0.0,12573.379,0.0,0.0,0.0,0.0,0.0,0.0,0.0,12573.379,0.0,0.0,0.0,0.0,0.0,0.0,0.0,0.0,0.0,0.0,0.0,0.0,1103,,,,,,51.416666666628,,51.416666666628,51.416666666628
269638,8421171,Santos,Porto Organizado,BRSSZ,SSZ0101,AL 01,Píer da Alamoa - Público,,Santos,2010-01-06 08:00:00,2010-01-06 16:30:00,2010-01-06 16:30:00,2010-01-08 09:50:00,2010-01-08 09:50:00,2010,jan,Movimentação da Carga,Cabotagem,,1,3810474363,"-46.301939,-23.966053",True,2010,1,24518.15,0.0,0.0,0.0,0.0,24518.15,0.0,0.0,0.0,0.0,0.0,0.0,0.0,0.0,0.0,0.0,0.0,0.0,0.0,0.0,0.0,0.0,0.0,0.0,2710,,,,8.4999999999418,,41.333333333256,,41.333333333256,49.833333333198
269544,9380764,Santos,Porto Organizado,BRSSZ,SSZ0415,ARM 15,Cais do Paquetá - Público,,Santos,2010-01-06 18:45:00,2010-01-06 18:45:00,2010-01-06 18:45:00,2010-01-07 11:20:00,2010-01-07 11:20:00,2010,jan,Movimentação da Carga,Longo Curso,,1,,"-46.301939,-23.966053",True,2010,1,6500.0,0.0,0.0,0.0,0.0,0.0,0.0,6500.0,0.0,0.0,0.0,6500.0,0.0,0.0,0.0,0.0,0.0,0.0,0.0,0.0,0.0,0.0,0.0,0.0,3912,,,,,,16.583333333256,,16.583333333256,16.583333333256
269514,9111931,Santos,Porto Organizado,BRSSZ,SSZ0915,COSIPA,TUPs Santos (cadastro antigo),,Santos,2010-01-05 20:50:00,2010-01-06 19:20:00,2010-01-06 19:20:00,2010-01-09 20:45:00,2010-01-09 20:45:00,2010,jan,Movimentação da Carga,Longo Curso,,1,,"-46.301939,-23.966053",True,2010,1,0.0,39374.305,0.0,0.0,39374.305,0.0,0.0,0.0,0.0,0.0,0.0,0.0,39374.305,0.0,0.0,0.0,0.0,0.0,0.0,0.0,0.0,0.0,0.0,0.0,,2713,,,22.5,,73.416666666744,,73.416666666744,95.916666666744
269486,9436329,Santos,Porto Organizado,BRSSZ,SSZ0240,CORTE,Cais da Ecoporto (SSZ 35) - Privativo,,Santos,2010-01-06 19:35:00,2010-01-06 19:35:00,2010-01-06 19:35:00,2010-01-07 12:15:00,2010-01-07 12:15:00,2010,jan,Movimentação da Carga,Longo Curso,,1,,"-46.301939,-23.966053",True,2010,2,0.0,209.461,0.0,0.0,0.0,0.0,0.0,0.0,209.461,0.0,0.0,0.0,209.461,0.0,0.0,0.0,0.0,0.0,0.0,0.0,0.0,0.0,0.0,0.0,,9112,,,,,16.666666666686,,16.666666666686,16.666666666686
269507,9330496,Santos,Porto Organizado,BRSSZ,SSZ0813,TECON 2,Cais da Santos Brasil (SSZ 16) - Privativo,,Guarujá,2010-01-06 15:15:00,2010-01-06 21:40:00,2010-01-06 21:40:00,2010-01-07 12:03:00,2010-01-07 12:03:00,2010,jan,Movimentação da Carga,Longo Curso,,1,,"-46.301939,-23.966053",True,2010,36,2270.824,6020.1799999999985,0.0,0.0,0.0,0.0,0.0,0.0,0.0,2270.824,6020.1799999999985,2270.824,6020.1799999999985,0.0,143.0,338.0,30.0,417.0,2205.56,5202.57,0.0,0.0,0.0,0.0,42G0,22G0,15.423496503496503,15.392218934911241,6.4166666668025,,14.383333333244,,14.383333333244,20.800000000047
269501,9233856,Santos,Porto Organizado,BRSSZ,SSZ0214,CS 04,Cais da Ecoporto (SSZ 35) - Privativo,,Santos,2010-01-05 19:36:00,2010-01-06 21:55:00,2010-01-06 21:55:00,2010-01-07 21:50:00,2010-01-07 21:50:00,2010,jan,Movimentação da Carga,Longo Curso,,1,,"-46.301939,-23.966053",True,2010,19,9840.232000000002,305.315,0.0,0.0,0.0,0.0,0.0,0.0,0.0,9840.232000000002,305.315,9840.232000000002,305.315,0.0,583.0,12.0,4.0,88.0,9833.232000000002,129.315,0.0,0.0,0.0,0.0,22G0,42G0,16.86660720411664,10.77625,26.316666666709,,23.91666666657,,23.91666666657,50.233333333279
269399,8307870,Santos,Porto Organizado,BRSSZ,SSZ0914,COSIPA,TUPs Santos (cadastro antigo),,Santos,2010-01-06 22:55:00,2010-01-06 22:55:00,2010-01-06 22:55:00,2010-01-11 04:10:00,2010-01-11 04:10:00,2010,jan,Movimentação da Carga,Longo Curso,,1,,"-46.301939,-23.966053",True,2010,3,11303.609,0.0,0.0,0.0,0.0,0.0,0.0,11303.609,0.0,0.0,0.0,11303.609,0.0,0.0,0.0,0.0,0.0,0.0,0.0,0.0,0.0,0.0,0.0,0.0,7211,,,,,,101.25,,101.25,101.25
269438,8412558,Santos,Porto Organizado,BRSSZ,SSZ0652,ARM 31/32 + ARM 32,Cais do Macuco - Público,,Santos,2010-01-06 23:25:00,2010-01-06 23:25:00,2010-01-06 23:25:00,2010-01-09 12:30:00,2010-01-09 12:30:00,2010,jan,Movimentação da Carga,Longo Curso,,1,,"-46.301939,-23.966053",True,2010,4,4534.169,0.0,0.0,0.0,0.0,0.0,0.0,979.599,0.0,3554.57,0.0,4534.169,0.0,0.0,189.0,0.0,0.0,0.0,3554.57,0.0,0.0,0.0,0.0,0.0,22G0,,18.80724867724868,,,,61.083333333372,,61.083333333372,61.083333333372
248634,8307870,Terminal Marítimo Privativo de Cubatão - TMPC,Terminal Autorizado,BRSP002,BRSP0020004,Cais I #4,Terminal Marítimo Privativo de Cubatão - TMPC,,Cubatão,2010-01-05 00:05:00,2010-01-07 00:05:00,2010-01-07 01:00:00,2010-01-10 17:15:00,2010-01-11 04:15:00,2010,jan,Movimentação da Carga,Longo Curso,,1,,"-46.3764,-23.8708",True,2010,5,11303.611,0.0,0.0,0.0,0.0,0.0,0.0,11303.611,0.0,0.0,0.0,11303.611,0.0,0.0,0.0,0.0,0.0,0.0,0.0,0.0,0.0,0.0,0.0,0.0,7211,,,,48.0,0.91666666668607,88.250000000058,11.000000000058,100.1666666668,148.1666666668
269420,9236638,Santos,Porto Organizado,BRSSZ,SSZ0737,ARMAZÉM 37.1,T-37 (cadastro antigo),,Santos,2010-01-06 18:24:00,2010-01-07 00:20:00,2010-01-07 00:20:00,2010-01-07 14:15:00,2010-01-07 14:15:00,2010,jan,Movimentação da Carga,Longo Curso,,1,,"-46.301939,-23.966053",True,2010,15,129.89499999999998,2909.100000000001,0.0,0.0,0.0,0.0,0.0,0.0,0.0,129.89499999999998,2909.100000000001,81.609,2909.100000000001,0.0,10.0,122.0,0.0,441.0,129.89499999999998,1962.4390000000003,0.0,0.0,0.0,0.0,42G0,22G0,12.989499999999998,16.085565573770495,5.9333333332906,,13.916666666628,,13.916666666628,19.849999999919
269586,9450703,Santos,Porto Organizado,BRSSZ,SSZ0941,TEAG,Píer da TEAG (SSZ 10) - Privativo,,Guarujá,2010-01-04 14:30:00,2010-01-07 03:40:00,2010-01-07 03:40:00,2010-01-08 23:40:00,2010-01-08 23:40:00,2010,jan,Movimentação da Carga,Longo Curso,,1,,"-46.301939,-23.966053",True,2010,1,5820.0,0.0,0.0,5820.0,0.0,0.0,0.0,0.0,0.0,0.0,0.0,5820.0,0.0,0.0,0.0,0.0,0.0,0.0,0.0,0.0,0.0,0.0,0.0,5820.0,1701,,,,61.166666666802,,43.999999999884,,43.999999999884,105.16666666669
269349,8314134,Santos,Porto Organizado,BRSSZ,SSZ0641,ARM 31,Cais do Macuco - Público,,Santos,2010-01-07 07:35:00,2010-01-07 07:35:00,2010-01-07 07:35:00,2010-01-07 18:10:00,2010-01-07 18:10:00,2010,jan,Passageiro,Cabotagem,,1,,"-46.301939,-23.966053",True,2010,0,,,,,,,,,,,,,,,,,,,,,,,,,,,,,,,10.58333333343,,10.58333333343,10.58333333343
269307,8918136,Santos,Porto Organizado,BRSSZ,SSZ0525,ARM FRIG/25,Cais do Outeirinhos - Público,,Santos,2010-01-07 07:55:00,2010-01-07 07:55:00,2010-01-07 07:55:00,2010-01-07 17:35:00,2010-01-07 17:35:00,2010,jan,Passageiro,Cabotagem,,1,,"-46.301939,-23.966053",True,2010,0,,,,,,,,,,,,,,,,,,,,,,,,,,,,,,,9.6666666667443,,9.6666666667443,9.6666666667443
269476,9213571,Santos,Porto Organizado,BRSSZ,SSZ0812,TECON 3,Cais da Santos Brasil (SSZ 16) - Privativo,,Guarujá,2010-01-06 16:30:00,2010-01-07 09:41:00,2010-01-07 09:41:00,2010-01-08 01:20:00,2010-01-08 01:20:00,2010,jan,Movimentação da Carga,Longo Curso,,1,,"-46.301939,-23.966053",True,2010,7,7808.237000000001,636.899,0.0,0.0,0.0,0.0,0.0,0.0,0.0,7808.237000000001,636.899,7808.237000000001,636.899,0.0,427.0,40.0,0.0,0.0,7808.237000000001,636.899,0.0,0.0,0.0,0.0,22G0,42G0,18.286269320843093,15.922475,17.183333333291,,15.650000000023,,15.650000000023,32.833333333314
269448,9385491,Santos,Porto Organizado,BRSSZ,SSZ0419,ARM 19,Cais do Outeirinhos - Público,,Santos,2010-01-07 09:50:00,2010-01-07 09:50:00,2010-01-07 09:50:00,2010-01-09 12:40:00,2010-01-09 12:40:00,2010,jan,Movimentação da Carga,Longo Curso,,1,,"-46.301939,-23.966053",True,2010,1,25655.996,0.0,0.0,25655.996,0.0,0.0,0.0,0.0,0.0,0.0,0.0,25655.996,0.0,0.0,0.0,0.0,0.0,0.0,0.0,0.0,0.0,0.0,0.0,25655.996,1701,,,,,,50.833333333489,,50.833333333489,50.833333333489
269417,9314935,Santos,Porto Organizado,BRSSZ,SSZ0811,TECON 1.2,Cais da Santos Brasil (SSZ 16) - Privativo,,Guarujá,2010-01-06 03:36:00,2010-01-07 10:10:00,2010-01-07 10:10:00,2010-01-07 19:15:00,2010-01-07 19:15:00,2010,jan,Movimentação da Carga,Longo Curso,,1,,"-46.301939,-23.966053",True,2010,24,4242.934,424.50699999999995,0.0,0.0,0.0,0.0,0.0,0.0,0.0,4242.934,424.50699999999995,4242.934,424.50699999999995,0.0,227.0,27.0,7.0,98.0,4227.534000000001,232.70699999999997,0.0,0.0,0.0,0.0,22G0,42G0,18.62349779735683,8.618777777777776,30.566666666593,,9.0833333334303,,9.0833333334303,39.650000000023
269382,9376907,Santos,Porto Organizado,BRSSZ,SSZ0813,TECON 2,Cais da Santos Brasil (SSZ 16) - Privativo,,Guarujá,2010-01-07 06:00:00,2010-01-07 14:15:00,2010-01-07 14:15:00,2010-01-07 21:50:00,2010-01-07 21:50:00,2010,jan,Movimentação da Carga,Longo Curso,,1,,"-46.301939,-23.966053",True,2010,13,2169.941,4.0,0.0,0.0,0.0,0.0,0.0,0.0,0.0,2169.941,4.0,2169.941,4.0,0.0,89.0,0.0,454.0,2.0,1275.412,0.0,0.0,0.0,0.0,0.0,42G0,42G0,14.33047191011236,,8.25,,7.5833333332557,,7.5833333332557,15.833333333256
269583,9254472,Santos,Porto Organizado,BRSSZ,SSZ0420,ARM 20/21,Cais do Outeirinhos - Público,,Santos,2010-01-07 15:10:00,2010-01-07 15:10:00,2010-01-07 15:10:00,2010-01-07 18:30:00,2010-01-07 18:30:00,2010,jan,Movimentação da Carga,Longo Curso,,1,,"-46.301939,-23.966053",True,2010,1,0.0,6.949,0.0,0.0,0.0,0.0,0.0,0.0,6.949,0.0,0.0,0.0,6.949,0.0,0.0,0.0,0.0,0.0,0.0,0.0,0.0,0.0,0.0,0.0,,7209,,,,,3.3333333333721,,3.3333333333721,3.3333333333721
269515,9343754,Santos,Porto Organizado,BRSSZ,SSZ0103,AL 03,Píer da Alamoa - Público,,Santos,2010-01-07 17:25:00,2010-01-07 17:25:00,2010-01-07 17:25:00,2010-01-08 15:50:00,2010-01-08 15:50:00,2010,jan,Movimentação da Carga,Longo Curso,,1,,"-46.301939,-23.966053",True,2010,1,1268.933,0.0,0.0,0.0,0.0,1268.933,0.0,0.0,0.0,0.0,0.0,1268.933,0.0,0.0,0.0,0.0,0.0,0.0,0.0,0.0,0.0,0.0,0.0,0.0,2207,,,,,,22.41666666657,,22.41666666657,22.41666666657
269447,9440796,Santos,Porto Organizado,BRSSZ,SSZ0737,ARMAZÉM 37.1,T-37 (cadastro antigo),,Santos,2010-01-07 04:18:00,2010-01-07 17:30:00,2010-01-07 17:30:00,2010-01-08 18:25:00,2010-01-08 18:25:00,2010,jan,Movimentação da Carga,Longo Curso,,1,,"-46.301939,-23.966053",True,2010,42,11270.659000000003,1294.889,0.0,0.0,0.0,0.0,0.0,0.0,0.0,11270.659000000003,1294.889,10251.059000000005,0.0,0.0,626.0,89.0,51.0,33.0,11140.894000000004,1215.349,0.0,0.0,0.0,0.0,22G0,42G0,17.7969552715655,13.655606741573033,13.199999999895,,24.916666666686,,24.916666666686,38.116666666581
269623,9253210,Santos,Porto Organizado,BRSSZ,SSZ0212,CS.2,Cais do Saboó - Público,,Santos,2010-01-07 17:55:00,2010-01-07 17:55:00,2010-01-07 17:55:00,2010-01-08 06:15:00,2010-01-08 06:15:00,2010,jan,Movimentação da Carga,Longo Curso,,1,,"-46.301939,-23.966053",True,2010,27,275.293,3891.3260000000005,0.0,0.0,0.0,0.0,0.0,0.0,2205.8010000000004,275.293,1685.5250000000003,275.293,3891.3260000000005,0.0,10.0,88.0,31.0,21.0,142.697,1642.5360000000003,0.0,0.0,0.0,0.0,29G9,22G0,14.2697,18.66518181818182,,,12.333333333198,,12.333333333198,12.333333333198
269584,9254472,Santos,Porto Organizado,BRSSZ,SSZ0422,ARM 22 + ARM 23,Cais do Outeirinhos - Público,,Santos,2010-01-07 19:45:00,2010-01-07 19:45:00,2010-01-07 19:45:00,2010-01-08 19:05:00,2010-01-08 19:05:00,2010,jan,Movimentação da Carga,Longo Curso,,1,,"-46.301939,-23.966053",True,2010,1,0.0,2416.239,0.0,0.0,0.0,0.0,0.0,0.0,2416.239,0.0,0.0,0.0,2416.239,0.0,0.0,0.0,0.0,0.0,0.0,0.0,0.0,0.0,0.0,0.0,,7209,,,,,23.33333333343,,23.33333333343,23.33333333343
269451,9357975,Santos,Porto Organizado,BRSSZ,SSZ0811,TECON 1.2,Cais da Santos Brasil (SSZ 16) - Privativo,,Guarujá,2010-01-07 14:00:00,2010-01-08 00:20:00,2010-01-08 00:20:00,2010-01-08 16:00:00,2010-01-08 16:00:00,2010,jan,Movimentação da Carga,Longo Curso,,1,,"-46.301939,-23.966053",True,2010,29,14076.682999999995,89.468,0.0,0.0,0.0,0.0,0.0,0.0,0.0,14076.682999999995,89.468,14076.682999999995,89.468,0.0,849.0,2.0,314.0,27.0,13451.908999999998,26.899,0.0,0.0,0.0,0.0,22G0,49G9,15.844415783274439,13.4495,10.333333333314,,15.66666666657,,15.66666666657,25.999999999884
269445,9348053,Santos,Porto Organizado,BRSSZ,SSZ0676,ARM 35P2,Cais do Macuco - Público,,Santos,2010-01-07 03:18:00,2010-01-08 00:25:00,2010-01-08 00:25:00,2010-01-09 03:50:00,2010-01-09 03:50:00,2010,jan,Movimentação da Carga,Longo Curso,,1,,"-46.301939,-23.966053",True,2010,59,266.913,17064.218,0.0,0.0,0.0,0.0,0.0,0.0,0.0,266.913,17064.218,0.0,16707.825,0.0,30.0,1684.0,0.0,445.0,266.913,16064.010000000004,0.0,0.0,0.0,0.0,42G0,42G0,8.8971,9.539198337292163,21.116666666698,,27.416666666628,,27.416666666628,48.533333333326
269457,9450911,Santos,Porto Organizado,BRSSZ,SSZ0214,CS 04,Cais da Ecoporto (SSZ 35) - Privativo,,Santos,2010-01-07 15:45:00,2010-01-08 00:40:00,2010-01-08 00:40:00,2010-01-10 03:15:00,2010-01-10 03:15:00,2010,jan,Movimentação da Carga,Longo Curso,,1,,"-46.301939,-23.966053",True,2010,49,15128.850999999999,1324.602,0.0,0.0,0.0,0.0,0.0,0.0,0.0,15128.850999999999,1324.602,15128.850999999999,1324.602,0.0,878.0,96.0,481.0,63.0,14105.435000000001,1193.3020000000001,0.0,0.0,0.0,0.0,42G0,42R0,16.065415717539864,12.430229166666669,8.9166666667443,,50.583333333198,,50.583333333198,59.499999999942
269407,9110987,Santos,Porto Organizado,BRSSZ,SSZ0759,ARM 39,Cais da Ponta da Praia - Público,,Santos,2010-01-08 00:50:00,2010-01-08 00:50:00,2010-01-08 00:50:00,2010-01-09 03:50:00,2010-01-09 03:50:00,2010,jan,Movimentação da Carga,Longo Curso,,1,,"-46.301939,-23.966053",True,2010,1,10680.0,0.0,0.0,10680.0,0.0,0.0,0.0,0.0,0.0,0.0,0.0,10680.0,0.0,0.0,0.0,0.0,0.0,0.0,0.0,0.0,0.0,0.0,0.0,10680.0,1701,,,,,,27.0,,27.0,27.0
269591,9122954,Santos,Porto Organizado,BRSSZ,SSZ0814,TECON 1.1,Cais da Santos Brasil (SSZ 16) - Privativo,,Guarujá,2010-01-08 00:50:00,2010-01-08 00:50:00,2010-01-08 00:50:00,2010-01-08 15:35:00,2010-01-08 15:35:00,2010,jan,Movimentação da Carga,Longo Curso,,1,,"-46.301939,-23.966053",True,2010,9,348.509,1932.7640000000001,0.0,0.0,0.0,0.0,0.0,158.91,1932.7640000000001,189.599,0.0,348.509,1932.7640000000001,0.0,8.0,0.0,0.0,0.0,189.599,0.0,0.0,0.0,0.0,0.0,49G9,8703,23.699875,,,,14.750000000058,,14.750000000058,14.750000000058
269578,9291597,Santos,Porto Organizado,BRSSZ,SSZ0111,IB SP,Cais da Ilha Barnabé - Público,,Santos,2010-01-06 17:25:00,2010-01-08 04:15:00,2010-01-08 04:15:00,2010-01-10 06:25:00,2010-01-10 06:25:00,2010,jan,Movimentação da Carga,Longo Curso,,1,,"-46.301939,-23.966053",True,2010,1,0.0,12007.729,0.0,0.0,0.0,0.0,12007.729,0.0,0.0,0.0,0.0,0.0,0.0,0.0,0.0,0.0,0.0,0.0,0.0,0.0,0.0,0.0,0.0,0.0,,2710,,,34.833333333372,,50.16666666657,,50.16666666657,84.999999999942
269639,8301814,Santos,Porto Organizado,BRSSZ,SSZ0102,AL 02,Píer da Alamoa - Público,,Santos,2010-01-07 17:00:00,2010-01-08 04:35:00,2010-01-08 04:35:00,2010-01-10 03:40:00,2010-01-10 03:40:00,2010,jan,Movimentação da Carga,Cabotagem,,1,3810474380,"-46.301939,-23.966053",True,2010,2,23870.78,0.0,0.0,0.0,0.0,23870.78,0.0,0.0,0.0,0.0,0.0,0.0,0.0,0.0,0.0,0.0,0.0,0.0,0.0,0.0,0.0,0.0,0.0,0.0,2710,,,,11.583333333198,,47.083333333489,,47.083333333489,58.666666666686
269338,9116876,Santos,Porto Organizado,BRSSZ,SSZ0525,ARM FRIG/25,Cais do Outeirinhos - Público,,Santos,2010-01-08 05:45:00,2010-01-08 05:45:00,2010-01-08 05:45:00,2010-01-08 18:00:00,2010-01-08 18:00:00,2010,jan,Passageiro,Cabotagem,,1,,"-46.301939,-23.966053",True,2010,0,,,,,,,,,,,,,,,,,,,,,,,,,,,,,,,12.249999999942,,12.249999999942,12.249999999942
269380,9314959,Santos,Porto Organizado,BRSSZ,SSZ0665,ARM 35.0,Libra Terminais S/A (cadastro antigo),,Santos,2010-01-07 09:12:00,2010-01-08 05:47:00,2010-01-08 05:47:00,2010-01-09 03:10:00,2010-01-09 03:10:00,2010,jan,Movimentação da Carga,Longo Curso,,1,,"-46.301939,-23.966053",True,2010,19,11711.518,0.0,0.0,0.0,0.0,0.0,0.0,0.0,0.0,11711.518,0.0,11711.518,0.0,0.0,807.0,0.0,10.0,0.0,11689.959,0.0,0.0,0.0,0.0,0.0,42G0,,14.485698884758365,,20.583333333372,,21.38333333336,,21.38333333336,41.966666666733
269360,8226650,Santos,Porto Organizado,BRSSZ,SSZ0322,ARMAZEM 12,Cais Público - Valongo (cadastro antigo),,Santos,2010-01-08 19:15:00,2010-01-08 19:15:00,2010-01-08 19:15:00,2010-01-20 17:24:00,2010-01-20 17:24:00,2010,jan,Movimentação da Carga,Longo Curso,,1,,"-46.301939,-23.966053",True,2010,1,6842.212,0.0,0.0,0.0,0.0,0.0,0.0,6842.212,0.0,0.0,0.0,6842.212,0.0,0.0,0.0,0.0,0.0,0.0,0.0,0.0,0.0,0.0,0.0,0.0,1701,,,,,,,,,286.14999999991
269585,9254472,Santos,Porto Organizado,BRSSZ,SSZ0420,ARM 20/21,Cais do Outeirinhos - Público,,Santos,2010-01-08 20:00:00,2010-01-08 20:00:00,2010-01-08 20:00:00,2010-01-10 10:15:00,2010-01-10 10:15:00,2010,jan,Movimentação da Carga,Longo Curso,,1,,"-46.301939,-23.966053",True,2010,3,0.0,5799.834999999999,0.0,0.0,0.0,0.0,0.0,0.0,5799.834999999999,0.0,0.0,0.0,5799.834999999999,0.0,0.0,0.0,0.0,0.0,0.0,0.0,0.0,0.0,0.0,0.0,,7209,,,,,38.25,,38.25,38.25
269630,9351799,Santos,Porto Organizado,BRSSZ,SSZ0213,CS 03,Cais do Saboó - Público,,Santos,2010-01-08 20:45:00,2010-01-08 20:45:00,2010-01-08 20:45:00,2010-01-09 10:20:00,2010-01-09 10:20:00,2010,jan,Movimentação da Carga,Cabotagem,,1,,"-46.301939,-23.966053",True,2010,9,1550.4,1515.0100000000002,0.0,0.0,0.0,0.0,0.0,0.0,0.0,1550.4,1515.0100000000002,1550.4,1515.0100000000002,0.0,104.0,65.0,150.0,0.0,1215.717,1515.0100000000002,0.0,0.0,0.0,0.0,42G0,22G0,11.689586538461539,23.307846153846157,,,13.583333333256,,13.583333333256,13.583333333256
269393,9270816,Santos,Porto Organizado,BRSSZ,SSZ0811,TECON 1.2,Cais da Santos Brasil (SSZ 16) - Privativo,,Guarujá,2010-01-08 21:47:00,2010-01-08 21:47:00,2010-01-08 21:47:00,2010-01-09 13:25:00,2010-01-09 13:25:00,2010,jan,Movimentação da Carga,Longo Curso,,1,,"-46.301939,-23.966053",True,2010,24,422.92900000000003,5781.782999999999,0.0,0.0,0.0,0.0,0.0,0.0,0.0,422.92900000000003,5781.782999999999,422.92900000000003,5781.782999999999,0.0,2.0,405.0,202.0,50.0,30.199,5681.782999999999,0.0,0.0,0.0,0.0,42G0,42G0,15.0995,14.029093827160493,,,15.633333333477,,15.633333333477,15.633333333477
269454,9215672,Santos,Porto Organizado,BRSSZ,SSZ0813,TECON 2,Cais da Santos Brasil (SSZ 16) - Privativo,,Guarujá,2010-01-08 22:03:00,2010-01-08 22:03:00,2010-01-08 22:03:00,2010-01-10 02:40:00,2010-01-10 02:40:00,2010,jan,Movimentação da Carga,Longo Curso,,1,,"-46.301939,-23.966053",True,2010,75,12427.303999999998,1302.0700000000002,0.0,0.0,0.0,0.0,0.0,0.0,0.0,12427.303999999998,1302.0700000000002,12427.303999999998,1302.0700000000002,0.0,894.0,111.0,35.0,27.0,12354.784999999996,1246.7510000000002,0.0,0.0,0.0,0.0,22G0,29G9,13.81967002237136,11.231990990990992,,,28.616666666698,,28.616666666698,28.616666666698
269531,9296743,Santos,Porto Organizado,BRSSZ,SSZ0941,TEAG,Píer da TEAG (SSZ 10) - Privativo,,Guarujá,2010-01-09 02:20:00,2010-01-09 02:20:00,2010-01-09 02:20:00,2010-01-11 14:00:00,2010-01-11 14:00:00,2010,jan,Movimentação da Carga,Longo Curso,,1,,"-46.301939,-23.966053",True,2010,1,26784.151,0.0,0.0,26784.151,0.0,0.0,0.0,0.0,0.0,0.0,0.0,26784.151,0.0,0.0,0.0,0.0,0.0,0.0,0.0,0.0,0.0,0.0,0.0,26784.151,1701,,,,,,59.666666666802,,59.666666666802,59.666666666802
269590,9250141,Santos,Porto Organizado,BRSSZ,SSZ0913,COSIPA,TUPs Santos (cadastro antigo),,Santos,2010-01-09 03:25:00,2010-01-09 03:25:00,2010-01-09 03:25:00,2010-01-15 13:15:00,2010-01-15 13:15:00,2010,jan,Movimentação da Carga,Longo Curso,,1,,"-46.301939,-23.966053",True,2010,1,39458.815,0.0,0.0,0.0,0.0,0.0,0.0,39458.815,0.0,0.0,0.0,39458.815,0.0,0.0,0.0,0.0,0.0,0.0,0.0,0.0,0.0,0.0,0.0,0.0,7208,,,,,,153.83333333343,,153.83333333343,153.83333333343
269595,8131104,Santos,Porto Organizado,BRSSZ,SSZ0901,ULTRAFERTIL,TUPs Santos (cadastro antigo),,Santos,2010-01-08 22:00:00,2010-01-09 03:45:00,2010-01-09 03:45:00,2010-01-10 23:10:00,2010-01-10 23:10:00,2010,jan,Movimentação da Carga,Longo Curso,,1,,"-46.301939,-23.966053",True,2010,1,0.0,16601.667,0.0,0.0,0.0,0.0,16601.667,0.0,0.0,0.0,0.0,0.0,16601.667,0.0,0.0,0.0,0.0,0.0,0.0,0.0,0.0,0.0,0.0,0.0,,2814,,,5.7500000000582,,43.416666666744,,43.416666666744,49.166666666802
250079,8131104,Terminal Integrador Portuário Luiz Antonio Mesquita - TIPLAM,Terminal Autorizado,BRSP001,BRSP0010001,TUF1,Terminal Integrador Portuário Luiz Antonio Mesquita - TIPLAM,,Santos,2010-01-08 21:15:00,2010-01-09 04:30:00,2010-01-09 05:45:00,2010-01-10 21:18:00,2010-01-10 23:20:00,2010,jan,Movimentação da Carga,Longo Curso,,1,,"-46.3717,-23.8725",True,2010,2,0.0,16601.667,0.0,0.0,0.0,0.0,16601.667,0.0,0.0,0.0,0.0,0.0,16601.667,0.0,0.0,0.0,0.0,0.0,0.0,0.0,0.0,0.0,0.0,0.0,,2814,,,7.2500000000582,1.2500000000582,39.549999999872,2.0333333333256,42.833333333256,50.083333333314
248633,9250141,Terminal Marítimo Privativo de Cubatão - TMPC,Terminal Autorizado,BRSP002,BRSP0020003,Cais I #3,Terminal Marítimo Privativo de Cubatão - TMPC,,Cubatão,2010-01-08 23:00:00,2010-01-09 04:50:00,2010-01-09 06:10:00,2010-01-15 00:30:00,2010-01-15 13:15:00,2010,jan,Movimentação da Carga,Longo Curso,,1,,"-46.3764,-23.8708",True,2010,1,39458.816,0.0,0.0,0.0,0.0,0.0,0.0,39458.816,0.0,0.0,0.0,39458.816,0.0,0.0,0.0,0.0,0.0,0.0,0.0,0.0,0.0,0.0,0.0,0.0,7208,,,,5.8333333333139,1.3333333333139,138.33333333337,12.75,152.41666666669,158.25
269333,9070632,Santos,Porto Organizado,BRSSZ,SSZ0641,ARM 31,Cais do Macuco - Público,,Santos,2010-01-09 06:35:00,2010-01-09 06:35:00,2010-01-09 06:35:00,2010-01-09 18:30:00,2010-01-09 18:30:00,2010,jan,Passageiro,Longo Curso,,1,,"-46.301939,-23.966053",True,2010,0,,,,,,,,,,,,,,,,,,,,,,,,,,,,,,,11.916666666744,,11.916666666744,11.916666666744
269565,9230995,Santos,Porto Organizado,BRSSZ,SSZ0629,ARM 29,Cais do Macuco - Público,,Santos,2010-01-09 06:45:00,2010-01-09 06:45:00,2010-01-09 06:45:00,2010-01-12 15:15:00,2010-01-12 15:15:00,2010,jan,Movimentação da Carga,Longo Curso,,1,,"-46.301939,-23.966053",True,2010,2,31110.445,0.0,0.0,0.0,0.0,31110.445,0.0,0.0,0.0,0.0,0.0,31110.445,0.0,0.0,0.0,0.0,0.0,0.0,0.0,0.0,0.0,0.0,0.0,0.0,2009,,,,,,80.499999999942,,80.499999999942,80.499999999942
269378,9101637,Santos,Porto Organizado,BRSSZ,SSZ0759,ARM 39,Cais da Ponta da Praia - Público,,Santos,2010-01-09 06:55:00,2010-01-09 06:55:00,2010-01-09 06:55:00,2010-01-10 18:20:00,2010-01-10 18:20:00,2010,jan,Movimentação da Carga,Longo Curso,,1,,"-46.301939,-23.966053",True,2010,1,21213.555,0.0,0.0,21213.555,0.0,0.0,0.0,0.0,0.0,0.0,0.0,21213.555,0.0,0.0,0.0,0.0,0.0,0.0,0.0,0.0,0.0,0.0,0.0,21213.555,1701,,,,,,35.416666666686,,35.416666666686,35.416666666686
269345,9320544,Santos,Porto Organizado,BRSSZ,SSZ0524,CONCAIS,Cais do Outeirinhos - Público,,Santos,2010-01-09 07:05:00,2010-01-09 07:05:00,2010-01-09 07:05:00,2010-01-09 18:15:00,2010-01-09 18:15:00,2010,jan,Passageiro,Cabotagem,,1,,"-46.301939,-23.966053",True,2010,0,,,,,,,,,,,,,,,,,,,,,,,,,,,,,,,11.16666666657,,11.16666666657,11.16666666657
269376,9101601,Santos,Porto Organizado,BRSSZ,SSZ0737,ARMAZÉM 37.1,T-37 (cadastro antigo),,Santos,2010-01-09 07:05:00,2010-01-09 07:05:00,2010-01-09 07:05:00,2010-01-09 17:10:00,2010-01-09 17:10:00,2010,jan,Movimentação da Carga,Longo Curso,,1,,"-46.301939,-23.966053",True,2010,15,22.3,7602.700000000001,0.0,0.0,0.0,0.0,0.0,0.0,0.0,22.3,7602.700000000001,0.0,7580.400000000001,0.0,0.0,765.0,10.0,10.0,0.0,7580.400000000001,0.0,0.0,0.0,0.0,42R0,42G0,,9.909019607843138,,,10.083333333372,,10.083333333372,10.083333333372
269318,9320099,Santos,Porto Organizado,BRSSZ,SSZ0423,ARMAZEM 23,Cais do Outeirinhos - Público,,Santos,2010-01-09 08:45:00,2010-01-09 08:45:00,2010-01-09 08:45:00,2010-01-09 18:00:00,2010-01-09 18:00:00,2010,jan,Passageiro,Cabotagem,,1,,"-46.301939,-23.966053",True,2010,0,,,,,,,,,,,,,,,,,,,,,,,,,,,,,,,9.2499999999418,,9.2499999999418,9.2499999999418
269313,8512281,Santos,Porto Organizado,BRSSZ,SSZ0415,ARM 15,Cais do Paquetá - Público,,Santos,2010-01-09 10:30:00,2010-01-09 10:30:00,2010-01-09 10:30:00,2010-01-09 18:10:00,2010-01-09 18:10:00,2010,jan,Passageiro,Cabotagem,,1,,"-46.301939,-23.966053",True,2010,0,,,,,,,,,,,,,,,,,,,,,,,,,,,,,,,7.6666666666861,,7.6666666666861,7.6666666666861
269632,9250751,Santos,Porto Organizado,BRSSZ,SSZ0103,AL 03,Píer da Alamoa - Público,,Santos,2010-01-09 10:55:00,2010-01-09 10:55:00,2010-01-09 10:55:00,2010-01-10 08:15:00,2010-01-10 08:15:00,2010,jan,Movimentação da Carga,Longo Curso,,1,,"-46.301939,-23.966053",True,2010,7,0.0,5645.84,0.0,0.0,0.0,0.0,5645.84,0.0,0.0,0.0,0.0,0.0,5645.84,0.0,0.0,0.0,0.0,0.0,0.0,0.0,0.0,0.0,0.0,0.0,,2902,,,,,21.333333333372,,21.333333333372,21.333333333372
269620,9365257,Santos,Porto Organizado,BRSSZ,SSZ0112,IB BC,Cais da Ilha Barnabé - Público,,Santos,2010-01-08 08:10:00,2010-01-09 11:05:00,2010-01-09 11:05:00,2010-01-10 04:20:00,2010-01-10 04:20:00,2010,jan,Movimentação da Carga,Longo Curso,,1,,"-46.301939,-23.966053",True,2010,1,0.0,1027.182,0.0,0.0,0.0,0.0,1027.182,0.0,0.0,0.0,0.0,0.0,0.0,0.0,0.0,0.0,0.0,0.0,0.0,0.0,0.0,0.0,0.0,0.0,,2710,,,26.91666666657,,17.25,,17.25,44.16666666657
269460,9436458,Santos,Porto Organizado,BRSSZ,SSZ0676,ARM 35P2,Cais do Macuco - Público,,Santos,2010-01-07 00:12:00,2010-01-09 12:25:00,2010-01-09 12:25:00,2010-01-10 08:00:00,2010-01-10 08:00:00,2010,jan,Movimentação da Carga,Longo Curso,,1,,"-46.301939,-23.966053",True,2010,29,173.703,9212.847000000002,0.0,0.0,0.0,0.0,0.0,0.0,0.0,173.703,9212.847000000002,0.0,9062.849000000002,0.0,23.0,726.0,0.0,74.0,173.703,8988.428000000002,0.0,0.0,0.0,0.0,42G0,22G0,7.552304347826087,12.380754820936641,60.216666666674,,19.58333333343,,19.58333333343,79.800000000105
269464,9229685,Santos,Porto Organizado,BRSSZ,SSZ0419,ARM 19,Cais do Outeirinhos - Público,,Santos,2009-12-31 17:35:00,2010-01-09 14:55:00,2010-01-09 14:55:00,2010-01-10 17:45:00,2010-01-10 17:45:00,2010,jan,Movimentação da Carga,Longo Curso,,1,,"-46.301939,-23.966053",True,2010,1,15000.0,0.0,0.0,15000.0,0.0,0.0,0.0,0.0,0.0,0.0,0.0,15000.0,0.0,0.0,0.0,0.0,0.0,0.0,0.0,0.0,0.0,0.0,0.0,15000.0,1701,,,,213.33333333337,,26.833333333314,,26.833333333314,240.16666666669
269542,9401518,Santos,Porto Organizado,BRSSZ,SSZ0803,TGG,Píer da TGG (SSZ 14) - Privativo,,Guarujá,2010-01-04 09:42:00,2010-01-09 15:00:00,2010-01-09 15:00:00,2010-01-11 02:30:00,2010-01-11 02:30:00,2010,jan,Movimentação da Carga,Longo Curso,,1,,"-46.301939,-23.966053",True,2010,1,41504.415,0.0,0.0,41504.415,0.0,0.0,0.0,0.0,0.0,0.0,0.0,41504.415,0.0,0.0,0.0,0.0,0.0,0.0,0.0,0.0,0.0,41504.415,0.0,0.0,1005,,,,125.29999999999,,35.499999999942,,35.499999999942,160.79999999993
269546,9304203,Santos,Porto Organizado,BRSSZ,SSZ0942,TEG,Píer da TEG (SSZ 08) - Privativo,,Guarujá,2010-01-09 15:35:00,2010-01-09 15:35:00,2010-01-09 15:35:00,2010-01-13 14:10:00,2010-01-13 14:10:00,2010,jan,Movimentação da Carga,Longo Curso,,1,,"-46.301939,-23.966053",True,2010,2,62998.324,0.0,0.0,62998.324,0.0,0.0,0.0,0.0,0.0,0.0,0.0,62998.324,0.0,0.0,0.0,0.0,0.0,0.0,0.0,0.0,0.0,62658.324,0.0,340.0,1005,,,,,,94.58333333343,,94.58333333343,94.58333333343
269443,9082374,Santos,Porto Organizado,BRSSZ,SSZ0212,CS.2,Cais do Saboó - Público,,Santos,2010-01-09 15:45:00,2010-01-09 15:45:00,2010-01-09 15:45:00,2010-01-09 22:05:00,2010-01-09 22:05:00,2010,jan,Movimentação da Carga,Longo Curso,,1,,"-46.301939,-23.966053",True,2010,6,1459.187,39.6,0.0,0.0,0.0,0.0,0.0,0.0,0.0,1459.187,39.6,1459.187,39.6,0.0,106.0,0.0,0.0,18.0,1459.187,0.0,0.0,0.0,0.0,0.0,42G0,22G0,13.765915094339622,,,,6.3333333333721,,6.3333333333721,6.3333333333721
269592,8321333,Santos,Porto Organizado,BRSSZ,SSZ0814,TECON 1.1,Cais da Santos Brasil (SSZ 16) - Privativo,,Guarujá,2010-01-09 17:00:00,2010-01-09 17:00:00,2010-01-09 17:00:00,2010-01-10 05:35:00,2010-01-10 05:35:00,2010,jan,Movimentação da Carga,Longo Curso,,1,,"-46.301939,-23.966053",True,2010,5,1477.455,648.206,0.0,0.0,0.0,0.0,0.0,1477.455,648.206,0.0,0.0,1477.455,648.206,0.0,0.0,0.0,0.0,0.0,0.0,0.0,0.0,0.0,0.0,0.0,8703,8703,,,,,12.583333333314,,12.583333333314,12.583333333314
269357,9204477,Santos,Porto Organizado,BRSSZ,SSZ0213,CS 03,Cais do Saboó - Público,,Santos,2010-01-09 17:15:00,2010-01-09 17:15:00,2010-01-09 17:15:00,2010-01-10 07:35:00,2010-01-10 07:35:00,2010,jan,Movimentação da Carga,Longo Curso,,1,,"-46.301939,-23.966053",True,2010,14,3090.5449999999996,2901.058,0.0,0.0,0.0,0.0,0.0,0.0,0.0,3090.5449999999996,2901.058,3090.5449999999996,2901.058,0.0,228.0,155.0,1.0,210.0,3088.345,2457.058,0.0,0.0,0.0,0.0,42R0,22G0,13.545372807017543,15.851987096774193,,,14.333333333256,,14.333333333256,14.333333333256
269604,9424039,Santos,Porto Organizado,BRSSZ,SSZ0104,AL 04,Píer da Alamoa - Público,,Santos,2010-01-09 18:00:00,2010-01-09 18:00:00,2010-01-09 18:00:00,2010-01-11 01:50:00,2010-01-11 01:50:00,2010,jan,Movimentação da Carga,Cabotagem,,1,,"-46.301939,-23.966053",True,2010,1,0.0,4039.773,0.0,0.0,0.0,0.0,4039.773,0.0,0.0,0.0,0.0,0.0,0.0,0.0,0.0,0.0,0.0,0.0,0.0,0.0,0.0,0.0,0.0,0.0,,2815,,,,,31.833333333372,,31.833333333372,31.833333333372
269506,9329643,Santos,Porto Organizado,BRSSZ,SSZ0665,ARM 35.0,Libra Terminais S/A (cadastro antigo),,Santos,2010-01-09 18:00:00,2010-01-09 20:55:00,2010-01-09 20:55:00,2010-01-10 03:30:00,2010-01-10 03:30:00,2010,jan,Movimentação da Carga,Longo Curso,,1,,"-46.301939,-23.966053",True,2010,14,1656.987,0.0,0.0,0.0,0.0,0.0,0.0,0.0,0.0,1656.987,0.0,1656.987,0.0,0.0,109.0,0.0,0.0,0.0,1656.987,0.0,0.0,0.0,0.0,0.0,42G0,,15.201715596330276,,2.9166666667443,,6.5833333333139,,6.5833333333139,9.5000000000582
269602,9343493,Santos,Porto Organizado,BRSSZ,SSZ0415,ARM 15,Cais do Paquetá - Público,,Santos,2010-01-09 11:24:00,2010-01-09 21:00:00,2010-01-09 21:00:00,2010-01-13 08:45:00,2010-01-13 08:45:00,2010,jan,Movimentação da Carga,Longo Curso,,1,,"-46.301939,-23.966053",True,2010,1,0.0,15523.9,0.0,0.0,15523.9,0.0,0.0,0.0,0.0,0.0,0.0,0.0,15523.9,0.0,0.0,0.0,0.0,0.0,0.0,0.0,0.0,0.0,0.0,0.0,,2833,,,9.6000000000349,,83.750000000058,,83.750000000058,93.350000000093
269453,8223000,Santos,Porto Organizado,BRSSZ,SSZ0812,TECON 3,Cais da Santos Brasil (SSZ 16) - Privativo,,Guarujá,2010-01-09 21:35:00,2010-01-09 21:35:00,2010-01-09 21:35:00,2010-01-10 07:50:00,2010-01-10 07:50:00,2010,jan,Movimentação da Carga,Longo Curso,,1,,"-46.301939,-23.966053",True,2010,14,5108.335999999999,333.445,0.0,0.0,0.0,0.0,0.0,0.0,0.0,5108.335999999999,333.445,0.0,0.0,0.0,367.0,30.0,0.0,0.0,5108.335999999999,333.445,0.0,0.0,0.0,0.0,42G0,42G0,13.919171662125338,11.114833333333333,,,10.250000000058,,10.250000000058,10.250000000058
269683,8301826,Santos,Porto Organizado,BRSSZ,SSZ0101,AL 01,Píer da Alamoa - Público,,Santos,2010-01-09 23:55:00,2010-01-09 23:55:00,2010-01-09 23:55:00,2010-01-10 19:25:00,2010-01-10 19:25:00,2010,jan,Movimentação da Carga,Cabotagem,,1,3810474355,"-46.301939,-23.966053",True,2010,1,11638.808,0.0,0.0,0.0,0.0,11638.808,0.0,0.0,0.0,0.0,0.0,0.0,0.0,0.0,0.0,0.0,0.0,0.0,0.0,0.0,0.0,0.0,0.0,0.0,2710,,,,,,19.5,,19.5,19.5
269581,9330460,Santos,Porto Organizado,BRSSZ,SSZ0112,IB BC,Cais da Ilha Barnabé - Público,,Santos,2010-01-09 21:40:00,2010-01-10 06:25:00,2010-01-10 06:25:00,2010-01-12 02:33:00,2010-01-12 02:33:00,2010,jan,Movimentação da Carga,Cabotagem,,1,,"-46.301939,-23.966053",True,2010,2,0.0,6786.969,0.0,0.0,0.0,0.0,6786.969,0.0,0.0,0.0,0.0,0.0,0.0,0.0,0.0,0.0,0.0,0.0,0.0,0.0,0.0,0.0,0.0,0.0,,2507,,,8.7499999998836,,44.133333333302,,44.133333333302,52.883333333186
269564,9247819,Santos,Porto Organizado,BRSSZ,SSZ0102,AL 02,Píer da Alamoa - Público,,Santos,2010-01-10 06:30:00,2010-01-10 06:30:00,2010-01-10 06:30:00,2010-01-14 09:15:00,2010-01-14 09:15:00,2010,jan,Movimentação da Carga,Longo Curso,,1,,"-46.301939,-23.966053",True,2010,1,0.0,33427.205,0.0,0.0,0.0,0.0,33427.205,0.0,0.0,0.0,0.0,0.0,0.0,0.0,0.0,0.0,0.0,0.0,0.0,0.0,0.0,0.0,0.0,0.0,,2711,,,,,98.749999999884,,98.749999999884,98.749999999884
269593,8321333,Santos,Porto Organizado,BRSSZ,SSZ0211,CS 02 + CS 01,Cais do Saboó - Público,,Santos,2010-01-10 06:50:00,2010-01-10 06:50:00,2010-01-10 06:50:00,2010-01-10 16:53:00,2010-01-10 16:53:00,2010,jan,Movimentação da Carga,Longo Curso,,1,,"-46.301939,-23.966053",True,2010,10,0.0,1830.459,0.0,0.0,0.0,0.0,0.0,0.0,1730.459,0.0,100.0,0.0,1830.459,0.0,0.0,0.0,0.0,28.0,0.0,0.0,0.0,0.0,0.0,0.0,,8704,,,,,10.050000000105,,10.050000000105,10.050000000105
269323,8716899,Santos,Porto Organizado,BRSSZ,SSZ0423,ARMAZEM 23,Cais do Outeirinhos - Público,,Santos,2010-01-10 07:15:00,2010-01-10 07:15:00,2010-01-10 07:15:00,2010-01-10 17:30:00,2010-01-10 17:30:00,2010,jan,Passageiro,Cabotagem,,1,,"-46.301939,-23.966053",True,2010,0,,,,,,,,,,,,,,,,,,,,,,,,,,,,,,,10.249999999884,,10.249999999884,10.249999999884
269518,9301835,Santos,Porto Organizado,BRSSZ,SSZ0214,CS 04,Cais da Ecoporto (SSZ 35) - Privativo,,Santos,2010-01-07 17:06:00,2010-01-10 07:18:00,2010-01-10 07:18:00,2010-01-11 17:15:00,2010-01-11 17:15:00,2010,jan,Movimentação da Carga,Longo Curso,,1,,"-46.301939,-23.966053",True,2010,44,1180.6299999999999,8983.426000000001,0.0,0.0,0.0,0.0,0.0,0.0,0.0,1180.6299999999999,8983.426000000001,1180.6299999999999,8983.426000000001,0.0,104.0,565.0,16.0,316.0,1146.097,8272.894000000002,0.0,0.0,0.0,0.0,42G0,22G0,11.020163461538461,14.642290265486729,62.200000000012,,33.949999999953,,33.949999999953,96.149999999965
269308,8918136,Santos,Porto Organizado,BRSSZ,SSZ0641,ARM 31,Cais do Macuco - Público,,Santos,2010-01-10 07:45:00,2010-01-10 07:45:00,2010-01-10 07:45:00,2010-01-10 18:10:00,2010-01-10 18:10:00,2010,jan,Passageiro,Cabotagem,,1,,"-46.301939,-23.966053",True,2010,0,,,,,,,,,,,,,,,,,,,,,,,,,,,,,,,10.416666666744,,10.416666666744,10.416666666744
269633,9250751,Santos,Porto Organizado,BRSSZ,SSZ0921,TERM.DOW,TUPs Santos (cadastro antigo),,Santos,2010-01-10 09:15:00,2010-01-10 09:15:00,2010-01-10 09:15:00,2010-01-12 02:50:00,2010-01-12 02:50:00,2010,jan,Movimentação da Carga,Longo Curso,,1,,"-46.301939,-23.966053",True,2010,2,0.0,2681.4280000000003,0.0,0.0,0.0,0.0,2681.4280000000003,0.0,0.0,0.0,0.0,0.0,2681.4280000000003,0.0,0.0,0.0,0.0,0.0,0.0,0.0,0.0,0.0,0.0,0.0,,2902,,,,,41.583333333372,,41.583333333372,41.583333333372
246700,9250751,Terminal Marítimo Dow,Terminal Autorizado,BRSP005,BRSP0050077,DOW,Terminal Marítimo Dow,,Guarujá,2010-01-10 07:00:00,2010-01-10 09:50:00,2010-01-10 10:20:00,2010-01-11 09:15:00,2010-01-12 02:56:00,2010,jan,Movimentação da Carga,Longo Curso,,1,,"-46.866,-23.9821",True,2010,2,0.0,2673.0,0.0,0.0,0.0,0.0,2673.0,0.0,0.0,0.0,0.0,0.0,2673.0,0.0,0.0,0.0,0.0,0.0,0.0,0.0,0.0,0.0,0.0,0.0,,2902,,,2.8333333333139,0.50000000005821,22.916666666628,17.683333333349,41.100000000035,43.933333333349
269612,9327669,Santos,Porto Organizado,BRSSZ,SSZ0812,TECON 3,Cais da Santos Brasil (SSZ 16) - Privativo,,Guarujá,2010-01-10 10:27:00,2010-01-10 10:27:00,2010-01-10 10:27:00,2010-01-10 20:07:00,2010-01-10 20:07:00,2010,jan,Movimentação da Carga,Longo Curso,,1,,"-46.301939,-23.966053",True,2010,7,178.99900000000002,6726.643,0.0,0.0,0.0,0.0,0.0,0.0,0.0,178.99900000000002,6726.643,178.99900000000002,6726.643,0.0,23.0,353.0,0.0,0.0,178.99900000000002,6726.643,0.0,0.0,0.0,0.0,22G0,22G0,7.782565217391306,19.055645892351276,,,9.6666666665697,,9.6666666665697,9.6666666665697
269631,9348998,Santos,Porto Organizado,BRSSZ,SSZ0213,CS 03,Cais do Saboó - Público,,Santos,2010-01-09 21:53:00,2010-01-10 10:30:00,2010-01-10 10:30:00,2010-01-10 21:25:00,2010-01-10 21:25:00,2010,jan,Movimentação da Carga,Longo Curso,,1,,"-46.301939,-23.966053",True,2010,17,1443.781,1057.212,0.0,0.0,0.0,0.0,0.0,0.0,0.0,1443.781,1057.212,0.0,0.0,0.0,111.0,103.0,70.0,0.0,1288.781,1057.212,0.0,0.0,0.0,0.0,42G0,42G0,11.61063963963964,10.264194174757282,12.616666666581,,10.916666666628,,10.916666666628,23.533333333209
269388,9289518,Santos,Porto Organizado,BRSSZ,SSZ0111,IB SP,Cais da Ilha Barnabé - Público,,Santos,2010-01-10 10:35:00,2010-01-10 10:35:00,2010-01-10 10:35:00,2010-01-14 06:45:00,2010-01-14 06:45:00,2010,jan,Movimentação da Carga,Longo Curso,,1,,"-46.301939,-23.966053",True,2010,2,0.0,16407.155,0.0,0.0,0.0,0.0,16407.155,0.0,0.0,0.0,0.0,0.0,3798.172,0.0,0.0,0.0,0.0,0.0,0.0,0.0,0.0,0.0,0.0,0.0,,2710,,,,,92.166666666744,,92.166666666744,92.166666666744
269587,8400206,Santos,Porto Organizado,BRSSZ,SSZ0412,ARM 12A,Cais do Paquetá - Público,,Santos,2010-01-08 06:00:00,2010-01-10 11:30:00,2010-01-10 11:30:00,2010-01-25 20:20:00,2010-01-25 20:20:00,2010,jan,Movimentação da Carga,Longo Curso,,1,,"-46.301939,-23.966053",True,2010,1,0.0,26119.605,0.0,0.0,26119.605,0.0,0.0,0.0,0.0,0.0,0.0,0.0,26119.605,0.0,0.0,0.0,0.0,0.0,0.0,0.0,0.0,0.0,0.0,0.0,,1001,,,53.499999999942,,,,,422.33333333326
269576,9319480,Santos,Porto Organizado,BRSSZ,SSZ0103,AL 03,Píer da Alamoa - Público,,Santos,2010-01-10 13:00:00,2010-01-10 13:00:00,2010-01-10 13:00:00,2010-01-11 09:20:00,2010-01-11 09:20:00,2010,jan,Movimentação da Carga,Longo Curso,,1,,"-46.301939,-23.966053",True,2010,1,0.0,4111.467,0.0,0.0,0.0,0.0,4111.467,0.0,0.0,0.0,0.0,0.0,4111.467,0.0,0.0,0.0,0.0,0.0,0.0,0.0,0.0,0.0,0.0,0.0,,2710,,,,,20.33333333343,,20.33333333343,20.33333333343
269302,9320087,Santos,Porto Organizado,BRSSZ,SSZ0524,CONCAIS,Cais do Outeirinhos - Público,,Santos,2010-01-10 13:20:00,2010-01-10 13:20:00,2010-01-10 13:20:00,2010-01-10 22:45:00,2010-01-10 22:45:00,2010,jan,Passageiro,Longo Curso,,1,,"-46.301939,-23.966053",True,2010,0,,,,,,,,,,,,,,,,,,,,,,,,,,,,,,,9.4166666666279,,9.4166666666279,9.4166666666279
269601,9290050,Santos,Porto Organizado,BRSSZ,SSZ0527,ARMAZÉM 27,Cais do Outeirinhos - Público,,Santos,2010-01-09 20:30:00,2010-01-10 15:40:00,2010-01-10 15:40:00,2010-01-12 00:10:00,2010-01-12 00:10:00,2010,jan,Movimentação da Carga,Longo Curso,,1,,"-46.301939,-23.966053",True,2010,2,0.0,392.07000000000005,0.0,0.0,0.0,0.0,0.0,0.0,392.07000000000005,0.0,0.0,0.0,392.07000000000005,0.0,0.0,0.0,0.0,0.0,0.0,0.0,0.0,0.0,0.0,0.0,,8603,,,19.166666666802,,32.499999999942,,32.499999999942,51.666666666744
269478,9369758,Santos,Porto Organizado,BRSSZ,SSZ0813,TECON 2,Cais da Santos Brasil (SSZ 16) - Privativo,,Guarujá,2010-01-10 17:35:00,2010-01-10 17:35:00,2010-01-10 17:35:00,2010-01-11 11:16:00,2010-01-11 11:16:00,2010,jan,Movimentação da Carga,Longo Curso,,1,,"-46.301939,-23.966053",True,2010,29,972.8530000000001,11668.041,0.0,0.0,0.0,0.0,0.0,0.0,0.0,972.8530000000001,11668.041,972.8530000000001,11668.041,0.0,26.0,727.0,416.0,536.0,175.909,10595.081999999999,0.0,0.0,0.0,0.0,42G0,22G0,6.765730769230769,14.573702888583217,,,17.683333333349,,17.683333333349,17.683333333349
269356,9340063,Santos,Porto Organizado,BRSSZ,SSZ0419,ARM 19,Cais do Outeirinhos - Público,,Santos,2010-01-10 19:20:00,2010-01-10 19:20:00,2010-01-10 19:20:00,2010-01-15 15:45:00,2010-01-15 15:45:00,2010,jan,Movimentação da Carga,Longo Curso,,1,,"-46.301939,-23.966053",True,2010,1,0.0,21143.356,0.0,0.0,21143.356,0.0,0.0,0.0,0.0,0.0,0.0,0.0,21143.356,0.0,0.0,0.0,0.0,0.0,0.0,0.0,0.0,0.0,0.0,0.0,,1701,,,,,116.41666666669,,116.41666666669,116.41666666669
269607,9000326,Santos,Porto Organizado,BRSSZ,SSZ0759,ARM 39,Cais da Ponta da Praia - Público,,Santos,2010-01-10 20:15:00,2010-01-10 20:15:00,2010-01-10 20:15:00,2010-01-12 11:00:00,2010-01-12 11:00:00,2010,jan,Movimentação da Carga,Longo Curso,,1,,"-46.301939,-23.966053",True,2010,1,17011.95,0.0,0.0,17011.95,0.0,0.0,0.0,0.0,0.0,0.0,0.0,17011.95,0.0,0.0,0.0,0.0,0.0,0.0,0.0,0.0,0.0,0.0,17011.95,0.0,2304,,,,,,38.750000000058,,38.750000000058,38.750000000058
269455,9000730,Santos,Porto Organizado,BRSSZ,SSZ0812,TECON 3,Cais da Santos Brasil (SSZ 16) - Privativo,,Guarujá,2010-01-10 21:30:00,2010-01-10 21:30:00,2010-01-10 21:30:00,2010-01-11 18:02:00,2010-01-11 18:02:00,2010,jan,Movimentação da Carga,Cabotagem,,1,3810474517,"-46.301939,-23.966053",True,2010,38,6737.915,4222.851000000001,0.0,0.0,0.0,0.0,0.0,0.0,0.0,6737.915,4222.851000000001,0.0,0.0,0.0,491.0,318.0,0.0,272.0,6737.915,3658.2830000000004,0.0,0.0,0.0,0.0,42G0,42G0,13.722841140529532,11.50403459119497,,,20.533333333209,,20.533333333209,20.533333333209
269662,9234472,Santos,Porto Organizado,BRSSZ,SSZ0101,AL 01,Píer da Alamoa - Público,,Santos,2010-01-10 13:18:00,2010-01-10 21:30:00,2010-01-10 21:30:00,2010-01-12 12:50:00,2010-01-12 12:50:00,2010,jan,Movimentação da Carga,Cabotagem,,1,,"-46.301939,-23.966053",True,2010,1,35536.709,0.0,0.0,0.0,0.0,35536.709,0.0,0.0,0.0,0.0,0.0,0.0,0.0,0.0,0.0,0.0,0.0,0.0,0.0,0.0,0.0,0.0,0.0,0.0,2710,,,,8.2000000000116,,39.333333333198,,39.333333333198,47.533333333209
269582,9145956,Santos,Porto Organizado,BRSSZ,SSZ0420,ARM 20/21,Cais do Outeirinhos - Público,,Santos,2010-01-10 22:05:00,2010-01-10 22:05:00,2010-01-10 22:05:00,2010-01-12 23:45:00,2010-01-12 23:45:00,2010,jan,Movimentação da Carga,Longo Curso,,1,,"-46.301939,-23.966053",True,2010,1,46000.0,0.0,0.0,46000.0,0.0,0.0,0.0,0.0,0.0,0.0,0.0,46000.0,0.0,0.0,0.0,0.0,0.0,0.0,0.0,0.0,0.0,0.0,0.0,46000.0,1701,,,,,,49.666666666686,,49.666666666686,49.666666666686
269386,9144158,Santos,Porto Organizado,BRSSZ,SSZ0213,CS 03,Cais do Saboó - Público,,Santos,2010-01-10 22:55:00,2010-01-10 22:55:00,2010-01-10 22:55:00,2010-01-11 08:50:00,2010-01-11 08:50:00,2010,jan,Movimentação da Carga,Longo Curso,,1,,"-46.301939,-23.966053",True,2010,13,1876.6849999999997,491.519,0.0,0.0,0.0,0.0,0.0,0.0,0.0,1876.6849999999997,491.519,1876.6849999999997,491.519,0.0,126.0,14.0,1.0,149.0,1874.3859999999997,162.3,0.0,0.0,0.0,0.0,22G0,42R0,14.876079365079363,11.592857142857143,,,9.9166666666861,,9.9166666666861,9.9166666666861
269466,9187708,Santos,Porto Organizado,BRSSZ,SSZ0915,COSIPA,TUPs Santos (cadastro antigo),,Santos,2010-01-10 22:05:00,2010-01-11 02:45:00,2010-01-11 02:45:00,2010-01-15 06:00:00,2010-01-15 06:00:00,2010,jan,Movimentação da Carga,Longo Curso,,1,,"-46.301939,-23.966053",True,2010,1,0.0,48988.6,0.0,0.0,48988.6,0.0,0.0,0.0,0.0,0.0,0.0,0.0,48988.6,0.0,0.0,0.0,0.0,0.0,0.0,0.0,0.0,0.0,0.0,0.0,,2704,,,4.6666666666861,,99.249999999942,,99.249999999942,103.91666666663
269567,9472701,Santos,Porto Organizado,BRSSZ,SSZ0748,ARM 38,Cais da Ponta da Praia - Público,,Santos,2010-01-06 12:30:00,2010-01-11 04:30:00,2010-01-11 04:30:00,2010-01-12 21:05:00,2010-01-12 21:05:00,2010,jan,Movimentação da Carga,Longo Curso,,1,,"-46.301939,-23.966053",True,2010,1,27502.105,0.0,0.0,27502.105,0.0,0.0,0.0,0.0,0.0,0.0,0.0,27502.105,0.0,0.0,0.0,0.0,0.0,0.0,0.0,0.0,0.0,27502.105,0.0,0.0,1005,,,,111.99999999994,,40.583333333256,,40.583333333256,152.5833333332
269577,8300913,Santos,Porto Organizado,BRSSZ,SSZ0803,TGG,Píer da TGG (SSZ 14) - Privativo,,Guarujá,2010-01-07 10:45:00,2010-01-11 04:40:00,2010-01-11 04:40:00,2010-01-12 18:20:00,2010-01-12 18:20:00,2010,jan,Movimentação da Carga,Longo Curso,,1,,"-46.301939,-23.966053",True,2010,1,28078.554,0.0,0.0,28078.554,0.0,0.0,0.0,0.0,0.0,0.0,0.0,28078.554,0.0,0.0,0.0,0.0,0.0,0.0,0.0,0.0,0.0,28078.554,0.0,0.0,1005,,,,89.916666666744,,37.666666666686,,37.666666666686,127.58333333343
269343,7913268,Santos,Porto Organizado,BRSSZ,SSZ0416,ARM 16/17,Cais do Outeirinhos - Público,,Santos,2010-01-11 05:55:00,2010-01-11 05:55:00,2010-01-11 05:55:00,2010-01-16 16:40:00,2010-01-16 16:40:00,2010,jan,Movimentação da Carga,Longo Curso,,1,,"-46.301939,-23.966053",True,2010,2,8386.549,344.699,0.0,0.0,0.0,0.0,0.0,8386.549,344.699,0.0,0.0,8386.549,344.699,0.0,0.0,0.0,0.0,0.0,0.0,0.0,0.0,0.0,0.0,0.0,1701,1701,,,,,130.74999999994,,130.74999999994,130.74999999994
269439,9356165,Santos,Porto Organizado,BRSSZ,SSZ0737,ARMAZÉM 37.1,T-37 (cadastro antigo),,Santos,2010-01-11 06:40:00,2010-01-11 06:40:00,2010-01-11 06:40:00,2010-01-12 00:35:00,2010-01-12 00:35:00,2010,jan,Movimentação da Carga,Cabotagem,,1,,"-46.301939,-23.966053",True,2010,35,9427.417999999998,4328.621999999999,0.0,0.0,0.0,0.0,0.0,0.0,0.0,9427.417999999998,4328.621999999999,0.0,0.0,0.0,585.0,440.0,0.0,38.0,9427.417999999998,4234.418,0.0,0.0,0.0,0.0,22G0,42G0,16.11524444444444,9.623677272727273,,,17.91666666657,,17.91666666657,17.91666666657
269610,9173355,Santos,Porto Organizado,BRSSZ,SSZ0914,COSIPA,TUPs Santos (cadastro antigo),,Santos,2010-01-11 07:00:00,2010-01-11 07:00:00,2010-01-11 07:00:00,2010-01-16 23:50:00,2010-01-16 23:50:00,2010,jan,Movimentação da Carga,Cabotagem,,1,,"-46.301939,-23.966053",True,2010,1,14516.782,0.0,0.0,14516.782,0.0,0.0,0.0,0.0,0.0,0.0,0.0,0.0,0.0,0.0,0.0,0.0,0.0,0.0,0.0,0.0,0.0,0.0,0.0,0.0,2713,,,,,,136.83333333337,,136.83333333337,136.83333333337
269508,9391799,Santos,Porto Organizado,BRSSZ,SSZ0665,ARM 35.0,Libra Terminais S/A (cadastro antigo),,Santos,2010-01-11 13:24:00,2010-01-11 13:24:00,2010-01-11 13:24:00,2010-01-12 04:05:00,2010-01-12 04:05:00,2010,jan,Movimentação da Carga,Longo Curso,,1,,"-46.301939,-23.966053",True,2010,22,308.174,8612.332,0.0,0.0,0.0,0.0,0.0,0.0,0.0,308.174,8612.332,0.0,8612.332,0.0,0.0,726.0,150.0,3.0,0.0,8603.692000000001,0.0,0.0,0.0,0.0,42G0,42G0,,11.850815426997247,,,14.683333333349,,14.683333333349,14.683333333349
269580,9343481,Santos,Porto Organizado,BRSSZ,SSZ0641,ARM 31,Cais do Macuco - Público,,Santos,2010-01-08 14:00:00,2010-01-11 13:25:00,2010-01-11 13:25:00,2010-01-14 05:25:00,2010-01-14 05:25:00,2010,jan,Movimentação da Carga,Longo Curso,,1,,"-46.301939,-23.966053",True,2010,1,20900.0,0.0,0.0,0.0,0.0,0.0,0.0,20900.0,0.0,0.0,0.0,20900.0,0.0,0.0,0.0,0.0,0.0,0.0,0.0,0.0,0.0,0.0,0.0,0.0,3912,,,,71.416666666686,,63.999999999942,,63.999999999942,135.41666666663
269613,9372470,Santos,Porto Organizado,BRSSZ,SSZ0813,TECON 2,Cais da Santos Brasil (SSZ 16) - Privativo,,Guarujá,2010-01-11 09:12:00,2010-01-11 13:25:00,2010-01-11 13:25:00,2010-01-12 00:10:00,2010-01-12 00:10:00,2010,jan,Movimentação da Carga,Longo Curso,,1,,"-46.301939,-23.966053",True,2010,20,269.378,10106.972000000002,0.0,0.0,0.0,0.0,0.0,0.0,0.0,269.378,10106.972000000002,269.378,10106.972000000002,0.0,25.0,789.0,0.0,2.0,269.378,10102.673,0.0,0.0,0.0,0.0,42G0,42G0,10.77512,12.804401774397974,4.2166666667908,,10.749999999942,,10.749999999942,14.966666666733
269391,9357092,Santos,Porto Organizado,BRSSZ,SSZ0213,CS 03,Cais do Saboó - Público,,Santos,2010-01-09 18:48:00,2010-01-11 14:08:00,2010-01-11 14:08:00,2010-01-12 13:20:00,2010-01-12 13:20:00,2010,jan,Movimentação da Carga,Longo Curso,,1,,"-46.301939,-23.966053",True,2010,29,8141.344999999998,3673.627000000001,0.0,0.0,0.0,0.0,0.0,0.0,0.0,8141.344999999998,3673.627000000001,8141.344999999998,3673.627000000001,0.0,475.0,222.0,254.0,7.0,7598.942,3657.9780000000005,0.0,0.0,0.0,0.0,42G0,42G0,15.997772631578947,16.47737837837838,43.333333333314,,23.200000000012,,23.200000000012,66.533333333326
269533,9395226,Santos,Porto Organizado,BRSSZ,SSZ0941,TEAG,Píer da TEAG (SSZ 10) - Privativo,,Guarujá,2010-01-11 15:55:00,2010-01-11 15:55:00,2010-01-11 15:55:00,2010-01-13 12:20:00,2010-01-13 12:20:00,2010,jan,Movimentação da Carga,Longo Curso,,1,,"-46.301939,-23.966053",True,2010,1,15970.0,0.0,0.0,15970.0,0.0,0.0,0.0,0.0,0.0,0.0,0.0,15970.0,0.0,0.0,0.0,0.0,0.0,0.0,0.0,0.0,0.0,0.0,0.0,15970.0,1701,,,,,,44.416666666686,,44.416666666686,44.416666666686
250210,9179218,Sucocítrico Cutrale,Terminal Autorizado,BRSP004,BRSP0048932,Cutrale,Sucocítrico Cutrale,,Guarujá,2010-01-11 20:05:00,2010-01-11 20:05:00,2010-01-12 01:35:00,2010-01-20 22:50:00,2010-01-21 02:00:00,2010,jan,Movimentação da Carga,Longo Curso,,1,,"-46.2864,-23.9797",True,2010,1,34290.8,0.0,0.0,34290.8,0.0,0.0,0.0,0.0,0.0,0.0,0.0,34290.8,0.0,0.0,0.0,0.0,0.0,0.0,0.0,0.0,0.0,0.0,0.0,0.0,2308,,,,,5.4999999999418,,3.1666666666861,,
269665,9179218,Santos,Porto Organizado,BRSSZ,SSZ0931,CUTRALE,TUPs Santos (cadastro antigo),,Santos,2010-01-11 20:10:00,2010-01-11 20:10:00,2010-01-11 20:10:00,2010-01-21 13:15:00,2010-01-21 13:15:00,2010,jan,Movimentação da Carga,Longo Curso,,1,,"-46.301939,-23.966053",True,2010,1,34290.8,0.0,0.0,34290.8,0.0,0.0,0.0,0.0,0.0,0.0,0.0,34290.8,0.0,0.0,0.0,0.0,0.0,0.0,0.0,0.0,0.0,0.0,0.0,0.0,1103,,,,,,,,,233.08333333331
269477,9253296,Santos,Porto Organizado,BRSSZ,SSZ0812,TECON 3,Cais da Santos Brasil (SSZ 16) - Privativo,,Guarujá,2010-01-11 17:30:00,2010-01-11 20:20:00,2010-01-11 20:20:00,2010-01-12 17:15:00,2010-01-12 17:15:00,2010,jan,Movimentação da Carga,Longo Curso,,1,,"-46.301939,-23.966053",True,2010,40,2053.669,10637.524000000001,0.0,0.0,0.0,0.0,0.0,0.0,0.0,2053.669,10637.524000000001,2053.669,10637.524000000001,0.0,110.0,928.0,226.0,152.0,1600.146,10319.826000000001,0.0,0.0,0.0,0.0,42G0,42G0,14.546781818181818,11.120502155172415,2.8333333333139,,20.916666666744,,20.916666666744,23.750000000058
269469,9215696,Santos,Porto Organizado,BRSSZ,SSZ0811,TECON 1.2,Cais da Santos Brasil (SSZ 16) - Privativo,,Guarujá,2010-01-11 20:40:00,2010-01-11 20:40:00,2010-01-11 20:40:00,2010-01-12 11:45:00,2010-01-12 11:45:00,2010,jan,Movimentação da Carga,Longo Curso,,1,,"-46.301939,-23.966053",True,2010,30,0.0,10303.02,0.0,0.0,0.0,0.0,0.0,0.0,0.0,0.0,10303.02,0.0,10303.02,0.0,0.0,744.0,0.0,0.0,0.0,10303.02,0.0,0.0,0.0,0.0,,42G0,,13.848145161290324,,,15.08333333343,,15.08333333343,15.08333333343
269589,9295206,Santos,Porto Organizado,BRSSZ,SSZ0214,CS 04,Cais da Ecoporto (SSZ 35) - Privativo,,Santos,2010-01-10 08:00:00,2010-01-11 21:15:00,2010-01-11 21:15:00,2010-01-13 11:35:00,2010-01-13 11:35:00,2010,jan,Movimentação da Carga,Longo Curso,,1,,"-46.301939,-23.966053",True,2010,32,76.179,15114.232000000002,0.0,0.0,0.0,0.0,0.0,0.0,0.0,76.179,15114.232000000002,76.179,15114.232000000002,0.0,10.0,1431.0,0.0,30.0,76.179,15046.732000000002,0.0,0.0,0.0,0.0,42G0,22G0,7.617900000000001,10.514837176799443,37.249999999884,,38.33333333343,,38.33333333343,75.583333333314
269684,9333539,Santos,Porto Organizado,BRSSZ,SSZ0423,ARMAZEM 23,Cais do Outeirinhos - Público,,Santos,2010-01-11 22:55:00,2010-01-11 22:55:00,2010-01-11 22:55:00,2010-01-13 09:45:00,2010-01-13 09:45:00,2010,jan,Movimentação da Carga,Longo Curso,,1,,"-46.301939,-23.966053",True,2010,2,0.0,986.899,0.0,0.0,0.0,0.0,0.0,0.0,986.899,0.0,0.0,0.0,986.899,0.0,0.0,0.0,0.0,0.0,0.0,0.0,0.0,0.0,0.0,0.0,,7210,,,,,34.833333333372,,34.833333333372,34.833333333372
269509,9346005,Santos,Porto Organizado,BRSSZ,SSZ0676,ARM 35P2,Cais do Macuco - Público,,Santos,2010-01-11 23:35:00,2010-01-11 23:35:00,2010-01-11 23:35:00,2010-01-12 17:50:00,2010-01-12 17:50:00,2010,jan,Movimentação da Carga,Longo Curso,,1,,"-46.301939,-23.966053",True,2010,12,3040.6529999999993,0.0,0.0,0.0,0.0,0.0,0.0,0.0,0.0,3040.6529999999993,0.0,3040.6529999999993,0.0,0.0,134.0,0.0,530.0,0.0,2011.565,0.0,0.0,0.0,0.0,0.0,42G0,,15.011679104477613,,,,18.249999999942,,18.249999999942,18.249999999942
269634,9250751,Santos,Porto Organizado,BRSSZ,SSZ0112,IB BC,Cais da Ilha Barnabé - Público,,Santos,2010-01-12 03:45:00,2010-01-12 03:45:00,2010-01-12 03:45:00,2010-01-12 21:10:00,2010-01-12 21:10:00,2010,jan,Movimentação da Carga,Longo Curso,,1,,"-46.301939,-23.966053",True,2010,11,0.0,2563.454,0.0,0.0,0.0,0.0,2563.454,0.0,0.0,0.0,0.0,0.0,2563.454,0.0,0.0,0.0,0.0,0.0,0.0,0.0,0.0,0.0,0.0,0.0,,2915,,,,,17.416666666686,,17.416666666686,17.416666666686
269412,9295971,Santos,Porto Organizado,BRSSZ,SSZ0665,ARM 35.0,Libra Terminais S/A (cadastro antigo),,Santos,2010-01-12 06:30:00,2010-01-12 06:30:00,2010-01-12 06:30:00,2010-01-13 03:35:00,2010-01-13 03:35:00,2010,jan,Movimentação da Carga,Longo Curso,,1,,"-46.301939,-23.966053",True,2010,39,770.835,7907.516999999999,0.0,0.0,0.0,0.0,0.0,0.0,0.0,770.835,7907.516999999999,0.0,7898.277999999999,0.0,48.0,589.0,60.0,269.0,637.33,7261.5289999999995,0.0,0.0,0.0,0.0,42G0,22G0,13.277708333333335,12.328572156196943,,,21.083333333256,,21.083333333256,21.083333333256
269440,9190731,Santos,Porto Organizado,BRSSZ,SSZ0737,ARMAZÉM 37.1,T-37 (cadastro antigo),,Santos,2010-01-12 07:05:00,2010-01-12 07:05:00,2010-01-12 07:05:00,2010-01-12 23:10:00,2010-01-12 23:10:00,2010,jan,Movimentação da Carga,Longo Curso,,1,,"-46.301939,-23.966053",True,2010,22,8708.515000000001,1267.0020000000002,0.0,0.0,0.0,0.0,0.0,0.0,0.0,8708.515000000001,1267.0020000000002,8596.046,1239.832,0.0,476.0,98.0,346.0,0.0,8041.6370000000015,1267.0020000000002,0.0,0.0,0.0,0.0,42R0,42G0,16.894195378151263,12.928591836734697,,,16.083333333372,,16.083333333372,16.083333333372
269596,9303194,Santos,Porto Organizado,BRSSZ,SSZ0211,CS 02 + CS 01,Cais do Saboó - Público,,Santos,2010-01-12 07:10:00,2010-01-12 07:10:00,2010-01-12 07:10:00,2010-01-12 15:40:00,2010-01-12 15:40:00,2010,jan,Movimentação da Carga,Longo Curso,,1,,"-46.301939,-23.966053",True,2010,10,583.387,325.103,0.0,0.0,0.0,0.0,0.0,583.387,325.103,0.0,0.0,583.387,325.103,0.0,0.0,0.0,0.0,0.0,0.0,0.0,0.0,0.0,0.0,0.0,8709,8701,,,,,8.5000000001164,,8.5000000001164,8.5000000001164
269505,9171149,Santos,Porto Organizado,BRSSZ,SSZ0759,ARM 39,Cais da Ponta da Praia - Público,,Santos,2010-01-09 23:35:00,2010-01-12 11:50:00,2010-01-12 11:50:00,2010-01-13 18:10:00,2010-01-13 18:10:00,2010,jan,Movimentação da Carga,Longo Curso,,1,,"-46.301939,-23.966053",True,2010,1,29329.244,0.0,0.0,29329.244,0.0,0.0,0.0,0.0,0.0,0.0,0.0,29329.244,0.0,0.0,0.0,0.0,0.0,0.0,0.0,0.0,0.0,29329.244,0.0,0.0,1005,,,,60.249999999942,,30.333333333372,,30.333333333372,90.583333333314
269668,8201492,Santos,Porto Organizado,BRSSZ,SSZ0921,TERM.DOW,TUPs Santos (cadastro antigo),,Santos,2010-01-12 17:55:00,2010-01-12 17:55:00,2010-01-12 17:55:00,2010-01-13 10:20:00,2010-01-13 10:20:00,2010,jan,Movimentação da Carga,Cabotagem,,1,3810395412,"-46.301939,-23.966053",True,2010,1,0.0,3001.777,0.0,0.0,0.0,0.0,3001.777,0.0,0.0,0.0,0.0,0.0,0.0,0.0,0.0,0.0,0.0,0.0,0.0,0.0,0.0,0.0,0.0,0.0,,2815,,,,,16.41666666657,,16.41666666657,16.41666666657
246687,8201492,Terminal Marítimo Dow,Terminal Autorizado,BRSP005,BRSP0050077,DOW,Terminal Marítimo Dow,,Guarujá,2010-01-12 09:00:00,2010-01-12 18:15:00,2010-01-12 19:45:00,2010-01-13 08:50:00,2010-01-13 10:40:00,2010,jan,Movimentação da Carga,Cabotagem,,1,3810395412,"-46.866,-23.9821",True,2010,0,,,,,,,,,,,,,,,,,,,,,,,,,,,,,9.2499999999418,1.5,13.083333333372,1.8333333333721,16.416666666744,25.666666666686
269377,9108295,Santos,Porto Organizado,BRSSZ,SSZ0676,ARM 35P2,Cais do Macuco - Público,,Santos,2010-01-12 20:20:00,2010-01-12 20:20:00,2010-01-12 20:20:00,2010-01-13 13:38:00,2010-01-13 13:38:00,2010,jan,Movimentação da Carga,Longo Curso,,1,,"-46.301939,-23.966053",True,2010,19,7280.628,197.239,0.0,0.0,0.0,0.0,0.0,0.0,0.0,7280.628,197.239,7098.228,14.839,0.0,395.0,12.0,280.0,5.0,6710.4580000000005,182.4,0.0,0.0,0.0,0.0,22G0,42R0,16.988501265822787,15.200000000000001,,,17.300000000163,,17.300000000163,17.300000000163
269555,9347293,Santos,Porto Organizado,BRSSZ,SSZ0811,TECON 1.2,Cais da Santos Brasil (SSZ 16) - Privativo,,Guarujá,2010-01-12 20:28:00,2010-01-12 20:28:00,2010-01-12 20:28:00,2010-01-13 07:20:00,2010-01-13 07:20:00,2010,jan,Movimentação da Carga,Longo Curso,,1,,"-46.301939,-23.966053",True,2010,24,3059.132,3652.235,0.0,0.0,0.0,0.0,0.0,0.0,0.0,3059.132,3652.235,3059.132,3652.235,0.0,181.0,308.0,140.0,6.0,2779.132,3638.896,0.0,0.0,0.0,0.0,42G0,42G0,15.35432044198895,11.814597402597403,,,10.86666666664,,10.86666666664,10.86666666664
269635,9111931,Santos,Porto Organizado,BRSSZ,SSZ0803,TGG,Píer da TGG (SSZ 14) - Privativo,,Guarujá,2010-01-05 20:50:00,2010-01-12 20:45:00,2010-01-12 20:45:00,2010-01-14 04:18:00,2010-01-14 04:18:00,2010,jan,Movimentação da Carga,Longo Curso,,1,,"-46.301939,-23.966053",True,2010,1,43327.5,0.0,0.0,43327.5,0.0,0.0,0.0,0.0,0.0,0.0,0.0,43327.5,0.0,0.0,0.0,0.0,0.0,0.0,0.0,0.0,0.0,43327.5,0.0,0.0,1005,,,,167.91666666674,,31.549999999988,,31.549999999988,199.46666666673
269637,9349643,Santos,Porto Organizado,BRSSZ,SSZ0112,IB BC,Cais da Ilha Barnabé - Público,,Santos,2010-01-11 01:30:00,2010-01-12 22:45:00,2010-01-12 22:45:00,2010-01-13 15:50:00,2010-01-13 15:50:00,2010,jan,Movimentação da Carga,Longo Curso,,1,,"-46.301939,-23.966053",True,2010,1,1230.2,0.0,0.0,0.0,0.0,1230.2,0.0,0.0,0.0,0.0,0.0,1230.2,0.0,0.0,0.0,0.0,0.0,0.0,0.0,0.0,0.0,0.0,0.0,0.0,2907,,,,45.249999999942,,17.083333333314,,17.083333333314,62.333333333256
269608,9000326,Santos,Porto Organizado,BRSSZ,SSZ0748,ARM 38,Cais da Ponta da Praia - Público,,Santos,2010-01-12 23:00:00,2010-01-12 23:00:00,2010-01-12 23:00:00,2010-01-14 02:40:00,2010-01-14 02:40:00,2010,jan,Movimentação da Carga,Longo Curso,,1,,"-46.301939,-23.966053",True,2010,3,13099.698,0.0,0.0,13099.698,0.0,0.0,0.0,0.0,0.0,0.0,0.0,13099.698,0.0,0.0,0.0,0.0,0.0,0.0,0.0,0.0,0.0,0.0,8699.789,0.0,2304,,,,,,27.66666666657,,27.66666666657,27.66666666657
269496,8710950,Santos,Porto Organizado,BRSSZ,SSZ0213,CS 03,Cais do Saboó - Público,,Santos,2010-01-12 23:15:00,2010-01-12 23:15:00,2010-01-12 23:15:00,2010-01-13 14:45:00,2010-01-13 14:45:00,2010,jan,Movimentação da Carga,Longo Curso,,1,,"-46.301939,-23.966053",True,2010,19,0.0,4520.198000000001,0.0,0.0,0.0,0.0,0.0,0.0,0.0,0.0,4520.198000000001,0.0,4520.198000000001,0.0,0.0,286.0,0.0,30.0,0.0,4448.320000000001,0.0,0.0,0.0,0.0,,42G0,,15.553566433566436,,,15.500000000058,,15.500000000058,15.500000000058
269545,9372860,Santos,Porto Organizado,BRSSZ,SSZ0737,ARMAZÉM 37.1,T-37 (cadastro antigo),,Santos,2010-01-11 21:06:00,2010-01-13 02:05:00,2010-01-13 02:05:00,2010-01-13 21:45:00,2010-01-13 21:45:00,2010,jan,Movimentação da Carga,Longo Curso,,1,,"-46.301939,-23.966053",True,2010,19,193.967,11431.014,0.0,0.0,0.0,0.0,0.0,0.0,0.0,193.967,11431.014,0.0,11431.014,0.0,0.0,925.0,100.0,0.0,0.0,11431.014,0.0,0.0,0.0,0.0,42G0,22G0,,12.357852972972973,28.983333333337,,19.666666666686,,19.666666666686,48.650000000023
269614,9123166,Santos,Porto Organizado,BRSSZ,SSZ0813,TECON 2,Cais da Santos Brasil (SSZ 16) - Privativo,,Guarujá,2010-01-13 05:50:00,2010-01-13 05:50:00,2010-01-13 05:50:00,2010-01-13 18:03:00,2010-01-13 18:03:00,2010,jan,Movimentação da Carga,Longo Curso,,1,,"-46.301939,-23.966053",True,2010,27,2886.5260000000003,5122.621,0.0,0.0,0.0,0.0,0.0,0.0,0.0,2886.5260000000003,5122.621,2886.5260000000003,5122.621,0.0,179.0,392.0,1.0,97.0,2884.3259999999996,4902.202,0.0,0.0,0.0,0.0,22G0,42G0,16.113553072625695,12.505617346938775,,,12.216666666674,,12.216666666674,12.216666666674
269329,9239795,Santos,Porto Organizado,BRSSZ,SSZ0524,CONCAIS,Cais do Outeirinhos - Público,,Santos,2010-01-13 07:25:00,2010-01-13 07:25:00,2010-01-13 07:25:00,2010-01-13 18:30:00,2010-01-13 18:30:00,2010,jan,Passageiro,Cabotagem,,1,,"-46.301939,-23.966053",True,2010,0,,,,,,,,,,,,,,,,,,,,,,,,,,,,,,,11.083333333314,,11.083333333314,11.083333333314
269557,7801752,Santos,Porto Organizado,BRSSZ,SSZ0101,AL 01,Píer da Alamoa - Público,,Santos,2010-01-13 09:20:00,2010-01-13 09:20:00,2010-01-13 09:20:00,2010-01-14 23:35:00,2010-01-14 23:35:00,2010,jan,Movimentação da Carga,Cabotagem,,1,3810358576,"-46.301939,-23.966053",True,2010,1,16533.845,0.0,0.0,0.0,0.0,16533.845,0.0,0.0,0.0,0.0,0.0,0.0,0.0,0.0,0.0,0.0,0.0,0.0,0.0,0.0,0.0,0.0,0.0,0.0,2710,,,,,,38.25,,38.25,38.25
269701,9267285,Santos,Porto Organizado,BRSSZ,SSZ0413,ARM 13/14,Cais do Paquetá - Público,,Santos,2010-01-13 09:40:00,2010-01-13 09:40:00,2010-01-13 09:40:00,2010-01-16 00:35:00,2010-01-16 00:35:00,2010,jan,Movimentação da Carga,Longo Curso,,1,,"-46.301939,-23.966053",True,2010,1,0.0,9744.45,0.0,0.0,9744.45,0.0,0.0,0.0,0.0,0.0,0.0,0.0,9744.45,0.0,0.0,0.0,0.0,0.0,0.0,0.0,0.0,0.0,0.0,0.0,,1001,,,,,62.91666666657,,62.91666666657,62.91666666657
269603,9343493,Santos,Porto Organizado,BRSSZ,SSZ0804,TERMAG,Píer da TERMAG (SSZ 12) - Privativo,,Guarujá,2010-01-13 09:55:00,2010-01-13 09:55:00,2010-01-13 09:55:00,2010-01-14 16:15:00,2010-01-14 16:15:00,2010,jan,Movimentação da Carga,Longo Curso,,1,,"-46.301939,-23.966053",True,2010,1,0.0,6339.301,0.0,0.0,6339.301,0.0,0.0,0.0,0.0,0.0,0.0,0.0,6339.301,0.0,0.0,0.0,0.0,0.0,0.0,0.0,0.0,0.0,0.0,0.0,,2833,,,,,30.333333333372,,30.333333333372,30.333333333372
269621,9139012,Santos,Porto Organizado,BRSSZ,SSZ0811,TECON 1.2,Cais da Santos Brasil (SSZ 16) - Privativo,,Guarujá,2010-01-13 09:56:00,2010-01-13 09:56:00,2010-01-13 09:56:00,2010-01-14 04:42:00,2010-01-14 04:42:00,2010,jan,Movimentação da Carga,Longo Curso,,1,,"-46.301939,-23.966053",True,2010,33,7899.408,4857.2880000000005,0.0,0.0,0.0,0.0,0.0,0.0,0.0,7899.408,4857.2880000000005,7899.408,4857.2880000000005,0.0,511.0,277.0,37.0,314.0,7821.700000000001,4239.599,0.0,0.0,0.0,0.0,42G0,22G0,15.306653620352252,15.305411552346571,,,18.766666666546,,18.766666666546,18.766666666546
269688,8201507,Santos,Porto Organizado,BRSSZ,SSZ0921,TERM.DOW,TUPs Santos (cadastro antigo),,Santos,2010-01-13 11:20:00,2010-01-13 11:20:00,2010-01-13 11:20:00,2010-01-15 02:10:00,2010-01-15 02:10:00,2010,jan,Movimentação da Carga,Cabotagem,,1,3810395498,"-46.301939,-23.966053",True,2010,1,0.0,2999.835,0.0,0.0,0.0,0.0,2999.835,0.0,0.0,0.0,0.0,0.0,0.0,0.0,0.0,0.0,0.0,0.0,0.0,0.0,0.0,0.0,0.0,0.0,,2902,,,,,38.833333333489,,38.833333333489,38.833333333489
246686,8201507,Terminal Marítimo Dow,Terminal Autorizado,BRSP005,BRSP0050077,DOW,Terminal Marítimo Dow,,Guarujá,2010-01-13 08:30:00,2010-01-13 11:35:00,2010-01-13 12:30:00,2010-01-15 00:45:00,2010-01-15 08:30:00,2010,jan,Movimentação da Carga,Cabotagem,,1,3810395498,"-46.866,-23.9821",True,2010,0,,,,,,,,,,,,,,,,,,,,,,,,,,,,,3.0833333334303,0.91666666668607,36.249999999942,7.7499999999418,44.91666666657,48.0
269556,9362449,Santos,Porto Organizado,BRSSZ,SSZ0214,CS 04,Cais da Ecoporto (SSZ 35) - Privativo,,Santos,2010-01-12 17:30:00,2010-01-13 14:50:00,2010-01-13 14:50:00,2010-01-14 21:20:00,2010-01-14 21:20:00,2010,jan,Movimentação da Carga,Longo Curso,,1,,"-46.301939,-23.966053",True,2010,24,12417.649999999998,522.8349999999999,0.0,0.0,0.0,0.0,0.0,0.0,0.0,12417.649999999998,522.8349999999999,12417.649999999998,522.8349999999999,0.0,808.0,28.0,148.0,0.0,12102.451,522.8349999999999,0.0,0.0,0.0,0.0,42G0,22G0,14.978280940594058,18.67267857142857,21.333333333372,,30.500000000058,,30.500000000058,51.83333333343
269624,9074042,Santos,Porto Organizado,BRSSZ,SSZ0665,ARM 35.0,Libra Terminais S/A (cadastro antigo),,Santos,2010-01-13 18:33:00,2010-01-13 18:33:00,2010-01-13 18:33:00,2010-01-14 11:22:00,2010-01-14 11:22:00,2010,jan,Movimentação da Carga,Longo Curso,,1,,"-46.301939,-23.966053",True,2010,14,5187.66,1083.2,0.0,0.0,0.0,0.0,0.0,0.0,0.0,5187.66,1083.2,3892.741,0.0,0.0,265.0,94.0,400.0,2.0,4381.154,1079.2,0.0,0.0,0.0,0.0,22G0,42G0,16.532656603773585,11.480851063829787,,,16.816666666651,,16.816666666651,16.816666666651
269522,9445588,Santos,Porto Organizado,BRSSZ,SSZ0812,TECON 3,Cais da Santos Brasil (SSZ 16) - Privativo,,Guarujá,2010-01-13 20:20:00,2010-01-13 20:20:00,2010-01-13 20:20:00,2010-01-14 03:35:00,2010-01-14 03:35:00,2010,jan,Movimentação da Carga,Longo Curso,,1,,"-46.301939,-23.966053",True,2010,17,2789.1800000000003,11.14,0.0,0.0,0.0,0.0,0.0,0.0,0.0,2789.1800000000003,11.14,2789.1800000000003,11.14,0.0,166.0,0.0,0.0,4.0,2789.1800000000003,0.0,0.0,0.0,0.0,0.0,42G0,22R0,16.802289156626507,,,,7.2500000000582,,7.2500000000582,7.2500000000582
269456,9408774,Santos,Porto Organizado,BRSSZ,SSZ0813,TECON 2,Cais da Santos Brasil (SSZ 16) - Privativo,,Guarujá,2010-01-13 20:50:00,2010-01-13 20:50:00,2010-01-13 20:50:00,2010-01-14 11:18:00,2010-01-14 11:18:00,2010,jan,Movimentação da Carga,Longo Curso,,1,,"-46.301939,-23.966053",True,2010,36,1239.178,9071.19,0.0,0.0,0.0,0.0,0.0,0.0,0.0,1239.178,9071.19,1239.178,9071.19,0.0,86.0,946.0,0.0,0.0,1239.178,9071.19,0.0,0.0,0.0,0.0,22G0,42G0,14.409046511627908,9.588995771670191,,,14.466666666674,,14.466666666674,14.466666666674
269700,8316699,Santos,Porto Organizado,BRSSZ,SSZ0415,ARM 15,Cais do Paquetá - Público,,Santos,2010-01-13 23:45:00,2010-01-13 23:45:00,2010-01-13 23:45:00,2010-01-15 14:05:00,2010-01-15 14:05:00,2010,jan,Movimentação da Carga,Longo Curso,,1,,"-46.301939,-23.966053",True,2010,1,8400.0,0.0,0.0,0.0,0.0,0.0,0.0,8400.0,0.0,0.0,0.0,8400.0,0.0,0.0,0.0,0.0,0.0,0.0,0.0,0.0,0.0,0.0,0.0,0.0,3912,,,,,,38.333333333256,,38.333333333256,38.333333333256
269494,9283186,Santos,Porto Organizado,BRSSZ,SSZ0676,ARM 35P2,Cais do Macuco - Público,,Santos,2010-01-14 01:55:00,2010-01-14 01:55:00,2010-01-14 01:55:00,2010-01-15 16:15:00,2010-01-15 16:15:00,2010,jan,Movimentação da Carga,Longo Curso,,1,,"-46.301939,-23.966053",True,2010,62,361.682,18513.152000000002,0.0,0.0,0.0,0.0,0.0,0.0,81.0,361.682,18432.152000000002,0.0,18322.609,0.0,16.0,1756.0,78.0,224.0,185.83800000000002,17930.934,0.0,0.0,0.0,0.0,42G0,22G0,11.614875000000001,10.211238041002279,,,38.33333333343,,38.33333333343,38.33333333343
269609,9000326,Santos,Porto Organizado,BRSSZ,SSZ0942,TEG,Píer da TEG (SSZ 08) - Privativo,,Guarujá,2010-01-14 03:20:00,2010-01-14 03:20:00,2010-01-14 03:20:00,2010-01-15 15:05:00,2010-01-15 15:05:00,2010,jan,Movimentação da Carga,Longo Curso,,1,,"-46.301939,-23.966053",True,2010,1,8387.84,0.0,0.0,8387.84,0.0,0.0,0.0,0.0,0.0,0.0,0.0,8387.84,0.0,0.0,0.0,0.0,0.0,0.0,0.0,0.0,0.0,0.0,0.0,0.0,1208,,,,,,35.749999999884,,35.749999999884,35.749999999884
269687,8208919,Santos,Porto Organizado,BRSSZ,SSZ0912,COSIPA,TUPs Santos (cadastro antigo),,Santos,2010-01-14 03:25:00,2010-01-14 03:25:00,2010-01-14 03:25:00,2010-01-22 03:15:00,2010-01-22 03:15:00,2010,jan,Movimentação da Carga,Cabotagem,,1,,"-46.301939,-23.966053",True,2010,1,4588.51,0.0,0.0,0.0,0.0,0.0,0.0,4588.51,0.0,0.0,0.0,0.0,0.0,0.0,0.0,0.0,0.0,0.0,0.0,0.0,0.0,0.0,0.0,0.0,7211,,,,,,191.83333333331,,191.83333333331,191.83333333331
269520,9311749,Santos,Porto Organizado,BRSSZ,SSZ0811,TECON 1.2,Cais da Santos Brasil (SSZ 16) - Privativo,,Guarujá,2010-01-14 07:15:00,2010-01-14 07:15:00,2010-01-14 07:15:00,2010-01-14 16:30:00,2010-01-14 16:30:00,2010,jan,Movimentação da Carga,Longo Curso,,1,,"-46.301939,-23.966053",True,2010,37,4496.829,671.4320000000001,0.0,0.0,0.0,0.0,0.0,0.0,0.0,4496.829,671.4320000000001,4496.829,671.4320000000001,0.0,246.0,66.0,27.0,2.0,4438.6089999999995,667.4320000000001,0.0,0.0,0.0,0.0,22G0,29G9,18.04312601626016,10.112606060606062,,,9.2499999999418,,9.2499999999418,9.2499999999418
269488,9309411,Santos,Porto Organizado,BRSSZ,SSZ0737,ARMAZÉM 37.1,T-37 (cadastro antigo),,Santos,2010-01-13 08:30:00,2010-01-14 07:20:00,2010-01-14 07:20:00,2010-01-14 23:00:00,2010-01-14 23:00:00,2010,jan,Movimentação da Carga,Longo Curso,,1,,"-46.301939,-23.966053",True,2010,25,619.702,3907.1159999999995,0.0,0.0,0.0,0.0,0.0,0.0,0.0,619.702,3907.1159999999995,486.177,3776.6649999999995,0.0,45.0,159.0,6.0,831.0,603.768,2158.4559999999997,0.0,0.0,0.0,0.0,42G0,42G0,13.417066666666667,13.575194968553458,22.833333333372,,15.666666666744,,15.666666666744,38.500000000116
269575,9304306,Santos,Porto Organizado,BRSSZ,SSZ0104,AL 04,Píer da Alamoa - Público,,Santos,2010-01-14 08:35:00,2010-01-14 08:35:00,2010-01-14 08:35:00,2010-01-16 17:15:00,2010-01-16 17:15:00,2010,jan,Movimentação da Carga,Longo Curso,,1,,"-46.301939,-23.966053",True,2010,2,0.0,11782.707999999999,0.0,0.0,0.0,0.0,11782.707999999999,0.0,0.0,0.0,0.0,0.0,11782.707999999999,0.0,0.0,0.0,0.0,0.0,0.0,0.0,0.0,0.0,0.0,0.0,,2815,,,,,56.666666666628,,56.666666666628,56.666666666628
269677,9267209,Santos,Porto Organizado,BRSSZ,SSZ0420,ARM 20/21,Cais do Outeirinhos - Público,,Santos,2010-01-14 09:35:00,2010-01-14 09:35:00,2010-01-14 09:35:00,2010-01-16 13:40:00,2010-01-16 13:40:00,2010,jan,Movimentação da Carga,Longo Curso,,1,,"-46.301939,-23.966053",True,2010,1,34853.0,0.0,0.0,34853.0,0.0,0.0,0.0,0.0,0.0,0.0,0.0,34853.0,0.0,0.0,0.0,0.0,0.0,0.0,0.0,0.0,0.0,0.0,0.0,34853.0,1701,,,,,,52.083333333372,,52.083333333372,52.083333333372
269524,8208024,Santos,Porto Organizado,BRSSZ,SSZ0527,ARMAZÉM 27,Cais do Outeirinhos - Público,,Santos,2010-01-14 09:40:00,2010-01-14 09:40:00,2010-01-14 09:40:00,2010-01-17 13:05:00,2010-01-17 13:05:00,2010,jan,Movimentação da Carga,Longo Curso,,1,,"-46.301939,-23.966053",True,2010,1,16502.663,0.0,0.0,0.0,0.0,16502.663,0.0,0.0,0.0,0.0,0.0,16502.663,0.0,0.0,0.0,0.0,0.0,0.0,0.0,0.0,0.0,0.0,0.0,0.0,2009,,,,,,75.416666666628,,75.416666666628,75.416666666628
269659,9236054,Santos,Porto Organizado,BRSSZ,SSZ0103,AL 03,Píer da Alamoa - Público,,Santos,2010-01-14 11:45:00,2010-01-14 11:45:00,2010-01-14 11:45:00,2010-01-15 13:10:00,2010-01-15 13:10:00,2010,jan,Movimentação da Carga,Longo Curso,,1,,"-46.301939,-23.966053",True,2010,2,0.0,1784.021,0.0,0.0,0.0,0.0,1784.021,0.0,0.0,0.0,0.0,0.0,1784.021,0.0,0.0,0.0,0.0,0.0,0.0,0.0,0.0,0.0,0.0,0.0,,3909,,,,,25.41666666657,,25.41666666657,25.41666666657
269625,9074042,Santos,Porto Organizado,BRSSZ,SSZ0812,TECON 3,Cais da Santos Brasil (SSZ 16) - Privativo,,Guarujá,2010-01-14 11:53:00,2010-01-14 11:53:00,2010-01-14 11:53:00,2010-01-15 08:15:00,2010-01-15 08:15:00,2010,jan,Movimentação da Carga,Longo Curso,,1,,"-46.301939,-23.966053",True,2010,36,19245.263000000003,2057.723,0.0,0.0,0.0,0.0,0.0,0.0,0.0,19245.263000000003,2057.723,19245.263000000003,2057.723,0.0,1017.0,136.0,9.0,102.0,19226.163,1831.219,0.0,0.0,0.0,0.0,22G0,42G0,18.904781710914456,13.464845588235294,,,20.366666666698,,20.366666666698,20.366666666698
269521,9227273,Santos,Porto Organizado,BRSSZ,SSZ0813,TECON 2,Cais da Santos Brasil (SSZ 16) - Privativo,,Guarujá,2010-01-13 22:00:00,2010-01-14 16:20:00,2010-01-14 16:20:00,2010-01-15 10:10:00,2010-01-15 10:10:00,2010,jan,Movimentação da Carga,Longo Curso,,1,,"-46.301939,-23.966053",True,2010,23,11933.255,362.5,0.0,0.0,0.0,0.0,0.0,0.0,0.0,11933.255,362.5,11933.255,362.5,0.0,907.0,24.0,0.0,0.0,11933.255,362.5,0.0,0.0,0.0,0.0,42G0,42G0,13.156841234840131,15.104166666666666,18.333333333372,,17.833333333314,,17.833333333314,36.166666666686
248567,8128640,Terminal Marítimo Privativo de Cubatão - TMPC,Terminal Autorizado,BRSP002,BRSP0020001,Pier #1,Terminal Marítimo Privativo de Cubatão - TMPC,,Cubatão,2010-01-10 16:00:00,2010-01-14 17:00:00,2010-01-15 09:15:00,2010-01-16 11:59:00,2010-01-16 14:50:00,2010,jan,Movimentação da Carga,Cabotagem,,1,3810395358,"-46.3764,-23.8708",True,2010,1,0.0,27464.0,0.0,0.0,27464.0,0.0,0.0,0.0,0.0,0.0,0.0,0.0,0.0,0.0,0.0,0.0,0.0,0.0,0.0,0.0,0.0,0.0,0.0,0.0,,2601,,,97.000000000116,16.249999999884,26.733333333337,2.8500000000349,45.833333333256,142.83333333337
262760,8128640,Terminal Marítimo Privativo de Cubatão - TMPC,Terminal Autorizado,BRSP002,BRSP0020001,Pier #1,Terminal Marítimo Privativo de Cubatão - TMPC,,Cubatão,2010-01-10 16:00:00,2010-01-14 17:00:00,2010-01-15 09:15:00,2010-01-16 11:59:00,2010-01-16 14:50:00,2010,jan,Movimentação da Carga,Cabotagem,,1,3810395358,"-46.3764,-23.8708",True,2010,1,0.0,27464.0,0.0,0.0,27464.0,0.0,0.0,0.0,0.0,0.0,0.0,0.0,0.0,0.0,0.0,0.0,0.0,0.0,0.0,0.0,0.0,0.0,0.0,0.0,,2601,,,97.000000000116,16.249999999884,26.733333333337,2.8500000000349,45.833333333256,142.83333333337
269495,9440801,Santos,Porto Organizado,BRSSZ,SSZ0665,ARM 35.0,Libra Terminais S/A (cadastro antigo),,Santos,2010-01-14 06:30:00,2010-01-14 18:13:00,2010-01-14 18:13:00,2010-01-15 22:05:00,2010-01-15 22:05:00,2010,jan,Movimentação da Carga,Longo Curso,,1,,"-46.301939,-23.966053",True,2010,51,10953.892000000002,687.362,0.0,0.0,0.0,0.0,0.0,0.0,0.0,10953.892000000002,687.362,10432.923999999999,43.319,0.0,646.0,35.0,95.0,120.0,10738.085,428.524,0.0,0.0,0.0,0.0,22G0,42G0,16.622422600619192,12.243542857142858,11.716666666616,,27.866666666698,,27.866666666698,39.583333333314
269679,9138410,Santos,Porto Organizado,BRSSZ,SSZ0814,TECON 1.1,Cais da Santos Brasil (SSZ 16) - Privativo,,Guarujá,2010-01-14 19:05:00,2010-01-14 19:05:00,2010-01-14 19:05:00,2010-01-15 12:15:00,2010-01-15 12:15:00,2010,jan,Movimentação da Carga,Longo Curso,,1,,"-46.301939,-23.966053",True,2010,20,6108.509999999999,100.0,0.0,0.0,0.0,0.0,0.0,1263.206,0.0,4845.304000000001,100.0,6108.509999999999,100.0,0.0,240.0,0.0,20.0,20.0,4745.304000000001,0.0,0.0,0.0,0.0,0.0,22G0,49G9,19.772100000000005,,,,17.16666666657,,17.16666666657,17.16666666657
269738,9312652,Santos,Porto Organizado,BRSSZ,SSZ0213,CS 03,Cais do Saboó - Público,,Santos,2010-01-14 23:19:00,2010-01-14 23:19:00,2010-01-14 23:19:00,2010-01-15 19:00:00,2010-01-15 19:00:00,2010,jan,Movimentação da Carga,Longo Curso,,1,,"-46.301939,-23.966053",True,2010,23,3054.572,479.14300000000003,0.0,0.0,0.0,0.0,0.0,0.0,0.0,3054.572,479.14300000000003,0.0,0.0,0.0,228.0,59.0,0.0,0.0,3054.572,479.14300000000003,0.0,0.0,0.0,0.0,42G0,42G0,13.397245614035088,8.12106779661017,,,19.683333333232,,19.683333333232,19.683333333232
269487,9439759,Santos,Porto Organizado,BRSSZ,SSZ0214,CS 04,Cais da Ecoporto (SSZ 35) - Privativo,,Santos,2010-01-14 15:45:00,2010-01-14 23:34:00,2010-01-14 23:34:00,2010-01-16 23:28:00,2010-01-16 23:28:00,2010,jan,Movimentação da Carga,Longo Curso,,1,,"-46.301939,-23.966053",True,2010,36,12440.275999999996,277.07000000000005,0.0,0.0,0.0,0.0,0.0,0.0,0.0,12440.275999999996,277.07000000000005,12440.275999999996,277.07000000000005,0.0,645.0,18.0,1269.0,50.0,9832.149999999998,189.57000000000002,0.0,0.0,0.0,0.0,42G0,42G0,15.24364341085271,10.531666666666668,7.8166666666511,,47.900000000023,,47.900000000023,55.716666666674
269384,9228033,Santos,Porto Organizado,BRSSZ,SSZ0759,ARM 39,Cais da Ponta da Praia - Público,,Santos,2010-01-15 00:05:00,2010-01-15 00:05:00,2010-01-15 00:05:00,2010-01-16 19:50:00,2010-01-16 19:50:00,2010,jan,Movimentação da Carga,Longo Curso,,1,,"-46.301939,-23.966053",True,2010,1,19174.468,0.0,0.0,19174.468,0.0,0.0,0.0,0.0,0.0,0.0,0.0,19174.468,0.0,0.0,0.0,0.0,0.0,0.0,0.0,0.0,0.0,0.0,0.0,19174.468,1701,,,,,,43.750000000116,,43.750000000116,43.750000000116
269678,9247778,Santos,Porto Organizado,BRSSZ,SSZ0101,AL 01,Píer da Alamoa - Público,,Santos,2010-01-13 03:30:00,2010-01-15 01:25:00,2010-01-15 01:25:00,2010-01-15 23:15:00,2010-01-15 23:15:00,2010,jan,Movimentação da Carga,Cabotagem,,1,,"-46.301939,-23.966053",True,2010,1,21638.114,0.0,0.0,0.0,0.0,21638.114,0.0,0.0,0.0,0.0,0.0,0.0,0.0,0.0,0.0,0.0,0.0,0.0,0.0,0.0,0.0,0.0,0.0,0.0,2710,,,,45.916666666686,,21.833333333256,,21.833333333256,67.749999999942
269689,8201507,Santos,Porto Organizado,BRSSZ,SSZ0111,IB SP,Cais da Ilha Barnabé - Público,,Santos,2010-01-15 03:06:00,2010-01-15 03:06:00,2010-01-15 03:06:00,2010-01-16 17:10:00,2010-01-16 17:10:00,2010,jan,Movimentação da Carga,Cabotagem,,1,3810395498,"-46.301939,-23.966053",True,2010,1,0.0,1635.798,0.0,0.0,0.0,0.0,1635.798,0.0,0.0,0.0,0.0,0.0,0.0,0.0,0.0,0.0,0.0,0.0,0.0,0.0,0.0,0.0,0.0,0.0,,2926,,,,,38.066666666768,,38.066666666768,38.066666666768
269676,9317406,Santos,Porto Organizado,BRSSZ,SSZ0804,TERMAG,Píer da TERMAG (SSZ 12) - Privativo,,Guarujá,2010-01-14 16:00:00,2010-01-15 03:55:00,2010-01-15 03:55:00,2010-01-22 21:45:00,2010-01-22 21:45:00,2010,jan,Movimentação da Carga,Longo Curso,,1,,"-46.301939,-23.966053",True,2010,1,0.0,39523.372,0.0,0.0,39523.372,0.0,0.0,0.0,0.0,0.0,0.0,0.0,39523.372,0.0,0.0,0.0,0.0,0.0,0.0,0.0,0.0,0.0,0.0,0.0,,2503,,,11.916666666744,,185.83333333331,,185.83333333331,197.75000000006
269339,9116876,Santos,Porto Organizado,BRSSZ,SSZ0524,CONCAIS,Cais do Outeirinhos - Público,,Santos,2010-01-15 06:05:00,2010-01-15 06:05:00,2010-01-15 06:05:00,2010-01-15 18:20:00,2010-01-15 18:20:00,2010,jan,Passageiro,Cabotagem,,1,,"-46.301939,-23.966053",True,2010,0,,,,,,,,,,,,,,,,,,,,,,,,,,,,,,,12.250000000116,,12.250000000116,12.250000000116
269489,9399777,Santos,Porto Organizado,BRSSZ,SSZ0737,ARMAZÉM 37.1,T-37 (cadastro antigo),,Santos,2010-01-13 18:35:00,2010-01-15 06:22:00,2010-01-15 06:22:00,2010-01-16 02:55:00,2010-01-16 02:55:00,2010,jan,Movimentação da Carga,Longo Curso,,1,,"-46.301939,-23.966053",True,2010,16,6939.7210000000005,63.814,0.0,0.0,0.0,0.0,0.0,0.0,0.0,6939.7210000000005,63.814,6939.7210000000005,0.0,0.0,463.0,0.0,0.0,26.0,6939.7210000000005,0.0,0.0,0.0,0.0,0.0,42G0,22R0,14.98859827213823,,35.783333333326,,20.550000000105,,20.550000000105,56.33333333343
269350,8314134,Santos,Porto Organizado,BRSSZ,SSZ0423,ARMAZEM 23,Cais do Outeirinhos - Público,,Santos,2010-01-15 07:25:00,2010-01-15 07:25:00,2010-01-15 07:25:00,2010-01-15 17:45:00,2010-01-15 17:45:00,2010,jan,Passageiro,Cabotagem,,1,,"-46.301939,-23.966053",True,2010,0,,,,,,,,,,,,,,,,,,,,,,,,,,,,,,,10.333333333314,,10.333333333314,10.333333333314
269673,8128640,Santos,Porto Organizado,BRSSZ,SSZ0915,COSIPA,TUPs Santos (cadastro antigo),,Santos,2010-01-15 07:30:00,2010-01-15 07:30:00,2010-01-15 07:30:00,2010-01-16 14:45:00,2010-01-16 14:45:00,2010,jan,Movimentação da Carga,Cabotagem,,1,3810395358,"-46.301939,-23.966053",True,2010,1,0.0,27464.0,0.0,0.0,27464.0,0.0,0.0,0.0,0.0,0.0,0.0,0.0,0.0,0.0,0.0,0.0,0.0,0.0,0.0,0.0,0.0,0.0,0.0,0.0,,2601,,,,,31.250000000058,,31.250000000058,31.250000000058
269636,9296808,Santos,Porto Organizado,BRSSZ,SSZ0803,TGG,Píer da TGG (SSZ 14) - Privativo,,Guarujá,2010-01-12 11:00:00,2010-01-15 08:25:00,2010-01-15 08:25:00,2010-01-17 03:20:00,2010-01-17 03:20:00,2010,jan,Movimentação da Carga,Longo Curso,,1,,"-46.301939,-23.966053",True,2010,1,60595.55,0.0,0.0,60595.55,0.0,0.0,0.0,0.0,0.0,0.0,0.0,60595.55,0.0,0.0,0.0,0.0,0.0,0.0,0.0,0.0,0.0,60595.55,0.0,0.0,1005,,,,69.416666666628,,42.916666666686,,42.916666666686,112.33333333331
269470,9348091,Santos,Porto Organizado,BRSSZ,SSZ0812,TECON 3,Cais da Santos Brasil (SSZ 16) - Privativo,,Guarujá,2010-01-14 22:48:00,2010-01-15 10:30:00,2010-01-15 10:30:00,2010-01-16 02:06:00,2010-01-16 02:06:00,2010,jan,Movimentação da Carga,Longo Curso,,1,,"-46.301939,-23.966053",True,2010,32,19194.433999999997,106.8,0.0,0.0,0.0,0.0,0.0,0.0,0.0,19194.433999999997,106.8,19194.433999999997,106.8,0.0,1094.0,2.0,329.0,32.0,18509.762,31.240000000000002,0.0,0.0,0.0,0.0,22G0,22G0,16.9193436928702,15.620000000000001,11.70000000007,,15.600000000035,,15.600000000035,27.300000000105
269660,9236054,Santos,Porto Organizado,BRSSZ,SSZ0921,TERM.DOW,TUPs Santos (cadastro antigo),,Santos,2010-01-15 14:45:00,2010-01-15 14:45:00,2010-01-15 14:45:00,2010-01-16 01:55:00,2010-01-16 01:55:00,2010,jan,Movimentação da Carga,Longo Curso,,1,,"-46.301939,-23.966053",True,2010,1,0.0,1138.732,0.0,0.0,0.0,0.0,1138.732,0.0,0.0,0.0,0.0,0.0,1138.732,0.0,0.0,0.0,0.0,0.0,0.0,0.0,0.0,0.0,0.0,0.0,,2910,,,,,11.16666666657,,11.16666666657,11.16666666657
269681,9266243,Santos,Porto Organizado,BRSSZ,SSZ0103,AL 03,Píer da Alamoa - Público,,Santos,2010-01-15 10:30:00,2010-01-15 15:55:00,2010-01-15 15:55:00,2010-01-18 11:25:00,2010-01-18 11:25:00,2010,jan,Movimentação da Carga,Longo Curso,,1,,"-46.301939,-23.966053",True,2010,2,9346.799,7647.539,0.0,0.0,0.0,9346.799,7647.539,0.0,0.0,0.0,0.0,9346.799,7647.539,0.0,0.0,0.0,0.0,0.0,0.0,0.0,0.0,0.0,0.0,0.0,2815,2815,,,5.4166666666861,,67.5,,67.5,72.916666666686
246684,9236054,Terminal Marítimo Dow,Terminal Autorizado,BRSP005,BRSP0050077,DOW,Terminal Marítimo Dow,,Guarujá,2010-01-15 12:45:00,2010-01-15 16:00:00,2010-01-15 16:12:00,2010-01-15 23:15:00,2010-01-16 01:30:00,2010,jan,Movimentação da Carga,Longo Curso,,1,,"-46.866,-23.9821",True,2010,1,0.0,1139.0,0.0,0.0,0.0,0.0,1139.0,0.0,0.0,0.0,0.0,0.0,1139.0,0.0,0.0,0.0,0.0,0.0,0.0,0.0,0.0,0.0,0.0,0.0,,2910,,,3.2499999999418,0.20000000012806,7.0499999999302,2.25,9.5000000000582,12.75
269598,9353228,Santos,Porto Organizado,BRSSZ,SSZ0676,ARM 35P2,Cais do Macuco - Público,,Santos,2010-01-14 22:30:00,2010-01-15 18:12:00,2010-01-15 18:12:00,2010-01-16 02:05:00,2010-01-16 02:05:00,2010,jan,Movimentação da Carga,Longo Curso,,1,,"-46.301939,-23.966053",True,2010,18,3439.793,0.0,0.0,0.0,0.0,0.0,0.0,0.0,0.0,3439.793,0.0,3321.433,0.0,0.0,203.0,0.0,0.0,0.0,3439.793,0.0,0.0,0.0,0.0,0.0,22G0,,16.944793103448276,,19.699999999953,,7.8833333333605,,7.8833333333605,27.583333333314
269465,9229685,Santos,Porto Organizado,BRSSZ,SSZ0419,ARM 19,Cais do Outeirinhos - Público,,Santos,2010-01-15 20:35:00,2010-01-15 20:35:00,2010-01-15 20:35:00,2010-01-19 17:20:00,2010-01-19 17:20:00,2010,jan,Movimentação da Carga,Longo Curso,,1,,"-46.301939,-23.966053",True,2010,1,33400.0,0.0,0.0,33400.0,0.0,0.0,0.0,0.0,0.0,0.0,0.0,33400.0,0.0,0.0,0.0,0.0,0.0,0.0,0.0,0.0,0.0,0.0,0.0,33400.0,1701,,,,,,92.749999999884,,92.749999999884,92.749999999884
269536,9334349,Santos,Porto Organizado,BRSSZ,SSZ0813,TECON 2,Cais da Santos Brasil (SSZ 16) - Privativo,,Guarujá,2010-01-16 00:12:00,2010-01-16 00:12:00,2010-01-16 00:12:00,2010-01-16 13:45:00,2010-01-16 13:45:00,2010,jan,Movimentação da Carga,Longo Curso,,1,,"-46.301939,-23.966053",True,2010,46,8793.817,608.5369999999999,0.0,0.0,0.0,0.0,0.0,0.0,0.0,8793.817,608.5369999999999,8793.817,608.5369999999999,0.0,669.0,55.0,7.0,2.0,8779.817000000001,604.737,0.0,0.0,0.0,0.0,22G0,42G0,13.123792227204785,10.995218181818181,,,13.549999999988,,13.549999999988,13.549999999988
269753,8113437,Santos,Porto Organizado,BRSSZ,SSZ0101,AL 01,Píer da Alamoa - Público,,Santos,2010-01-14 22:50:00,2010-01-16 01:25:00,2010-01-16 01:25:00,2010-01-17 10:45:00,2010-01-17 10:45:00,2010,jan,Movimentação da Carga,Cabotagem,,1,,"-46.301939,-23.966053",True,2010,1,15844.952,0.0,0.0,0.0,0.0,15844.952,0.0,0.0,0.0,0.0,0.0,0.0,0.0,0.0,0.0,0.0,0.0,0.0,0.0,0.0,0.0,0.0,0.0,0.0,2710,,,,26.583333333372,,33.333333333198,,33.333333333198,59.91666666657
269716,9252400,Santos,Porto Organizado,BRSSZ,SSZ0102,AL 02,Píer da Alamoa - Público,,Santos,2010-01-12 14:00:00,2010-01-16 02:15:00,2010-01-16 02:15:00,2010-01-18 00:05:00,2010-01-18 00:05:00,2010,jan,Movimentação da Carga,Cabotagem,,1,,"-46.301939,-23.966053",True,2010,2,20783.801,0.0,0.0,0.0,0.0,20783.801,0.0,0.0,0.0,0.0,0.0,0.0,0.0,0.0,0.0,0.0,0.0,0.0,0.0,0.0,0.0,0.0,0.0,0.0,2710,,,,84.249999999942,,45.833333333256,,45.833333333256,130.0833333332
269685,9125243,Santos,Porto Organizado,BRSSZ,SSZ0921,TERM.DOW,TUPs Santos (cadastro antigo),,Santos,2010-01-13 18:35:00,2010-01-16 02:35:00,2010-01-16 02:35:00,2010-01-17 07:15:00,2010-01-17 07:15:00,2010,jan,Movimentação da Carga,Cabotagem,,1,,"-46.301939,-23.966053",True,2010,4,0.0,13274.772,0.0,0.0,0.0,0.0,13274.772,0.0,0.0,0.0,0.0,0.0,0.0,0.0,0.0,0.0,0.0,0.0,0.0,0.0,0.0,0.0,0.0,0.0,,2815,,,56.000000000058,,28.666666666686,,28.666666666686,84.666666666744
269661,9236054,Santos,Porto Organizado,BRSSZ,SSZ0112,IB BC,Cais da Ilha Barnabé - Público,,Santos,2010-01-16 02:40:00,2010-01-16 02:40:00,2010-01-16 02:40:00,2010-01-17 01:15:00,2010-01-17 01:15:00,2010,jan,Movimentação da Carga,Longo Curso,,1,,"-46.301939,-23.966053",True,2010,4,0.0,3631.207,0.0,0.0,0.0,0.0,3631.207,0.0,0.0,0.0,0.0,0.0,3631.207,0.0,0.0,0.0,0.0,0.0,0.0,0.0,0.0,0.0,0.0,0.0,,2915,,,,,22.58333333343,,22.58333333343,22.58333333343
246701,9125243,Terminal Marítimo Dow,Terminal Autorizado,BRSP005,BRSP0050077,DOW,Terminal Marítimo Dow,,Guarujá,2010-01-13 21:30:00,2010-01-16 02:55:00,2010-01-16 03:35:00,2010-01-17 05:40:00,2010-01-17 07:10:00,2010,jan,Movimentação da Carga,Cabotagem,,1,,"-46.866,-23.9821",True,2010,4,0.0,13255.0,0.0,0.0,0.0,0.0,13255.0,0.0,0.0,0.0,0.0,0.0,0.0,0.0,0.0,0.0,0.0,0.0,0.0,0.0,0.0,0.0,0.0,0.0,,2815,,,53.416666666686,0.66666666656965,26.083333333314,1.5,28.249999999884,81.66666666657
269704,9392339,Santos,Porto Organizado,BRSSZ,SSZ0211,CS 02 + CS 01,Cais do Saboó - Público,,Santos,2010-01-16 06:15:00,2010-01-16 06:15:00,2010-01-16 06:15:00,2010-01-17 04:50:00,2010-01-17 04:50:00,2010,jan,Movimentação da Carga,Longo Curso,,1,,"-46.301939,-23.966053",True,2010,3,4171.51,63.299,0.0,0.0,0.0,0.0,0.0,4171.51,63.299,0.0,0.0,0.0,0.0,0.0,0.0,0.0,0.0,0.0,0.0,0.0,0.0,0.0,0.0,0.0,8703,8703,,,,,22.58333333343,,22.58333333343,22.58333333343
269615,9213272,Santos,Porto Organizado,BRSSZ,SSZ0812,TECON 3,Cais da Santos Brasil (SSZ 16) - Privativo,,Guarujá,2010-01-15 14:00:00,2010-01-16 06:25:00,2010-01-16 06:25:00,2010-01-17 00:55:00,2010-01-17 00:55:00,2010,jan,Movimentação da Carga,Longo Curso,,1,,"-46.301939,-23.966053",True,2010,39,9076.847000000002,1162.544,0.0,0.0,0.0,0.0,0.0,0.0,0.0,9076.847000000002,1162.544,9076.847000000002,1162.544,0.0,587.0,72.0,0.0,3.0,9076.847000000002,1155.7440000000001,0.0,0.0,0.0,0.0,22G0,42G0,15.463112436115846,16.052000000000003,16.41666666657,,18.500000000058,,18.500000000058,34.916666666628
269346,9320544,Santos,Porto Organizado,BRSSZ,SSZ0524,CONCAIS,Cais do Outeirinhos - Público,,Santos,2010-01-16 07:00:00,2010-01-16 07:00:00,2010-01-16 07:00:00,2010-01-16 18:15:00,2010-01-16 18:15:00,2010,jan,Passageiro,Cabotagem,,1,,"-46.301939,-23.966053",True,2010,0,,,,,,,,,,,,,,,,,,,,,,,,,,,,,,,11.25,,11.25,11.25
269319,9320099,Santos,Porto Organizado,BRSSZ,SSZ0423,ARMAZEM 23,Cais do Outeirinhos - Público,,Santos,2010-01-16 07:40:00,2010-01-16 07:40:00,2010-01-16 07:40:00,2010-01-16 17:35:00,2010-01-16 17:35:00,2010,jan,Passageiro,Cabotagem,,1,,"-46.301939,-23.966053",True,2010,0,,,,,,,,,,,,,,,,,,,,,,,,,,,,,,,9.9166666666861,,9.9166666666861,9.9166666666861
269309,8918136,Santos,Porto Organizado,BRSSZ,SSZ0652,ARM 31/32 + ARM 32,Cais do Macuco - Público,,Santos,2010-01-16 07:45:00,2010-01-16 07:45:00,2010-01-16 07:45:00,2010-01-16 17:32:00,2010-01-16 17:32:00,2010,jan,Passageiro,Cabotagem,,1,,"-46.301939,-23.966053",True,2010,0,,,,,,,,,,,,,,,,,,,,,,,,,,,,,,,9.783333333442,,9.783333333442,9.783333333442
269640,9352418,Santos,Porto Organizado,BRSSZ,SSZ0737,ARMAZÉM 37.1,T-37 (cadastro antigo),,Santos,2010-01-16 08:05:00,2010-01-16 08:05:00,2010-01-16 08:05:00,2010-01-16 22:20:00,2010-01-16 22:20:00,2010,jan,Movimentação da Carga,Longo Curso,,1,,"-46.301939,-23.966053",True,2010,12,28.14,8340.538999999999,0.0,0.0,0.0,0.0,0.0,0.0,0.0,28.14,8340.538999999999,0.0,8312.399,0.0,0.0,805.0,12.0,12.0,0.0,8312.399,0.0,0.0,0.0,0.0,42R0,42G0,,10.325961490683229,,,14.25,,14.25,14.25
269314,8512281,Santos,Porto Organizado,BRSSZ,SSZ0641,ARM 31,Cais do Macuco - Público,,Santos,2010-01-16 09:20:00,2010-01-16 09:20:00,2010-01-16 09:20:00,2010-01-16 18:10:00,2010-01-16 18:10:00,2010,jan,Passageiro,Cabotagem,,1,,"-46.301939,-23.966053",True,2010,0,,,,,,,,,,,,,,,,,,,,,,,,,,,,,,,8.8333333333139,,8.8333333333139,8.8333333333139
269651,9241449,Santos,Porto Organizado,BRSSZ,SSZ0213,CS 03,Cais do Saboó - Público,,Santos,2010-01-16 10:45:00,2010-01-16 10:45:00,2010-01-16 10:45:00,2010-01-16 20:30:00,2010-01-16 20:30:00,2010,jan,Movimentação da Carga,Longo Curso,,1,,"-46.301939,-23.966053",True,2010,16,2706.909,3919.627,0.0,0.0,0.0,0.0,0.0,0.0,0.0,2706.909,3919.627,2706.909,3919.627,0.0,190.0,262.0,0.0,68.0,2706.909,3783.0280000000002,0.0,0.0,0.0,0.0,42R0,42G0,14.246889473684211,14.439038167938932,,,9.75,,9.75,9.75
269605,9137521,Santos,Porto Organizado,BRSSZ,SSZ0240,CORTE,Cais da Ecoporto (SSZ 35) - Privativo,,Santos,2010-01-16 11:00:00,2010-01-16 11:00:00,2010-01-16 11:00:00,2010-01-18 23:20:00,2010-01-18 23:20:00,2010,jan,Movimentação da Carga,Longo Curso,,1,,"-46.301939,-23.966053",True,2010,33,4607.41,5272.396000000001,0.0,0.0,0.0,0.0,0.0,0.0,0.0,4607.41,5272.396000000001,4607.41,5272.396000000001,0.0,315.0,464.0,0.0,277.0,4607.41,4768.7970000000005,0.0,0.0,0.0,0.0,22G0,42G0,14.626698412698412,10.277579741379311,,,60.333333333198,,60.333333333198,60.333333333198
269616,9401063,Santos,Porto Organizado,BRSSZ,SSZ0813,TECON 2,Cais da Santos Brasil (SSZ 16) - Privativo,,Guarujá,2010-01-16 16:15:00,2010-01-16 16:15:00,2010-01-16 16:15:00,2010-01-17 03:35:00,2010-01-17 03:35:00,2010,jan,Movimentação da Carga,Longo Curso,,1,,"-46.301939,-23.966053",True,2010,17,0.0,10422.815,0.0,0.0,0.0,0.0,0.0,0.0,0.0,0.0,10422.815,0.0,10422.815,0.0,0.0,979.0,0.0,38.0,0.0,10346.815,0.0,0.0,0.0,0.0,,22G0,,10.568758937691522,,,11.333333333256,,11.333333333256,11.333333333256
269566,9363065,Santos,Porto Organizado,BRSSZ,SSZ0915,COSIPA,TUPs Santos (cadastro antigo),,Santos,2010-01-11 18:35:00,2010-01-16 17:35:00,2010-01-16 17:35:00,2010-01-20 12:10:00,2010-01-20 12:10:00,2010,jan,Movimentação da Carga,Longo Curso,,1,,"-46.301939,-23.966053",True,2010,1,0.0,47814.192,0.0,0.0,47814.192,0.0,0.0,0.0,0.0,0.0,0.0,0.0,47814.192,0.0,0.0,0.0,0.0,0.0,0.0,0.0,0.0,0.0,0.0,0.0,,2704,,,119.00000000006,,90.583333333314,,90.583333333314,209.58333333337
269690,8201507,Santos,Porto Organizado,BRSSZ,SSZ0104,AL 04,Píer da Alamoa - Público,,Santos,2010-01-16 17:40:00,2010-01-16 17:40:00,2010-01-16 17:40:00,2010-01-17 20:05:00,2010-01-17 20:05:00,2010,jan,Movimentação da Carga,Cabotagem,,1,3810395498,"-46.301939,-23.966053",True,2010,1,0.0,1893.114,0.0,0.0,0.0,0.0,1893.114,0.0,0.0,0.0,0.0,0.0,0.0,0.0,0.0,0.0,0.0,0.0,0.0,0.0,0.0,0.0,0.0,0.0,,2929,,,,,26.416666666686,,26.416666666686,26.416666666686
269719,8324385,Santos,Porto Organizado,BRSSZ,SSZ0415,ARM 15,Cais do Paquetá - Público,,Santos,2010-01-16 17:45:00,2010-01-16 17:45:00,2010-01-16 17:45:00,2010-01-18 11:20:00,2010-01-18 11:20:00,2010,jan,Movimentação da Carga,Longo Curso,,1,,"-46.301939,-23.966053",True,2010,1,0.0,10963.819,0.0,0.0,10963.819,0.0,0.0,0.0,0.0,0.0,0.0,0.0,10963.819,0.0,0.0,0.0,0.0,0.0,0.0,0.0,0.0,0.0,0.0,0.0,,2501,,,,,41.583333333198,,41.583333333198,41.583333333198
269523,9323900,Santos,Porto Organizado,BRSSZ,SSZ0416,ARM 16/17,Cais do Outeirinhos - Público,,Santos,2010-01-07 09:30:00,2010-01-16 17:55:00,2010-01-16 17:55:00,2010-01-18 19:40:00,2010-01-18 19:40:00,2010,jan,Movimentação da Carga,Longo Curso,,1,,"-46.301939,-23.966053",True,2010,1,46000.0,0.0,0.0,46000.0,0.0,0.0,0.0,0.0,0.0,0.0,0.0,46000.0,0.0,0.0,0.0,0.0,0.0,0.0,0.0,0.0,0.0,0.0,0.0,46000.0,1701,,,,224.41666666669,,49.749999999942,,49.749999999942,274.16666666663
262695,9363065,Terminal Marítimo Privativo de Cubatão - TMPC,Terminal Autorizado,BRSP002,BRSP0020005,Cais II #5,Terminal Marítimo Privativo de Cubatão - TMPC,,Cubatão,2010-01-11 18:05:00,2010-01-16 18:10:00,2010-01-16 19:10:00,2010-01-20 09:30:00,2010-01-20 12:10:00,2010,jan,Movimentação da Carga,Longo Curso,,1,,"-46.3764,-23.8708",True,2010,1,0.0,47814.193,0.0,0.0,47814.193,0.0,0.0,0.0,0.0,0.0,0.0,0.0,47814.193,0.0,0.0,0.0,0.0,0.0,0.0,0.0,0.0,0.0,0.0,0.0,,2704,,,120.08333333343,0.99999999994179,86.33333333343,2.6666666666279,90.0,210.08333333343
269680,7639927,Santos,Porto Organizado,BRSSZ,SSZ0759,ARM 39,Cais da Ponta da Praia - Público,,Santos,2010-01-10 19:00:00,2010-01-16 21:40:00,2010-01-16 21:40:00,2010-01-20 19:10:00,2010-01-20 19:10:00,2010,jan,Movimentação da Carga,Longo Curso,,1,,"-46.301939,-23.966053",True,2010,1,0.0,11619.45,0.0,0.0,11619.45,0.0,0.0,0.0,0.0,0.0,0.0,0.0,11619.45,0.0,0.0,0.0,0.0,0.0,0.0,0.0,0.0,0.0,0.0,0.0,,1001,,,146.6666666668,,93.499999999884,,93.499999999884,240.16666666669
269692,8714918,Santos,Porto Organizado,BRSSZ,SSZ0413,ARM 13/14,Cais do Paquetá - Público,,Santos,2010-01-16 22:47:00,2010-01-16 22:47:00,2010-01-16 22:47:00,2010-01-21 14:15:00,2010-01-21 14:15:00,2010,jan,Movimentação da Carga,Longo Curso,,1,,"-46.301939,-23.966053",True,2010,1,0.0,16718.383,0.0,0.0,16718.383,0.0,0.0,0.0,0.0,0.0,0.0,0.0,16718.383,0.0,0.0,0.0,0.0,0.0,0.0,0.0,0.0,0.0,0.0,0.0,,1001,,,,,111.46666666662,,111.46666666662,111.46666666662
269547,9233844,Santos,Porto Organizado,BRSSZ,SSZ0214,CS 04,Cais da Ecoporto (SSZ 35) - Privativo,,Santos,2010-01-14 09:48:00,2010-01-17 02:00:00,2010-01-17 02:00:00,2010-01-18 12:30:00,2010-01-18 12:30:00,2010,jan,Movimentação da Carga,Longo Curso,,1,,"-46.301939,-23.966053",True,2010,33,2214.987,10670.581,0.0,0.0,0.0,0.0,0.0,0.0,0.0,2214.987,10670.581,2214.987,10670.581,0.0,113.0,732.0,246.0,303.0,1652.778,9990.781,0.0,0.0,0.0,0.0,42G0,22G0,14.626353982300886,13.648607923497268,64.20000000007,,34.5,,34.5,98.70000000007
269588,9354052,Santos,Porto Organizado,BRSSZ,SSZ0914,COSIPA,TUPs Santos (cadastro antigo),,Santos,2010-01-05 19:03:00,2010-01-17 02:15:00,2010-01-17 02:15:00,2010-01-22 21:00:00,2010-01-22 21:00:00,2010,jan,Movimentação da Carga,Longo Curso,,1,,"-46.301939,-23.966053",True,2010,1,12386.876,0.0,0.0,12386.876,0.0,0.0,0.0,0.0,0.0,0.0,0.0,12386.876,0.0,0.0,0.0,0.0,0.0,0.0,0.0,0.0,0.0,0.0,0.0,0.0,2713,,,,271.20000000007,,138.75,,138.75,409.95000000007
269517,7525970,Santos,Porto Organizado,BRSSZ,SSZ0526,SUGADOR 26,Cais do Outeirinhos - Público,,Santos,2009-12-31 17:00:00,2010-01-17 03:40:00,2010-01-17 03:40:00,2010-01-29 06:40:00,2010-01-29 06:40:00,2010,jan,Movimentação da Carga,Longo Curso,,1,,"-46.301939,-23.966053",True,2010,1,0.0,26221.209,0.0,0.0,26221.209,0.0,0.0,0.0,0.0,0.0,0.0,0.0,0.0,0.0,0.0,0.0,0.0,0.0,0.0,0.0,0.0,0.0,0.0,0.0,,2302,,,394.66666666669,,,,,685.66666666669
269535,9000742,Santos,Porto Organizado,BRSSZ,SSZ0812,TECON 3,Cais da Santos Brasil (SSZ 16) - Privativo,,Guarujá,2010-01-16 15:10:00,2010-01-17 03:40:00,2010-01-17 03:40:00,2010-01-17 13:05:00,2010-01-17 13:05:00,2010,jan,Movimentação da Carga,Longo Curso,,1,3810474584,"-46.301939,-23.966053",True,2010,20,5884.426,443.504,0.0,0.0,0.0,0.0,0.0,0.0,0.0,5884.426,443.504,0.0,0.0,0.0,443.0,26.0,0.0,0.0,5884.426,443.504,0.0,0.0,0.0,0.0,42G0,22G0,13.283128668171559,17.057846153846153,12.500000000058,,9.4166666666279,,9.4166666666279,21.916666666686
269696,8316728,Santos,Porto Organizado,BRSSZ,SSZ0112,IB BC,Cais da Ilha Barnabé - Público,,Santos,2010-01-16 11:55:00,2010-01-17 03:45:00,2010-01-17 03:45:00,2010-01-19 05:30:00,2010-01-19 05:30:00,2010,jan,Movimentação da Carga,Longo Curso,,1,,"-46.301939,-23.966053",True,2010,2,6220.604,0.0,0.0,0.0,0.0,6220.604,0.0,0.0,0.0,0.0,0.0,6220.604,0.0,0.0,0.0,0.0,0.0,0.0,0.0,0.0,0.0,0.0,0.0,0.0,2207,,,,15.833333333256,,49.749999999942,,49.749999999942,65.583333333198
269334,9070632,Santos,Porto Organizado,BRSSZ,SSZ0423,ARMAZEM 23,Cais do Outeirinhos - Público,,Santos,2010-01-17 06:55:00,2010-01-17 06:55:00,2010-01-17 06:55:00,2010-01-17 17:45:00,2010-01-17 17:45:00,2010,jan,Passageiro,Cabotagem,,1,,"-46.301939,-23.966053",True,2010,0,,,,,,,,,,,,,,,,,,,,,,,,,,,,,,,10.833333333372,,10.833333333372,10.833333333372
269324,8716899,Santos,Porto Organizado,BRSSZ,SSZ0641,ARM 31,Cais do Macuco - Público,,Santos,2010-01-17 07:20:00,2010-01-17 07:20:00,2010-01-17 07:20:00,2010-01-17 17:10:00,2010-01-17 17:10:00,2010,jan,Passageiro,Cabotagem,,1,,"-46.301939,-23.966053",True,2010,0,,,,,,,,,,,,,,,,,,,,,,,,,,,,,,,9.8333333334303,,9.8333333334303,9.8333333334303
269303,9320087,Santos,Porto Organizado,BRSSZ,SSZ0524,CONCAIS,Cais do Outeirinhos - Público,,Santos,2010-01-17 13:05:00,2010-01-17 13:05:00,2010-01-17 13:05:00,2010-01-17 22:25:00,2010-01-17 22:25:00,2010,jan,Passageiro,Longo Curso,,1,,"-46.301939,-23.966053",True,2010,0,,,,,,,,,,,,,,,,,,,,,,,,,,,,,,,9.3333333333721,,9.3333333333721,9.3333333333721
269744,8301814,Santos,Porto Organizado,BRSSZ,SSZ0101,AL 01,Píer da Alamoa - Público,,Santos,2010-01-15 11:50:00,2010-01-17 13:15:00,2010-01-17 13:15:00,2010-01-19 17:40:00,2010-01-19 17:40:00,2010,jan,Movimentação da Carga,Cabotagem,,1,3810474380,"-46.301939,-23.966053",True,2010,2,16740.359,0.0,0.0,0.0,0.0,16740.359,0.0,0.0,0.0,0.0,0.0,0.0,0.0,0.0,0.0,0.0,0.0,0.0,0.0,0.0,0.0,0.0,0.0,0.0,2710,,,,49.416666666744,,52.41666666657,,52.41666666657,101.83333333331
269511,8918215,Santos,Porto Organizado,BRSSZ,SSZ0652,ARM 31/32 + ARM 32,Cais do Macuco - Público,,Santos,2010-01-17 17:05:00,2010-01-17 17:05:00,2010-01-17 17:05:00,2010-01-21 01:40:00,2010-01-21 01:40:00,2010,jan,Movimentação da Carga,Longo Curso,,1,,"-46.301939,-23.966053",True,2010,1,0.0,9986.299,0.0,0.0,0.0,0.0,0.0,0.0,9986.299,0.0,0.0,0.0,9986.299,0.0,0.0,0.0,0.0,0.0,0.0,0.0,0.0,0.0,0.0,0.0,,4801,,,,,80.583333333372,,80.583333333372,80.583333333372
269695,9326316,Santos,Porto Organizado,BRSSZ,SSZ0527,ARMAZÉM 27,Cais do Outeirinhos - Público,,Santos,2010-01-17 00:30:00,2010-01-17 17:10:00,2010-01-17 17:10:00,2010-01-20 17:05:00,2010-01-20 17:05:00,2010,jan,Movimentação da Carga,Longo Curso,,1,,"-46.301939,-23.966053",True,2010,2,0.0,10822.388,0.0,0.0,0.0,0.0,0.0,0.0,10822.388,0.0,0.0,0.0,10822.388,0.0,0.0,0.0,0.0,0.0,0.0,0.0,0.0,0.0,0.0,0.0,,7208,,,16.666666666686,,71.91666666657,,71.91666666657,88.583333333256
269707,9253210,Santos,Porto Organizado,BRSSZ,SSZ0814,TECON 1.1,Cais da Santos Brasil (SSZ 16) - Privativo,,Guarujá,2010-01-17 17:10:00,2010-01-17 17:10:00,2010-01-17 17:10:00,2010-01-18 18:10:00,2010-01-18 18:10:00,2010,jan,Movimentação da Carga,Longo Curso,,1,,"-46.301939,-23.966053",True,2010,16,5178.5109999999995,809.599,0.0,0.0,0.0,0.0,0.0,302.776,801.25,4875.734999999999,8.349,5178.5109999999995,809.599,0.0,188.0,2.0,2.0,0.0,4871.734999999999,8.349,0.0,0.0,0.0,0.0,22G0,8709,25.913484042553186,4.1745,,,24.999999999942,,24.999999999942,24.999999999942
269686,8914312,Santos,Porto Organizado,BRSSZ,SSZ0913,COSIPA,TUPs Santos (cadastro antigo),,Santos,2010-01-17 20:50:00,2010-01-17 20:50:00,2010-01-17 20:50:00,2010-01-20 20:40:00,2010-01-20 20:40:00,2010,jan,Movimentação da Carga,Longo Curso,,1,,"-46.301939,-23.966053",True,2010,1,0.0,5583.503,0.0,0.0,0.0,0.0,0.0,0.0,5583.503,0.0,0.0,0.0,5583.503,0.0,0.0,0.0,0.0,0.0,0.0,0.0,0.0,0.0,0.0,0.0,,7209,,,,,71.833333333314,,71.833333333314,71.833333333314
262716,8914312,Terminal Marítimo Privativo de Cubatão - TMPC,Terminal Autorizado,BRSP002,BRSP0020003,Cais I #3,Terminal Marítimo Privativo de Cubatão - TMPC,,Cubatão,2010-01-17 18:00:00,2010-01-17 21:15:00,2010-01-18 05:50:00,2010-01-20 17:00:00,2010-01-20 20:45:00,2010,jan,Movimentação da Carga,Longo Curso,,1,,"-46.3764,-23.8708",True,2010,1,0.0,5583.504,0.0,0.0,0.0,0.0,0.0,0.0,5583.504,0.0,0.0,0.0,5583.504,0.0,0.0,0.0,0.0,0.0,0.0,0.0,0.0,0.0,0.0,0.0,,7209,,,3.2499999999418,8.5833333333721,59.166666666744,3.75,71.500000000116,74.750000000058
269559,9143207,Santos,Porto Organizado,BRSSZ,SSZ0104,AL 04,Píer da Alamoa - Público,,Santos,2010-01-15 23:25:00,2010-01-17 22:38:00,2010-01-17 22:38:00,2010-01-22 16:40:00,2010-01-22 16:40:00,2010,jan,Movimentação da Carga,Longo Curso,,1,,"-46.301939,-23.966053",True,2010,4,0.0,18091.628999999997,0.0,0.0,0.0,0.0,18091.628999999997,0.0,0.0,0.0,0.0,0.0,18091.628999999997,0.0,0.0,0.0,0.0,0.0,0.0,0.0,0.0,0.0,0.0,0.0,,2809,,,47.216666666733,,114.03333333327,,114.03333333327,161.25
269706,9236664,Santos,Porto Organizado,BRSSZ,SSZ0212,CS.2,Cais do Saboó - Público,,Santos,2010-01-17 23:30:00,2010-01-17 23:30:00,2010-01-17 23:30:00,2010-01-18 11:15:00,2010-01-18 11:15:00,2010,jan,Movimentação da Carga,Cabotagem,,1,,"-46.301939,-23.966053",True,2010,8,853.7030000000001,3530.495,0.0,0.0,0.0,0.0,0.0,0.0,0.0,853.7030000000001,3530.495,853.7030000000001,3530.495,0.0,100.0,176.0,0.0,0.0,853.7030000000001,3530.495,0.0,0.0,0.0,0.0,42G0,22G0,8.537030000000001,20.05963068181818,,,11.750000000058,,11.750000000058,11.750000000058
269652,9202481,Santos,Porto Organizado,BRSSZ,SSZ0213,CS 03,Cais do Saboó - Público,,Santos,2010-01-18 01:25:00,2010-01-18 01:25:00,2010-01-18 01:25:00,2010-01-18 07:05:00,2010-01-18 07:05:00,2010,jan,Movimentação da Carga,Longo Curso,,1,,"-46.301939,-23.966053",True,2010,7,43.19,628.19,0.0,0.0,0.0,0.0,0.0,0.0,0.0,43.19,628.19,43.19,628.19,0.0,4.0,4.0,2.0,262.0,39.19,39.19,0.0,0.0,0.0,0.0,42G0,42R0,9.7975,9.7975,,,5.6666666666279,,5.6666666666279,5.6666666666279
269493,9348053,Santos,Porto Organizado,BRSSZ,SSZ0676,ARM 35P2,Cais do Macuco - Público,,Santos,2010-01-18 05:54:00,2010-01-18 05:54:00,2010-01-18 05:54:00,2010-01-20 03:50:00,2010-01-20 03:50:00,2010,jan,Movimentação da Carga,Longo Curso,,1,,"-46.301939,-23.966053",True,2010,63,18301.227000000003,1773.019,0.0,0.0,0.0,0.0,0.0,0.0,0.0,18301.227000000003,1773.019,17703.957000000002,1175.749,0.0,1041.0,106.0,1393.0,2.0,15343.900000000001,1769.019,0.0,0.0,0.0,0.0,42G0,22G0,14.739577329490876,16.688858490566037,,,45.933333333232,,45.933333333232,45.933333333232
269340,9116876,Santos,Porto Organizado,BRSSZ,SSZ0524,CONCAIS,Cais do Outeirinhos - Público,,Santos,2010-01-18 06:05:00,2010-01-18 06:05:00,2010-01-18 06:05:00,2010-01-18 17:55:00,2010-01-18 17:55:00,2010,jan,Passageiro,Cabotagem,,1,,"-46.301939,-23.966053",True,2010,0,,,,,,,,,,,,,,,,,,,,,,,,,,,,,,,11.833333333489,,11.833333333489,11.833333333489
269594,9360764,Santos,Porto Organizado,BRSSZ,SSZ0812,TECON 3,Cais da Santos Brasil (SSZ 16) - Privativo,,Guarujá,2010-01-17 02:24:00,2010-01-18 06:05:00,2010-01-18 06:05:00,2010-01-18 18:20:00,2010-01-18 18:20:00,2010,jan,Movimentação da Carga,Longo Curso,,1,,"-46.301939,-23.966053",True,2010,29,1181.1180000000002,7703.364,0.0,0.0,0.0,0.0,0.0,0.0,0.0,1181.1180000000002,7703.364,1181.1180000000002,7703.364,0.0,105.0,791.0,13.0,65.0,1146.259,7560.981000000001,0.0,0.0,0.0,0.0,22G0,42G0,10.916752380952381,9.558762326169406,27.683333333291,,12.250000000116,,12.250000000116,39.933333333407
269674,9372494,Santos,Porto Organizado,BRSSZ,SSZ0813,TECON 2,Cais da Santos Brasil (SSZ 16) - Privativo,,Guarujá,2010-01-16 08:30:00,2010-01-18 06:35:00,2010-01-18 06:35:00,2010-01-18 20:05:00,2010-01-18 20:05:00,2010,jan,Movimentação da Carga,Longo Curso,,1,,"-46.301939,-23.966053",True,2010,29,16013.185999999998,1590.567,0.0,0.0,0.0,0.0,0.0,0.0,0.0,16013.185999999998,1590.567,16013.185999999998,1590.567,0.0,983.0,108.0,28.0,0.0,15956.728,1590.567,0.0,0.0,0.0,0.0,42G0,42G0,16.232683621566633,14.727472222222222,46.083333333372,,13.5,,13.5,59.583333333372
269617,9273923,Santos,Porto Organizado,BRSSZ,SSZ0811,TECON 1.2,Cais da Santos Brasil (SSZ 16) - Privativo,,Guarujá,2010-01-18 07:15:00,2010-01-18 07:15:00,2010-01-18 07:15:00,2010-01-19 02:10:00,2010-01-19 02:10:00,2010,jan,Movimentação da Carga,Cabotagem,,1,,"-46.301939,-23.966053",True,2010,30,3598.194000000001,3525.897,0.0,0.0,0.0,0.0,0.0,0.0,0.0,3598.194000000001,3525.897,0.0,0.0,0.0,334.0,329.0,0.0,100.0,3598.194000000001,3327.988,0.0,0.0,0.0,0.0,42G0,42G0,10.773035928143715,10.115465045592705,,,18.916666666686,,18.916666666686,18.916666666686
269491,9356141,Santos,Porto Organizado,BRSSZ,SSZ0665,ARM 35.0,Libra Terminais S/A (cadastro antigo),,Santos,2010-01-18 07:27:00,2010-01-18 07:27:00,2010-01-18 07:27:00,2010-01-19 00:25:00,2010-01-19 00:25:00,2010,jan,Movimentação da Carga,Cabotagem,,1,0010223878,"-46.301939,-23.966053",True,2010,29,8245.610000000002,2121.9150000000004,0.0,0.0,0.0,0.0,0.0,0.0,0.0,8245.610000000002,2121.9150000000004,0.0,0.0,0.0,525.0,241.0,0.0,16.0,8245.610000000002,2079.7050000000004,0.0,0.0,0.0,0.0,22G0,42G0,15.705923809523814,8.629481327800832,,,16.966666666616,,16.966666666616,16.966666666616
269663,9256377,Santos,Porto Organizado,BRSSZ,SSZ0213,CS 03,Cais do Saboó - Público,,Santos,2010-01-18 07:40:00,2010-01-18 07:40:00,2010-01-18 07:40:00,2010-01-19 03:20:00,2010-01-19 03:20:00,2010,jan,Movimentação da Carga,Longo Curso,,1,,"-46.301939,-23.966053",True,2010,17,7381.305000000001,0.0,0.0,0.0,0.0,0.0,0.0,0.0,0.0,7381.305000000001,0.0,7381.305000000001,0.0,0.0,508.0,0.0,0.0,0.0,7381.305000000001,0.0,0.0,0.0,0.0,0.0,42G0,,14.530127952755908,,,,19.666666666686,,19.666666666686,19.666666666686
269726,7522136,Santos,Porto Organizado,BRSSZ,SSZ0902,ULTRAFERTIL,TUPs Santos (cadastro antigo),,Santos,2010-01-18 09:20:00,2010-01-18 09:20:00,2010-01-18 09:20:00,2010-01-18 19:45:00,2010-01-18 19:45:00,2010,jan,Reparo/Manutenção,Cabotagem,,1,,"-46.301939,-23.966053",True,2010,0,,,,,,,,,,,,,,,,,,,,,,,,,,,,,,,10.41666666657,,10.41666666657,10.41666666657
269682,9266243,Santos,Porto Organizado,BRSSZ,SSZ0111,IB SP,Cais da Ilha Barnabé - Público,,Santos,2010-01-18 12:05:00,2010-01-18 12:05:00,2010-01-18 12:05:00,2010-01-19 11:55:00,2010-01-19 11:55:00,2010,jan,Movimentação da Carga,Longo Curso,,1,,"-46.301939,-23.966053",True,2010,1,0.0,2338.655,0.0,0.0,0.0,0.0,2338.655,0.0,0.0,0.0,0.0,0.0,0.0,0.0,0.0,0.0,0.0,0.0,0.0,0.0,0.0,0.0,0.0,0.0,,2710,,,,,23.833333333489,,23.833333333489,23.833333333489
269720,8324385,Santos,Porto Organizado,BRSSZ,SSZ0420,ARM 20/21,Cais do Outeirinhos - Público,,Santos,2010-01-18 12:05:00,2010-01-18 12:05:00,2010-01-18 12:05:00,2010-01-23 18:20:00,2010-01-23 18:20:00,2010,jan,Movimentação da Carga,Longo Curso,,1,,"-46.301939,-23.966053",True,2010,1,0.0,32012.159,0.0,0.0,32012.159,0.0,0.0,0.0,0.0,0.0,0.0,0.0,32012.159,0.0,0.0,0.0,0.0,0.0,0.0,0.0,0.0,0.0,0.0,0.0,,2501,,,,,126.25000000012,,126.25000000012,126.25000000012
269644,9007544,Santos,Porto Organizado,BRSSZ,SSZ0415,ARM 15,Cais do Paquetá - Público,,Santos,2010-01-18 06:00:00,2010-01-18 12:10:00,2010-01-18 12:10:00,2010-01-19 03:10:00,2010-01-19 03:10:00,2010,jan,Movimentação da Carga,Longo Curso,,1,,"-46.301939,-23.966053",True,2010,1,7000.0,0.0,0.0,0.0,0.0,0.0,0.0,7000.0,0.0,0.0,0.0,7000.0,0.0,0.0,0.0,0.0,0.0,0.0,0.0,0.0,0.0,0.0,0.0,0.0,3912,,,,6.1666666666861,,15.0,,15.0,21.166666666686
269745,9252943,Santos,Porto Organizado,BRSSZ,SSZ0102,AL 02,Píer da Alamoa - Público,,Santos,2010-01-18 08:00:00,2010-01-18 13:40:00,2010-01-18 13:40:00,2010-01-20 01:45:00,2010-01-20 01:45:00,2010,jan,Movimentação da Carga,Longo Curso,,1,,"-46.301939,-23.966053",True,2010,1,40270.364,0.0,0.0,0.0,0.0,40270.364,0.0,0.0,0.0,0.0,0.0,0.0,0.0,0.0,0.0,0.0,0.0,0.0,0.0,0.0,0.0,0.0,0.0,0.0,2710,,,,5.6666666666279,,36.083333333256,,36.083333333256,41.749999999884
269723,9309576,Santos,Porto Organizado,BRSSZ,SSZ0103,AL 03,Píer da Alamoa - Público,,Santos,2010-01-18 13:45:00,2010-01-18 13:45:00,2010-01-18 13:45:00,2010-01-21 05:00:00,2010-01-21 05:00:00,2010,jan,Movimentação da Carga,Longo Curso,,1,,"-46.301939,-23.966053",True,2010,1,0.0,41502.625,0.0,0.0,0.0,0.0,41502.625,0.0,0.0,0.0,0.0,0.0,41502.625,0.0,0.0,0.0,0.0,0.0,0.0,0.0,0.0,0.0,0.0,0.0,,2710,,,,,63.250000000116,,63.250000000116,63.250000000116
269645,9439709,Santos,Porto Organizado,BRSSZ,SSZ0214,CS 04,Cais da Ecoporto (SSZ 35) - Privativo,,Santos,2010-01-18 03:30:00,2010-01-18 16:05:00,2010-01-18 16:05:00,2010-01-20 01:06:00,2010-01-20 01:06:00,2010,jan,Movimentação da Carga,Longo Curso,,1,,"-46.301939,-23.966053",True,2010,38,274.48600000000005,15762.059000000003,0.0,0.0,0.0,0.0,0.0,0.0,0.0,274.48600000000005,15762.059000000003,274.48600000000005,15762.059000000003,0.0,21.0,1511.0,20.0,64.0,235.38600000000002,15618.059000000003,0.0,0.0,0.0,0.0,22G0,42G0,11.208857142857145,10.336240238252815,12.583333333314,,33.016666666546,,33.016666666546,45.59999999986
269708,8321333,Santos,Porto Organizado,BRSSZ,SSZ0814,TECON 1.1,Cais da Santos Brasil (SSZ 16) - Privativo,,Guarujá,2010-01-18 14:20:00,2010-01-18 20:20:00,2010-01-18 20:20:00,2010-01-19 15:12:00,2010-01-19 15:12:00,2010,jan,Movimentação da Carga,Longo Curso,,1,,"-46.301939,-23.966053",True,2010,6,2202.118,765.6500000000001,0.0,0.0,0.0,0.0,0.0,2202.118,765.6500000000001,0.0,0.0,2202.118,765.6500000000001,0.0,0.0,0.0,0.0,0.0,0.0,0.0,0.0,0.0,0.0,0.0,8703,8704,,,6.0,,18.866666666698,,18.866666666698,24.866666666698
269727,7522136,Santos,Porto Organizado,BRSSZ,SSZ0653,ARM 33,Cais do Macuco - Público,,Santos,2010-01-18 20:25:00,2010-01-18 20:25:00,2010-01-18 20:25:00,2010-01-19 03:55:00,2010-01-19 03:55:00,2010,jan,Reparo/Manutenção,Cabotagem,,1,,"-46.301939,-23.966053",True,2010,0,,,,,,,,,,,,,,,,,,,,,,,,,,,,,,,7.5,,7.5,7.5
269730,9254472,Santos,Porto Organizado,BRSSZ,SSZ0321,ARMAZEM 11,Cais Público - Valongo (cadastro antigo),,Santos,2010-01-17 03:14:00,2010-01-18 22:40:00,2010-01-18 22:40:00,2010-01-21 19:45:00,2010-01-21 19:45:00,2010,jan,Movimentação da Carga,Longo Curso,,1,,"-46.301939,-23.966053",True,2010,3,0.0,3030.948,0.0,0.0,0.0,0.0,0.0,0.0,3030.948,0.0,0.0,0.0,3030.948,0.0,0.0,0.0,0.0,0.0,0.0,0.0,0.0,0.0,0.0,0.0,,7210,,,43.433333333291,,69.083333333256,,69.083333333256,112.51666666655
269670,9244037,Santos,Porto Organizado,BRSSZ,SSZ0630,ARM 29/30 + ARM 30,Cais do Macuco - Público,,Santos,2010-01-12 12:43:00,2010-01-19 01:05:00,2010-01-19 01:05:00,2010-01-23 23:08:00,2010-01-23 23:08:00,2010,jan,Movimentação da Carga,Longo Curso,,1,,"-46.301939,-23.966053",True,2010,1,0.0,25905.0,0.0,0.0,25905.0,0.0,0.0,0.0,0.0,0.0,0.0,0.0,25905.0,0.0,0.0,0.0,0.0,0.0,0.0,0.0,0.0,0.0,0.0,0.0,,1001,,,156.36666666664,,118.04999999993,,118.04999999993,274.41666666657
269500,8918227,Santos,Porto Organizado,BRSSZ,SSZ0415,ARM 15,Cais do Paquetá - Público,,Santos,2010-01-19 04:30:00,2010-01-19 04:30:00,2010-01-19 04:30:00,2010-01-21 15:10:00,2010-01-21 15:10:00,2010,jan,Movimentação da Carga,Longo Curso,,1,,"-46.301939,-23.966053",True,2010,1,23320.0,0.0,0.0,0.0,0.0,0.0,0.0,23320.0,0.0,0.0,0.0,23320.0,0.0,0.0,0.0,0.0,0.0,0.0,0.0,0.0,0.0,0.0,0.0,0.0,3912,,,,,,58.666666666686,,58.666666666686,58.666666666686
269691,8405000,Santos,Porto Organizado,BRSSZ,SSZ0213,CS 03,Cais do Saboó - Público,,Santos,2010-01-19 05:40:00,2010-01-19 05:40:00,2010-01-19 05:40:00,2010-01-20 04:10:00,2010-01-20 04:10:00,2010,jan,Movimentação da Carga,Longo Curso,,1,,"-46.301939,-23.966053",True,2010,3,1484.315,0.0,0.0,0.0,0.0,0.0,0.0,0.0,0.0,1484.315,0.0,1484.315,0.0,0.0,140.0,0.0,0.0,0.0,1484.315,0.0,0.0,0.0,0.0,0.0,49G9,,10.60225,,,,22.5,,22.5,22.5
269705,9382097,Santos,Porto Organizado,BRSSZ,SSZ0211,CS 02 + CS 01,Cais do Saboó - Público,,Santos,2010-01-19 06:00:00,2010-01-19 06:00:00,2010-01-19 06:00:00,2010-01-20 11:20:00,2010-01-20 11:20:00,2010,jan,Movimentação da Carga,Longo Curso,,1,,"-46.301939,-23.966053",True,2010,1,3654.351,0.0,0.0,0.0,0.0,0.0,0.0,3654.351,0.0,0.0,0.0,0.0,0.0,0.0,0.0,0.0,0.0,0.0,0.0,0.0,0.0,0.0,0.0,0.0,8703,,,,,,29.333333333256,,29.333333333256,29.333333333256
269741,9315056,Santos,Porto Organizado,BRSSZ,SSZ0112,IB BC,Cais da Ilha Barnabé - Público,,Santos,2010-01-17 04:30:00,2010-01-19 06:45:00,2010-01-19 06:45:00,2010-01-20 17:35:00,2010-01-20 17:35:00,2010,jan,Movimentação da Carga,Longo Curso,,1,,"-46.301939,-23.966053",True,2010,2,0.0,12706.026,0.0,0.0,0.0,0.0,12706.026,0.0,0.0,0.0,0.0,0.0,4164.6,0.0,0.0,0.0,0.0,0.0,0.0,0.0,0.0,0.0,0.0,0.0,,2710,,,50.25,,34.833333333372,,34.833333333372,85.083333333372
269669,8103183,Santos,Porto Organizado,BRSSZ,SSZ0423,ARMAZEM 23,Cais do Outeirinhos - Público,,Santos,2010-01-19 06:55:00,2010-01-19 06:55:00,2010-01-19 06:55:00,2010-01-20 11:50:00,2010-01-20 11:50:00,2010,jan,Movimentação da Carga,Longo Curso,,1,,"-46.301939,-23.966053",True,2010,1,0.0,5019.239,0.0,0.0,5019.239,0.0,0.0,0.0,0.0,0.0,0.0,0.0,5019.239,0.0,0.0,0.0,0.0,0.0,0.0,0.0,0.0,0.0,0.0,0.0,,3104,,,,,28.916666666628,,28.916666666628,28.916666666628
269618,9357951,Santos,Porto Organizado,BRSSZ,SSZ0813,TECON 2,Cais da Santos Brasil (SSZ 16) - Privativo,,Guarujá,2010-01-19 07:35:00,2010-01-19 07:35:00,2010-01-19 07:35:00,2010-01-20 09:40:00,2010-01-20 09:40:00,2010,jan,Movimentação da Carga,Longo Curso,,1,,"-46.301939,-23.966053",True,2010,26,823.777,29260.215,0.0,0.0,0.0,0.0,0.0,0.0,0.0,823.777,29260.215,823.777,29260.215,0.0,2.0,2322.0,400.0,3.0,13.39,29253.276,0.0,0.0,0.0,0.0,42G0,42G0,6.695,12.59831007751938,,,26.083333333489,,26.083333333489,26.083333333489
269657,9322346,Santos,Porto Organizado,BRSSZ,SSZ0737,ARMAZÉM 37.1,T-37 (cadastro antigo),,Santos,2010-01-19 08:15:00,2010-01-19 08:15:00,2010-01-19 08:15:00,2010-01-20 14:15:00,2010-01-20 14:15:00,2010,jan,Movimentação da Carga,Longo Curso,,1,,"-46.301939,-23.966053",True,2010,51,1655.08,11782.784999999996,0.0,0.0,0.0,0.0,0.0,0.0,0.0,1655.08,11782.784999999996,0.0,10999.094999999996,0.0,128.0,861.0,73.0,255.0,1470.298,11180.915999999997,0.0,0.0,0.0,0.0,42G0,22G0,11.486703125,12.985965156794423,,,30.0,,30.0,30.0
269492,9190755,Santos,Porto Organizado,BRSSZ,SSZ0665,ARM 35.0,Libra Terminais S/A (cadastro antigo),,Santos,2010-01-19 11:50:00,2010-01-19 11:50:00,2010-01-19 11:50:00,2010-01-20 12:25:00,2010-01-20 12:25:00,2010,jan,Movimentação da Carga,Longo Curso,,1,,"-46.301939,-23.966053",True,2010,24,8269.765000000001,1026.438,0.0,0.0,0.0,0.0,0.0,0.0,0.0,8269.765000000001,1026.438,8050.08,906.4200000000001,0.0,456.0,91.0,358.0,0.0,7554.125,1026.438,0.0,0.0,0.0,0.0,42R0,42G0,16.56606359649123,11.279538461538463,,,24.583333333314,,24.583333333314,24.583333333314
269731,8610019,Santos,Porto Organizado,BRSSZ,SSZ0111,IB SP,Cais da Ilha Barnabé - Público,,Santos,2010-01-19 13:10:00,2010-01-19 13:10:00,2010-01-19 13:10:00,2010-01-22 16:18:00,2010-01-22 16:18:00,2010,jan,Movimentação da Carga,Cabotagem,,1,,"-46.301939,-23.966053",True,2010,8,3546.4950000000003,7236.562,0.0,0.0,0.0,3546.4950000000003,7236.562,0.0,0.0,0.0,0.0,0.0,0.0,0.0,0.0,0.0,0.0,0.0,0.0,0.0,0.0,0.0,0.0,0.0,2207,2710,,,,,75.133333333419,,75.133333333419,75.133333333419
269646,9227285,Santos,Porto Organizado,BRSSZ,SSZ0812,TECON 3,Cais da Santos Brasil (SSZ 16) - Privativo,,Guarujá,2010-01-19 16:18:00,2010-01-19 16:18:00,2010-01-19 16:18:00,2010-01-20 15:47:00,2010-01-20 15:47:00,2010,jan,Movimentação da Carga,Longo Curso,,1,,"-46.301939,-23.966053",True,2010,33,0.0,14481.158000000001,0.0,0.0,0.0,0.0,0.0,0.0,0.0,0.0,14481.158000000001,0.0,14481.158000000001,0.0,0.0,1197.0,0.0,428.0,0.0,13520.291000000001,0.0,0.0,0.0,0.0,,42G0,,11.295147034252299,,,23.483333333221,,23.483333333221,23.483333333221
269675,9216999,Santos,Porto Organizado,BRSSZ,SSZ0811,TECON 1.2,Cais da Santos Brasil (SSZ 16) - Privativo,,Guarujá,2010-01-19 19:35:00,2010-01-19 19:35:00,2010-01-19 19:35:00,2010-01-20 23:05:00,2010-01-20 23:05:00,2010,jan,Movimentação da Carga,Longo Curso,,1,,"-46.301939,-23.966053",True,2010,16,12208.304999999998,912.5889999999999,0.0,0.0,0.0,0.0,0.0,0.0,0.0,12208.304999999998,912.5889999999999,12208.304999999998,912.5889999999999,0.0,685.0,43.0,5.0,105.0,12197.904999999999,679.4,0.0,0.0,0.0,0.0,22G0,42G0,17.807160583941606,15.799999999999999,,,27.500000000058,,27.500000000058,27.500000000058
269755,7801702,Santos,Porto Organizado,BRSSZ,SSZ0101,AL 01,Píer da Alamoa - Público,,Santos,2010-01-17 03:00:00,2010-01-20 00:55:00,2010-01-20 00:55:00,2010-01-21 04:01:00,2010-01-21 04:01:00,2010,jan,Movimentação da Carga,Cabotagem,,1,3810317578,"-46.301939,-23.966053",True,2010,1,12016.576,0.0,0.0,0.0,0.0,12016.576,0.0,0.0,0.0,0.0,0.0,0.0,0.0,0.0,0.0,0.0,0.0,0.0,0.0,0.0,0.0,0.0,0.0,0.0,2710,,,,69.916666666686,,27.099999999977,,27.099999999977,97.016666666663
269756,9403968,Santos,Porto Organizado,BRSSZ,SSZ0102,AL 02,Píer da Alamoa - Público,,Santos,2010-01-18 15:45:00,2010-01-20 04:20:00,2010-01-20 04:20:00,2010-01-20 23:25:00,2010-01-20 23:25:00,2010,jan,Movimentação da Carga,Cabotagem,,1,,"-46.301939,-23.966053",True,2010,1,0.0,2986.427,0.0,0.0,0.0,0.0,2986.427,0.0,0.0,0.0,0.0,0.0,0.0,0.0,0.0,0.0,0.0,0.0,0.0,0.0,0.0,0.0,0.0,0.0,,2815,,,36.583333333314,,19.083333333372,,19.083333333372,55.666666666686
269548,9301835,Santos,Porto Organizado,BRSSZ,SSZ0214,CS 04,Cais da Ecoporto (SSZ 35) - Privativo,,Santos,2010-01-19 22:10:00,2010-01-20 04:45:00,2010-01-20 04:45:00,2010-01-21 12:15:00,2010-01-21 12:15:00,2010,jan,Movimentação da Carga,Longo Curso,,1,,"-46.301939,-23.966053",True,2010,28,16279.953000000001,457.499,0.0,0.0,0.0,0.0,0.0,0.0,0.0,16279.953000000001,457.499,16279.953000000001,457.499,0.0,1043.0,35.0,218.0,0.0,15845.905,457.499,0.0,0.0,0.0,0.0,22G0,42G0,15.192622243528284,13.0714,6.5833333333139,,31.5,,31.5,38.083333333314
269611,9270816,Santos,Porto Organizado,BRSSZ,SSZ0813,TECON 2,Cais da Santos Brasil (SSZ 16) - Privativo,,Guarujá,2010-01-20 11:25:00,2010-01-20 11:25:00,2010-01-20 11:25:00,2010-01-21 02:08:00,2010-01-21 02:08:00,2010,jan,Movimentação da Carga,Longo Curso,,1,,"-46.301939,-23.966053",True,2010,7,3250.3229999999994,0.0,0.0,0.0,0.0,0.0,0.0,0.0,0.0,3250.3229999999994,0.0,3250.3229999999994,0.0,0.0,173.0,0.0,298.0,0.0,2661.1679999999997,0.0,0.0,0.0,0.0,0.0,42G0,,15.382473988439305,,,,14.716666666616,,14.716666666616,14.716666666616
269626,9101601,Santos,Porto Organizado,BRSSZ,SSZ0665,ARM 35.0,Libra Terminais S/A (cadastro antigo),,Santos,2010-01-20 13:10:00,2010-01-20 13:10:00,2010-01-20 13:10:00,2010-01-21 16:05:00,2010-01-21 16:05:00,2010,jan,Movimentação da Carga,Longo Curso,,1,,"-46.301939,-23.966053",True,2010,19,15085.922999999999,2221.473,0.0,0.0,0.0,0.0,0.0,0.0,0.0,15085.922999999999,2221.473,13567.724000000002,0.0,0.0,930.0,96.0,52.0,362.0,14968.608,1513.799,0.0,0.0,0.0,0.0,42G0,42R0,16.09527741935484,15.768739583333334,,,26.916666666744,,26.916666666744,26.916666666744
269622,9114347,Santos,Porto Organizado,BRSSZ,SSZ0240,CORTE,Cais da Ecoporto (SSZ 35) - Privativo,,Santos,2010-01-20 14:50:00,2010-01-20 14:50:00,2010-01-20 14:50:00,2010-01-21 11:10:00,2010-01-21 11:10:00,2010,jan,Movimentação da Carga,Longo Curso,,1,,"-46.301939,-23.966053",True,2010,7,2275.714,107.39800000000001,0.0,0.0,0.0,0.0,0.0,0.0,0.0,2275.714,107.39800000000001,2275.714,107.39800000000001,0.0,149.0,0.0,0.0,51.0,2275.714,0.0,0.0,0.0,0.0,0.0,22G0,22G0,15.273248322147651,,,,20.33333333343,,20.33333333343,20.33333333343
269655,7718498,Santos,Porto Organizado,BRSSZ,SSZ0211,CS 02 + CS 01,Cais do Saboó - Público,,Santos,2010-01-19 21:47:00,2010-01-20 14:52:00,2010-01-20 14:52:00,2010-01-21 18:05:00,2010-01-21 18:05:00,2010,jan,Movimentação da Carga,Longo Curso,,1,,"-46.301939,-23.966053",True,2010,12,3672.1490000000003,1295.019,0.0,0.0,0.0,0.0,0.0,307.78900000000004,0.0,3364.3600000000006,1295.019,3672.1490000000003,1295.019,0.0,191.0,1.0,0.0,634.0,3364.3600000000006,6.32,0.0,0.0,0.0,0.0,22G0,42G0,17.614450261780107,6.32,17.083333333314,,27.216666666674,,27.216666666674,44.299999999988
269736,9242089,Santos,Porto Organizado,BRSSZ,SSZ0629,ARM 29,Cais do Macuco - Público,,Santos,2010-01-20 16:05:00,2010-01-20 16:05:00,2010-01-20 16:05:00,2010-01-24 03:45:00,2010-01-24 03:45:00,2010,jan,Movimentação da Carga,Longo Curso,,1,,"-46.301939,-23.966053",True,2010,2,24033.612,0.0,0.0,0.0,0.0,24033.612,0.0,0.0,0.0,0.0,0.0,24033.612,0.0,0.0,0.0,0.0,0.0,0.0,0.0,0.0,0.0,0.0,0.0,0.0,2009,,,,,,83.666666666628,,83.666666666628,83.666666666628
269599,9436458,Santos,Porto Organizado,BRSSZ,SSZ0737,ARMAZÉM 37.1,T-37 (cadastro antigo),,Santos,2010-01-19 09:54:00,2010-01-20 16:17:00,2010-01-20 16:17:00,2010-01-21 07:10:00,2010-01-21 07:10:00,2010,jan,Movimentação da Carga,Longo Curso,,1,,"-46.301939,-23.966053",True,2010,17,6570.087000000001,0.0,0.0,0.0,0.0,0.0,0.0,0.0,0.0,6570.087000000001,0.0,6570.087000000001,0.0,0.0,394.0,0.0,197.0,0.0,6169.912,0.0,0.0,0.0,0.0,0.0,42G0,,15.659675126903554,,30.38333333336,,14.883333333302,,14.883333333302,45.266666666663
269642,9407471,Santos,Porto Organizado,BRSSZ,SSZ0915,COSIPA,TUPs Santos (cadastro antigo),,Santos,2010-01-15 14:55:00,2010-01-20 17:00:00,2010-01-20 17:00:00,2010-01-23 09:30:00,2010-01-23 09:30:00,2010,jan,Movimentação da Carga,Longo Curso,,1,,"-46.301939,-23.966053",True,2010,1,0.0,41831.65,0.0,0.0,41831.65,0.0,0.0,0.0,0.0,0.0,0.0,0.0,41831.65,0.0,0.0,0.0,0.0,0.0,0.0,0.0,0.0,0.0,0.0,0.0,,2713,,,122.08333333331,,64.5,,64.5,186.58333333331
269721,7640483,Santos,Porto Organizado,BRSSZ,SSZ0422,ARM 22 + ARM 23,Cais do Outeirinhos - Público,,Santos,2010-01-20 17:40:00,2010-01-20 17:40:00,2010-01-20 17:40:00,2010-01-23 01:10:00,2010-01-23 01:10:00,2010,jan,Movimentação da Carga,Cabotagem,,1,,"-46.301939,-23.966053",True,2010,1,0.0,8447.0,0.0,0.0,8447.0,0.0,0.0,0.0,0.0,0.0,0.0,0.0,0.0,0.0,0.0,0.0,0.0,0.0,0.0,0.0,0.0,0.0,0.0,0.0,,2501,,,,,55.5,,55.5,55.5
262639,9407471,Terminal Marítimo Privativo de Cubatão - TMPC,Terminal Autorizado,BRSP002,BRSP0020005,Cais II #5,Terminal Marítimo Privativo de Cubatão - TMPC,,Cubatão,2010-01-15 14:55:00,2010-01-20 17:50:00,2010-01-20 20:00:00,2010-01-23 06:20:00,2010-01-23 09:28:00,2010,jan,Movimentação da Carga,Longo Curso,,1,,"-46.3764,-23.8708",True,2010,1,0.0,41749.651,0.0,0.0,41749.651,0.0,0.0,0.0,0.0,0.0,0.0,0.0,41749.651,0.0,0.0,0.0,0.0,0.0,0.0,0.0,0.0,0.0,0.0,0.0,,2713,,,122.91666666657,2.1666666667443,58.333333333314,3.1333333332441,63.633333333302,186.54999999987
269418,9314947,Santos,Porto Organizado,BRSSZ,SSZ0812,TECON 3,Cais da Santos Brasil (SSZ 16) - Privativo,,Guarujá,2010-01-20 17:50:00,2010-01-20 17:50:00,2010-01-20 17:50:00,2010-01-21 07:06:00,2010-01-21 07:06:00,2010,jan,Movimentação da Carga,Longo Curso,,1,,"-46.301939,-23.966053",True,2010,36,3685.0020000000004,1193.1000000000001,0.0,0.0,0.0,0.0,0.0,0.0,0.0,3685.0020000000004,1193.1000000000001,3685.0020000000004,1193.1000000000001,0.0,223.0,93.0,25.0,59.0,3632.7630000000004,1061.631,0.0,0.0,0.0,0.0,42G0,42G0,16.290417040358747,11.415387096774195,,,13.266666666605,,13.266666666605,13.266666666605
269361,8226650,Santos,Porto Organizado,BRSSZ,SSZ0416,ARM 16/17,Cais do Outeirinhos - Público,,Santos,2010-01-20 18:05:00,2010-01-20 18:05:00,2010-01-20 18:05:00,2010-01-22 21:40:00,2010-01-22 21:40:00,2010,jan,Movimentação da Carga,Longo Curso,,1,,"-46.301939,-23.966053",True,2010,1,442.56,0.0,0.0,0.0,0.0,0.0,0.0,442.56,0.0,0.0,0.0,442.56,0.0,0.0,0.0,0.0,0.0,0.0,0.0,0.0,0.0,0.0,0.0,0.0,1701,,,,,,51.583333333489,,51.583333333489,51.583333333489
269539,9407586,Santos,Porto Organizado,BRSSZ,SSZ0212,CS.2,Cais do Saboó - Público,,Santos,2010-01-20 18:16:00,2010-01-20 18:16:00,2010-01-20 18:16:00,2010-01-22 19:45:00,2010-01-22 19:45:00,2010,jan,Movimentação da Carga,Longo Curso,,1,,"-46.301939,-23.966053",True,2010,17,229.837,2144.8,0.0,0.0,0.0,0.0,0.0,153.044,2114.8,76.793,30.0,229.837,2144.8,0.0,9.0,0.0,12.0,18.0,35.649,0.0,0.0,0.0,0.0,0.0,8606,7222,3.9610000000000003,,,,49.483333333279,,49.483333333279,49.483333333279
269574,9316593,Santos,Porto Organizado,BRSSZ,SSZ0112,IB BC,Cais da Ilha Barnabé - Público,,Santos,2010-01-20 18:55:00,2010-01-20 18:55:00,2010-01-20 18:55:00,2010-01-23 16:14:00,2010-01-23 16:14:00,2010,jan,Movimentação da Carga,Longo Curso,,1,,"-46.301939,-23.966053",True,2010,1,0.0,19293.329,0.0,0.0,0.0,0.0,19293.329,0.0,0.0,0.0,0.0,0.0,0.0,0.0,0.0,0.0,0.0,0.0,0.0,0.0,0.0,0.0,0.0,0.0,,2710,,,,,69.316666666651,,69.316666666651,69.316666666651
269739,9320439,Santos,Porto Organizado,BRSSZ,SSZ0676,ARM 35P2,Cais do Macuco - Público,,Santos,2010-01-20 19:40:00,2010-01-20 19:40:00,2010-01-20 19:40:00,2010-01-21 07:55:00,2010-01-21 07:55:00,2010,jan,Movimentação da Carga,Longo Curso,,1,,"-46.301939,-23.966053",True,2010,14,3293.998,544.798,0.0,0.0,0.0,0.0,0.0,0.0,0.0,3293.998,544.798,2749.2000000000003,0.0,0.0,184.0,32.0,216.0,12.0,2869.907,517.899,0.0,0.0,0.0,0.0,42G0,42R0,15.597320652173915,16.18434375,,,12.249999999942,,12.249999999942,12.249999999942
269746,9187708,Santos,Porto Organizado,BRSSZ,SSZ0759,ARM 39,Cais da Ponta da Praia - Público,,Santos,2010-01-20 20:00:00,2010-01-20 20:00:00,2010-01-20 20:00:00,2010-01-23 13:00:00,2010-01-23 13:00:00,2010,jan,Movimentação da Carga,Longo Curso,,1,,"-46.301939,-23.966053",True,2010,1,46654.963,0.0,0.0,46654.963,0.0,0.0,0.0,0.0,0.0,0.0,0.0,46654.963,0.0,0.0,0.0,0.0,0.0,0.0,0.0,0.0,0.0,46654.963,0.0,0.0,1005,,,,,,64.999999999884,,64.999999999884,64.999999999884
269763,9303364,Santos,Porto Organizado,BRSSZ,SSZ0913,COSIPA,TUPs Santos (cadastro antigo),,Santos,2010-01-20 07:30:00,2010-01-20 23:15:00,2010-01-20 23:15:00,2010-01-25 09:30:00,2010-01-25 09:30:00,2010,jan,Movimentação da Carga,Longo Curso,,1,,"-46.301939,-23.966053",True,2010,3,8718.011,0.0,0.0,0.0,0.0,0.0,0.0,8718.011,0.0,0.0,0.0,8718.011,0.0,0.0,0.0,0.0,0.0,0.0,0.0,0.0,0.0,0.0,0.0,0.0,7208,,,,15.75,,106.25000000006,,106.25000000006,122.00000000006
248568,9303364,Terminal Marítimo Privativo de Cubatão - TMPC,Terminal Autorizado,BRSP002,BRSP0020003,Cais I #3,Terminal Marítimo Privativo de Cubatão - TMPC,,Cubatão,2010-01-20 05:48:00,2010-01-21 00:25:00,2010-01-21 08:15:00,2010-01-25 02:55:00,2010-01-25 09:40:00,2010,jan,Movimentação da Carga,Longo Curso,,1,,"-46.3764,-23.8708",True,2010,3,8718.011,0.0,0.0,0.0,0.0,0.0,0.0,8718.011,0.0,0.0,0.0,8718.011,0.0,0.0,0.0,0.0,0.0,0.0,0.0,0.0,0.0,0.0,0.0,0.0,7208,,,,18.616666666581,7.8333333333721,90.666666666744,6.75,105.25000000012,123.8666666667
269709,9064786,Santos,Porto Organizado,BRSSZ,SSZ0811,TECON 1.2,Cais da Santos Brasil (SSZ 16) - Privativo,,Guarujá,2010-01-20 09:08:00,2010-01-21 01:18:00,2010-01-21 01:18:00,2010-01-21 16:15:00,2010-01-21 16:15:00,2010,jan,Movimentação da Carga,Longo Curso,,1,,"-46.301939,-23.966053",True,2010,24,2873.917,2496.402,0.0,0.0,0.0,0.0,0.0,0.0,0.0,2873.917,2496.402,2873.917,2496.402,0.0,174.0,200.0,20.0,6.0,2831.417,2484.702,0.0,0.0,0.0,0.0,22G0,22G0,16.272511494252875,12.42351,16.166666666628,,14.950000000012,,14.950000000012,31.11666666664
269664,9251028,Santos,Porto Organizado,BRSSZ,SSZ0102,AL 02,Píer da Alamoa - Público,,Santos,2010-01-19 18:42:00,2010-01-21 01:55:00,2010-01-21 01:55:00,2010-01-23 00:21:00,2010-01-23 00:21:00,2010,jan,Movimentação da Carga,Cabotagem,,1,,"-46.301939,-23.966053",True,2010,1,21162.814,0.0,0.0,0.0,0.0,21162.814,0.0,0.0,0.0,0.0,0.0,0.0,0.0,0.0,0.0,0.0,0.0,0.0,0.0,0.0,0.0,0.0,0.0,0.0,2710,,,,31.216666666616,,46.433333333291,,46.433333333291,77.649999999907
269512,8918215,Santos,Porto Organizado,BRSSZ,SSZ0641,ARM 31,Cais do Macuco - Público,,Santos,2010-01-21 04:20:00,2010-01-21 04:20:00,2010-01-21 04:20:00,2010-01-21 21:55:00,2010-01-21 21:55:00,2010,jan,Movimentação da Carga,Longo Curso,,1,,"-46.301939,-23.966053",True,2010,1,5700.0,0.0,0.0,0.0,0.0,0.0,0.0,5700.0,0.0,0.0,0.0,5700.0,0.0,0.0,0.0,0.0,0.0,0.0,0.0,0.0,0.0,0.0,0.0,0.0,3912,,,,,,17.583333333372,,17.583333333372,17.583333333372
269697,8316728,Santos,Porto Organizado,BRSSZ,SSZ0103,AL 03,Píer da Alamoa - Público,,Santos,2010-01-21 07:15:00,2010-01-21 07:15:00,2010-01-21 07:15:00,2010-01-23 07:55:00,2010-01-23 07:55:00,2010,jan,Movimentação da Carga,Longo Curso,,1,,"-46.301939,-23.966053",True,2010,1,8134.766,0.0,0.0,0.0,0.0,8134.766,0.0,0.0,0.0,0.0,0.0,8134.766,0.0,0.0,0.0,0.0,0.0,0.0,0.0,0.0,0.0,0.0,0.0,0.0,2207,,,,,,48.66666666657,,48.66666666657,48.66666666657
269310,8918136,Santos,Porto Organizado,BRSSZ,SSZ0525,ARM FRIG/25,Cais do Outeirinhos - Público,,Santos,2010-01-21 07:30:00,2010-01-21 07:30:00,2010-01-21 07:30:00,2010-01-21 17:35:00,2010-01-21 17:35:00,2010,jan,Passageiro,Cabotagem,,1,,"-46.301939,-23.966053",True,2010,0,,,,,,,,,,,,,,,,,,,,,,,,,,,,,,,10.083333333372,,10.083333333372,10.083333333372
269740,9320439,Santos,Porto Organizado,BRSSZ,SSZ0813,TECON 2,Cais da Santos Brasil (SSZ 16) - Privativo,,Guarujá,2010-01-21 08:35:00,2010-01-21 08:35:00,2010-01-21 08:35:00,2010-01-21 18:10:00,2010-01-21 18:10:00,2010,jan,Movimentação da Carga,Longo Curso,,1,,"-46.301939,-23.966053",True,2010,16,6391.18,1001.559,0.0,0.0,0.0,0.0,0.0,0.0,0.0,6391.18,1001.559,6391.18,1001.559,0.0,378.0,12.0,1.0,406.0,6388.9800000000005,188.4,0.0,0.0,0.0,0.0,42G0,42G0,16.902063492063494,15.700000000000001,,,9.5833333333139,,9.5833333333139,9.5833333333139
269732,9236523,Santos,Porto Organizado,BRSSZ,SSZ0676,ARM 35P2,Cais do Macuco - Público,,Santos,2010-01-19 21:30:00,2010-01-21 09:27:00,2010-01-21 09:27:00,2010-01-22 17:40:00,2010-01-22 17:40:00,2010,jan,Movimentação da Carga,Longo Curso,,1,,"-46.301939,-23.966053",True,2010,49,0.0,12930.671,0.0,0.0,0.0,0.0,0.0,0.0,0.0,0.0,12930.671,0.0,12930.671,0.0,0.0,1597.0,0.0,13.0,0.0,12903.303,0.0,0.0,0.0,0.0,,42G0,,8.079713838447088,35.950000000012,,32.216666666558,,32.216666666558,68.16666666657
269600,9290804,Santos,Porto Organizado,BRSSZ,SSZ0737,ARMAZÉM 37.1,T-37 (cadastro antigo),,Santos,2010-01-19 20:12:00,2010-01-21 09:35:00,2010-01-21 09:35:00,2010-01-22 07:30:00,2010-01-22 07:30:00,2010,jan,Movimentação da Carga,Longo Curso,,1,,"-46.301939,-23.966053",True,2010,17,538.6,10399.533,0.0,0.0,0.0,0.0,0.0,0.0,0.0,538.6,10399.533,0.0,10399.533,0.0,0.0,899.0,228.0,0.0,0.0,10399.533,0.0,0.0,0.0,0.0,42R0,22G0,,11.567889877641823,37.383333333302,,21.916666666686,,21.916666666686,59.299999999988
269752,9129445,Santos,Porto Organizado,BRSSZ,SSZ0240,CORTE,Cais da Ecoporto (SSZ 35) - Privativo,,Santos,2010-01-21 13:15:00,2010-01-21 13:15:00,2010-01-21 13:15:00,2010-01-21 23:35:00,2010-01-21 23:35:00,2010,jan,Movimentação da Carga,Longo Curso,,1,,"-46.301939,-23.966053",True,2010,6,0.0,912.6990000000001,0.0,0.0,0.0,0.0,0.0,0.0,0.0,0.0,912.6990000000001,0.0,912.6990000000001,0.0,0.0,0.0,0.0,507.0,0.0,0.0,0.0,0.0,0.0,0.0,,42G0,,,,,10.333333333314,,10.333333333314,10.333333333314
269666,9179218,Santos,Porto Organizado,BRSSZ,SSZ0748,ARM 38,Cais da Ponta da Praia - Público,,Santos,2010-01-21 13:40:00,2010-01-21 13:40:00,2010-01-21 13:40:00,2010-01-23 12:10:00,2010-01-23 12:10:00,2010,jan,Movimentação da Carga,Longo Curso,,1,,"-46.301939,-23.966053",True,2010,1,6980.21,0.0,0.0,6980.21,0.0,0.0,0.0,0.0,0.0,0.0,0.0,6980.21,0.0,0.0,0.0,0.0,0.0,0.0,0.0,0.0,0.0,0.0,0.0,0.0,2309,,,,,,46.5,,46.5,46.5
269699,9320025,Santos,Porto Organizado,BRSSZ,SSZ0665,ARM 35.0,Libra Terminais S/A (cadastro antigo),,Santos,2010-01-19 19:42:00,2010-01-21 18:15:00,2010-01-21 18:15:00,2010-01-22 18:10:00,2010-01-22 18:10:00,2010,jan,Movimentação da Carga,Longo Curso,,1,,"-46.301939,-23.966053",True,2010,23,188.00900000000001,3638.9419999999996,0.0,0.0,0.0,0.0,0.0,0.0,0.0,188.00900000000001,3638.9419999999996,151.00900000000001,3601.9419999999996,0.0,8.0,180.0,64.0,739.0,64.529,2025.673,0.0,0.0,0.0,0.0,42G0,42G0,8.066125,11.253738888888888,46.549999999988,,23.916666666744,,23.916666666744,70.466666666733
269714,8503773,Santos,Porto Organizado,BRSSZ,SSZ0211,CS 02 + CS 01,Cais do Saboó - Público,,Santos,2010-01-21 07:45:00,2010-01-21 20:45:00,2010-01-21 20:45:00,2010-01-24 07:40:00,2010-01-24 07:40:00,2010,jan,Movimentação da Carga,Longo Curso,,1,,"-46.301939,-23.966053",True,2010,1,12933.579,0.0,0.0,0.0,0.0,12933.579,0.0,0.0,0.0,0.0,0.0,12933.579,0.0,0.0,0.0,0.0,0.0,0.0,0.0,0.0,0.0,0.0,0.0,0.0,2009,,,,13.000000000116,,58.916666666628,,58.916666666628,71.916666666744
269782,9351799,Santos,Porto Organizado,BRSSZ,SSZ0213,CS 03,Cais do Saboó - Público,,Santos,2010-01-21 21:10:00,2010-01-21 21:10:00,2010-01-21 21:10:00,2010-01-22 07:15:00,2010-01-22 07:15:00,2010,jan,Movimentação da Carga,Longo Curso,,1,,"-46.301939,-23.966053",True,2010,12,877.173,942.4799999999999,0.0,0.0,0.0,0.0,0.0,0.0,0.0,877.173,942.4799999999999,0.0,0.0,0.0,57.0,53.0,30.0,0.0,808.273,942.4799999999999,0.0,0.0,0.0,0.0,42G0,42G0,14.180228070175438,17.78264150943396,,,10.083333333372,,10.083333333372,10.083333333372
269513,8918215,Santos,Porto Organizado,BRSSZ,SSZ0415,ARM 15,Cais do Paquetá - Público,,Santos,2010-01-21 22:30:00,2010-01-21 22:30:00,2010-01-21 22:30:00,2010-01-24 00:40:00,2010-01-24 00:40:00,2010,jan,Movimentação da Carga,Longo Curso,,1,,"-46.301939,-23.966053",True,2010,2,18100.0,0.0,0.0,0.0,0.0,0.0,0.0,18100.0,0.0,0.0,0.0,18100.0,0.0,0.0,0.0,0.0,0.0,0.0,0.0,0.0,0.0,0.0,0.0,0.0,3912,,,,,,50.166666666744,,50.166666666744,50.166666666744
269648,9348106,Santos,Porto Organizado,BRSSZ,SSZ0812,TECON 3,Cais da Santos Brasil (SSZ 16) - Privativo,,Guarujá,2010-01-21 22:50:00,2010-01-21 22:50:00,2010-01-21 22:50:00,2010-01-22 17:30:00,2010-01-22 17:30:00,2010,jan,Movimentação da Carga,Longo Curso,,1,,"-46.301939,-23.966053",True,2010,40,24269.012999999995,941.916,0.0,0.0,0.0,0.0,0.0,0.0,0.0,24269.012999999995,941.916,24269.012999999995,941.916,0.0,1477.0,48.0,100.0,65.0,24039.507999999998,797.1759999999999,0.0,0.0,0.0,0.0,22G0,22R0,16.27590250507786,16.607833333333332,,,18.66666666657,,18.66666666657,18.66666666657
269619,9215696,Santos,Porto Organizado,BRSSZ,SSZ0813,TECON 2,Cais da Santos Brasil (SSZ 16) - Privativo,,Guarujá,2010-01-21 23:50:00,2010-01-21 23:50:00,2010-01-21 23:50:00,2010-01-22 14:25:00,2010-01-22 14:25:00,2010,jan,Movimentação da Carga,Longo Curso,,1,,"-46.301939,-23.966053",True,2010,17,8993.647,0.0,0.0,0.0,0.0,0.0,0.0,0.0,0.0,8993.647,0.0,8993.647,0.0,0.0,757.0,0.0,0.0,0.0,8993.647,0.0,0.0,0.0,0.0,0.0,42G0,,11.880643328929988,,,,14.583333333372,,14.583333333372,14.583333333372
269768,9363065,Santos,Porto Organizado,BRSSZ,SSZ0803,TGG,Píer da TGG (SSZ 14) - Privativo,,Guarujá,2010-01-22 04:05:00,2010-01-22 04:05:00,2010-01-22 04:05:00,2010-01-23 22:30:00,2010-01-23 22:30:00,2010,jan,Movimentação da Carga,Longo Curso,,1,,"-46.301939,-23.966053",True,2010,1,39006.235,0.0,0.0,39006.235,0.0,0.0,0.0,0.0,0.0,0.0,0.0,39006.235,0.0,0.0,0.0,0.0,0.0,0.0,0.0,0.0,0.0,39006.235,0.0,0.0,1005,,,,,,42.416666666628,,42.416666666628,42.416666666628
269341,9116876,Santos,Porto Organizado,BRSSZ,SSZ0641,ARM 31,Cais do Macuco - Público,,Santos,2010-01-22 05:55:00,2010-01-22 05:55:00,2010-01-22 05:55:00,2010-01-22 19:10:00,2010-01-22 19:10:00,2010,jan,Passageiro,Cabotagem,,1,,"-46.301939,-23.966053",True,2010,0,,,,,,,,,,,,,,,,,,,,,,,,,,,,,,,13.249999999884,,13.249999999884,13.249999999884
269330,9239795,Santos,Porto Organizado,BRSSZ,SSZ0524,CONCAIS,Cais do Outeirinhos - Público,,Santos,2010-01-22 07:25:00,2010-01-22 07:25:00,2010-01-22 07:25:00,2010-01-22 18:00:00,2010-01-22 18:00:00,2010,jan,Passageiro,Cabotagem,,1,,"-46.301939,-23.966053",True,2010,0,,,,,,,,,,,,,,,,,,,,,,,,,,,,,,,10.583333333256,,10.583333333256,10.583333333256
269351,8314134,Santos,Porto Organizado,BRSSZ,SSZ0652,ARM 31/32 + ARM 32,Cais do Macuco - Público,,Santos,2010-01-22 07:32:00,2010-01-22 07:32:00,2010-01-22 07:32:00,2010-01-22 19:25:00,2010-01-22 19:25:00,2010,jan,Passageiro,Cabotagem,,1,,"-46.301939,-23.966053",True,2010,0,,,,,,,,,,,,,,,,,,,,,,,,,,,,,,,11.883333333477,,11.883333333477,11.883333333477
269413,9295971,Santos,Porto Organizado,BRSSZ,SSZ0737,ARMAZÉM 37.1,T-37 (cadastro antigo),,Santos,2010-01-21 10:18:00,2010-01-22 09:27:00,2010-01-22 09:27:00,2010-01-23 08:45:00,2010-01-23 08:45:00,2010,jan,Movimentação da Carga,Longo Curso,,1,,"-46.301939,-23.966053",True,2010,42,10250.318000000003,207.81799999999998,0.0,0.0,0.0,0.0,0.0,0.0,0.0,10250.318000000003,207.81799999999998,10137.819000000003,0.0,0.0,587.0,8.0,126.0,34.0,9966.055000000002,112.499,0.0,0.0,0.0,0.0,22G0,22G0,16.977947189097108,14.062375,23.150000000023,,23.299999999988,,23.299999999988,46.450000000012
269729,9295206,Santos,Porto Organizado,BRSSZ,SSZ0214,CS 04,Cais da Ecoporto (SSZ 35) - Privativo,,Santos,2010-01-21 21:00:00,2010-01-22 10:00:00,2010-01-22 10:00:00,2010-01-23 19:45:00,2010-01-23 19:45:00,2010,jan,Movimentação da Carga,Longo Curso,,1,,"-46.301939,-23.966053",True,2010,32,15129.659999999998,1219.5700000000002,0.0,0.0,0.0,0.0,0.0,0.0,0.0,15129.659999999998,1219.5700000000002,15129.659999999998,1219.5700000000002,0.0,889.0,38.0,725.0,297.0,13559.597,556.352,0.0,0.0,0.0,0.0,42G0,42R0,15.252640044994376,14.640842105263157,12.999999999942,,33.75,,33.75,46.749999999942
269827,9999022,Santos,Porto Organizado,BRSSZ,SSZ0539,MORTONA,Cais do Outeirinhos - Público,,Santos,2010-01-22 12:40:00,2010-01-22 12:40:00,2010-01-22 12:40:00,2010-01-31 10:10:00,2010-01-31 10:10:00,2010,jan,Marinha,Cabotagem,,1,,"-46.301939,-23.966053",True,2010,0,,,,,,,,,,,,,,,,,,,,,,,,,,,,,,,,,213.49999999988,213.49999999988
269799,8123236,Santos,Porto Organizado,BRSSZ,SSZ0419,ARM 19,Cais do Outeirinhos - Público,,Santos,2010-01-22 14:30:00,2010-01-22 14:30:00,2010-01-22 14:30:00,2010-01-24 16:35:00,2010-01-24 16:35:00,2010,jan,Movimentação da Carga,Longo Curso,,1,,"-46.301939,-23.966053",True,2010,1,28000.0,0.0,0.0,28000.0,0.0,0.0,0.0,0.0,0.0,0.0,0.0,28000.0,0.0,0.0,0.0,0.0,0.0,0.0,0.0,0.0,0.0,0.0,0.0,28000.0,1701,,,,,,50.083333333314,,50.083333333314,50.083333333314
269560,9143207,Santos,Porto Organizado,BRSSZ,SSZ0111,IB SP,Cais da Ilha Barnabé - Público,,Santos,2010-01-22 17:35:00,2010-01-22 17:35:00,2010-01-22 17:35:00,2010-01-23 11:45:00,2010-01-23 11:45:00,2010,jan,Movimentação da Carga,Longo Curso,,1,,"-46.301939,-23.966053",True,2010,2,493.435,1997.213,0.0,0.0,0.0,493.435,1997.213,0.0,0.0,0.0,0.0,493.435,1997.213,0.0,0.0,0.0,0.0,0.0,0.0,0.0,0.0,0.0,0.0,0.0,2923,2710,,,,,18.166666666686,,18.166666666686,18.166666666686
269742,9315056,Santos,Porto Organizado,BRSSZ,SSZ0104,AL 04,Píer da Alamoa - Público,,Santos,2010-01-22 18:30:00,2010-01-22 18:30:00,2010-01-22 18:30:00,2010-01-24 19:25:00,2010-01-24 19:25:00,2010,jan,Movimentação da Carga,Longo Curso,,1,,"-46.301939,-23.966053",True,2010,1,0.0,8494.495,0.0,0.0,0.0,0.0,8494.495,0.0,0.0,0.0,0.0,0.0,8494.495,0.0,0.0,0.0,0.0,0.0,0.0,0.0,0.0,0.0,0.0,0.0,,2710,,,,,48.916666666686,,48.916666666686,48.916666666686
269650,9408774,Santos,Porto Organizado,BRSSZ,SSZ0813,TECON 2,Cais da Santos Brasil (SSZ 16) - Privativo,,Guarujá,2010-01-22 19:45:00,2010-01-22 19:45:00,2010-01-22 19:45:00,2010-01-23 08:45:00,2010-01-23 08:45:00,2010,jan,Movimentação da Carga,Longo Curso,,1,,"-46.301939,-23.966053",True,2010,24,7510.978,0.0,0.0,0.0,0.0,0.0,0.0,0.0,0.0,7510.978,0.0,7510.978,0.0,0.0,576.0,0.0,7.0,0.0,7496.777999999999,0.0,0.0,0.0,0.0,0.0,42G0,,13.015239583333333,,,,13.000000000116,,13.000000000116,13.000000000116
269414,9236638,Santos,Porto Organizado,BRSSZ,SSZ0676,ARM 35P2,Cais do Macuco - Público,,Santos,2010-01-21 05:18:00,2010-01-22 19:58:00,2010-01-22 19:58:00,2010-01-23 12:10:00,2010-01-23 12:10:00,2010,jan,Movimentação da Carga,Longo Curso,,1,,"-46.301939,-23.966053",True,2010,22,6148.974000000001,197.272,0.0,0.0,0.0,0.0,0.0,0.0,0.0,6148.974000000001,197.272,6148.974000000001,55.569,0.0,475.0,4.0,18.0,60.0,6108.764000000001,55.569,0.0,0.0,0.0,0.0,42G0,22G0,12.860555789473686,13.89225,38.666666666628,,16.20000000007,,16.20000000007,54.866666666698
269693,9315953,Santos,Porto Organizado,BRSSZ,SSZ0811,TECON 1.2,Cais da Santos Brasil (SSZ 16) - Privativo,,Guarujá,2010-01-22 22:03:00,2010-01-22 22:03:00,2010-01-22 22:03:00,2010-01-25 12:35:00,2010-01-25 12:35:00,2010,jan,Movimentação da Carga,Longo Curso,,1,,"-46.301939,-23.966053",True,2010,31,5420.626000000001,4112.889999999999,0.0,0.0,0.0,0.0,0.0,0.0,0.0,5420.626000000001,4112.889999999999,5420.626000000001,4112.889999999999,0.0,311.0,265.0,2.0,102.0,5416.826000000001,3916.071,0.0,0.0,0.0,0.0,42G0,22G0,17.417446945337623,14.777626415094339,,,62.533333333384,,62.533333333384,62.533333333384
269653,9202481,Santos,Porto Organizado,BRSSZ,SSZ0213,CS 03,Cais do Saboó - Público,,Santos,2010-01-22 22:05:00,2010-01-22 22:05:00,2010-01-22 22:05:00,2010-01-23 08:55:00,2010-01-23 08:55:00,2010,jan,Movimentação da Carga,Longo Curso,,1,,"-46.301939,-23.966053",True,2010,11,1706.3400000000001,5163.193,0.0,0.0,0.0,0.0,0.0,0.0,0.0,1706.3400000000001,5163.193,1706.3400000000001,5163.193,0.0,110.0,315.0,0.0,4.0,1706.3400000000001,5154.814,0.0,0.0,0.0,0.0,42R0,22G0,15.51218181818182,16.36448888888889,,,10.833333333372,,10.833333333372,10.833333333372
269667,9391799,Santos,Porto Organizado,BRSSZ,SSZ0665,ARM 35.0,Libra Terminais S/A (cadastro antigo),,Santos,2010-01-22 11:30:00,2010-01-22 23:53:00,2010-01-22 23:53:00,2010-01-23 18:10:00,2010-01-23 18:10:00,2010,jan,Movimentação da Carga,Longo Curso,,1,,"-46.301939,-23.966053",True,2010,17,10246.765000000001,25.199,0.0,0.0,0.0,0.0,0.0,0.0,0.0,10246.765000000001,25.199,10221.566,0.0,0.0,630.0,2.0,7.0,0.0,10228.965,25.199,0.0,0.0,0.0,0.0,42G0,42G0,16.236452380952382,12.5995,12.38333333336,,18.283333333384,,18.283333333384,30.666666666744
269335,9070632,Santos,Porto Organizado,BRSSZ,SSZ0641,ARM 31,Cais do Macuco - Público,,Santos,2010-01-23 05:55:00,2010-01-23 05:55:00,2010-01-23 05:55:00,2010-01-23 17:40:00,2010-01-23 17:40:00,2010,jan,Passageiro,Longo Curso,,1,,"-46.301939,-23.966053",True,2010,0,,,,,,,,,,,,,,,,,,,,,,,,,,,,,,,11.749999999884,,11.749999999884,11.749999999884
269347,9320544,Santos,Porto Organizado,BRSSZ,SSZ0524,CONCAIS,Cais do Outeirinhos - Público,,Santos,2010-01-23 06:50:00,2010-01-23 06:50:00,2010-01-23 06:50:00,2010-01-23 18:40:00,2010-01-23 18:40:00,2010,jan,Passageiro,Cabotagem,,1,,"-46.301939,-23.966053",True,2010,0,,,,,,,,,,,,,,,,,,,,,,,,,,,,,,,11.833333333489,,11.833333333489,11.833333333489
269320,9320099,Santos,Porto Organizado,BRSSZ,SSZ0422,ARM 22 + ARM 23,Cais do Outeirinhos - Público,,Santos,2010-01-23 07:30:00,2010-01-23 07:30:00,2010-01-23 07:30:00,2010-01-23 17:30:00,2010-01-23 17:30:00,2010,jan,Passageiro,Cabotagem,,1,,"-46.301939,-23.966053",True,2010,0,,,,,,,,,,,,,,,,,,,,,,,,,,,,,,,9.9999999999418,,9.9999999999418,9.9999999999418
269549,9233832,Santos,Porto Organizado,BRSSZ,SSZ0812,TECON 3,Cais da Santos Brasil (SSZ 16) - Privativo,,Guarujá,2010-01-21 12:24:00,2010-01-23 07:30:00,2010-01-23 07:30:00,2010-01-23 21:38:00,2010-01-23 21:38:00,2010,jan,Movimentação da Carga,Longo Curso,,1,,"-46.301939,-23.966053",True,2010,24,2319.102,10862.841,0.0,0.0,0.0,0.0,0.0,0.0,0.0,2319.102,10862.841,2319.102,10862.841,0.0,117.0,658.0,400.0,100.0,1518.799,10637.927,0.0,0.0,0.0,0.0,42G0,22G0,12.981188034188033,16.167062310030396,43.099999999919,,14.133333333302,,14.133333333302,57.233333333221
269315,8512281,Santos,Porto Organizado,BRSSZ,SSZ0652,ARM 31/32 + ARM 32,Cais do Macuco - Público,,Santos,2010-01-23 09:05:00,2010-01-23 09:05:00,2010-01-23 09:05:00,2010-01-23 17:55:00,2010-01-23 17:55:00,2010,jan,Passageiro,Cabotagem,,1,,"-46.301939,-23.966053",True,2010,0,,,,,,,,,,,,,,,,,,,,,,,,,,,,,,,8.8333333334886,,8.8333333334886,8.8333333334886
269649,9000730,Santos,Porto Organizado,BRSSZ,SSZ0813,TECON 2,Cais da Santos Brasil (SSZ 16) - Privativo,,Guarujá,2010-01-23 10:50:00,2010-01-23 10:50:00,2010-01-23 10:50:00,2010-01-24 01:40:00,2010-01-24 01:40:00,2010,jan,Movimentação da Carga,Longo Curso,,1,3810474517,"-46.301939,-23.966053",True,2010,20,5959.496,429.7459999999999,0.0,0.0,0.0,0.0,0.0,0.0,0.0,5959.496,429.7459999999999,0.0,0.0,0.0,432.0,31.0,0.0,2.0,5959.496,425.34599999999995,0.0,0.0,0.0,0.0,42G0,29G9,13.79512962962963,13.720838709677418,,,14.833333333314,,14.833333333314,14.833333333314
269540,9407586,Santos,Porto Organizado,BRSSZ,SSZ0212,CS.2,Cais do Saboó - Público,,Santos,2010-01-23 11:10:00,2010-01-23 11:10:00,2010-01-23 11:10:00,2010-01-23 21:35:00,2010-01-23 21:35:00,2010,jan,Movimentação da Carga,Longo Curso,,1,,"-46.301939,-23.966053",True,2010,3,579.0580000000001,0.0,0.0,0.0,0.0,0.0,0.0,575.4590000000001,0.0,3.599,0.0,579.0580000000001,0.0,0.0,0.0,0.0,2.0,0.0,0.0,0.0,0.0,0.0,0.0,0.0,8201,,,,,,10.41666666657,,10.41666666657,10.41666666657
269627,9352420,Santos,Porto Organizado,BRSSZ,SSZ0737,ARMAZÉM 37.1,T-37 (cadastro antigo),,Santos,2010-01-23 05:00:00,2010-01-23 11:20:00,2010-01-23 11:20:00,2010-01-24 02:25:00,2010-01-24 02:25:00,2010,jan,Movimentação da Carga,Longo Curso,,1,,"-46.301939,-23.966053",True,2010,12,77.2,7529.195,0.0,0.0,0.0,0.0,0.0,0.0,0.0,77.2,7529.195,0.0,7512.195,0.0,1.0,793.0,20.0,0.0,17.0,7529.195,0.0,0.0,0.0,0.0,22R0,42G0,17.0,9.494571248423707,6.3333333331975,,15.08333333343,,15.08333333343,21.416666666628
269747,9187708,Santos,Porto Organizado,BRSSZ,SSZ0748,ARM 38,Cais da Ponta da Praia - Público,,Santos,2010-01-23 13:30:00,2010-01-23 13:30:00,2010-01-23 13:30:00,2010-01-25 22:15:00,2010-01-25 22:15:00,2010,jan,Movimentação da Carga,Longo Curso,,1,,"-46.301939,-23.966053",True,2010,1,16216.291,0.0,0.0,16216.291,0.0,0.0,0.0,0.0,0.0,0.0,0.0,16216.291,0.0,0.0,0.0,0.0,0.0,0.0,0.0,0.0,0.0,16216.291,0.0,0.0,1005,,,,,,56.750000000058,,56.750000000058,56.750000000058
269490,9355343,Santos,Porto Organizado,BRSSZ,SSZ0676,ARM 35P2,Cais do Macuco - Público,,Santos,2010-01-23 14:18:00,2010-01-23 14:18:00,2010-01-23 14:18:00,2010-01-24 10:10:00,2010-01-24 10:10:00,2010,jan,Movimentação da Carga,Longo Curso,,1,,"-46.301939,-23.966053",True,2010,13,7044.032,3900.4030000000002,0.0,0.0,0.0,0.0,0.0,0.0,0.0,7044.032,3900.4030000000002,7044.032,3900.4030000000002,0.0,445.0,226.0,0.0,220.0,7044.032,3406.9080000000004,0.0,0.0,0.0,0.0,42R0,42G0,15.829285393258427,15.074814159292037,,,19.86666666664,,19.86666666664,19.86666666664
269722,7640483,Santos,Porto Organizado,BRSSZ,SSZ0422,ARM 22 + ARM 23,Cais do Outeirinhos - Público,,Santos,2010-01-23 20:35:00,2010-01-23 20:35:00,2010-01-23 20:35:00,2010-01-26 12:15:00,2010-01-26 12:15:00,2010,jan,Movimentação da Carga,Cabotagem,,1,,"-46.301939,-23.966053",True,2010,1,0.0,8421.0,0.0,0.0,8421.0,0.0,0.0,0.0,0.0,0.0,0.0,0.0,0.0,0.0,0.0,0.0,0.0,0.0,0.0,0.0,0.0,0.0,0.0,0.0,,2501,,,,,63.66666666657,,63.66666666657,63.66666666657
269767,9348998,Santos,Porto Organizado,BRSSZ,SSZ0213,CS 03,Cais do Saboó - Público,,Santos,2010-01-23 22:05:00,2010-01-23 22:05:00,2010-01-23 22:05:00,2010-01-24 17:30:00,2010-01-24 17:30:00,2010,jan,Movimentação da Carga,Cabotagem,,1,,"-46.301939,-23.966053",True,2010,16,2464.191,3284.7420000000006,0.0,0.0,0.0,0.0,0.0,0.0,0.0,2464.191,3284.7420000000006,2464.191,3284.7420000000006,0.0,175.0,141.0,196.0,2.0,2067.544,3280.1430000000005,0.0,0.0,0.0,0.0,42G0,22G0,11.814537142857143,23.263425531914898,,,19.41666666657,,19.41666666657,19.41666666657
269698,9340439,Santos,Porto Organizado,BRSSZ,SSZ0111,IB SP,Cais da Ilha Barnabé - Público,,Santos,2010-01-23 22:10:00,2010-01-23 22:10:00,2010-01-23 22:10:00,2010-01-25 02:50:00,2010-01-25 02:50:00,2010,jan,Movimentação da Carga,Longo Curso,,1,,"-46.301939,-23.966053",True,2010,1,1628.824,0.0,0.0,0.0,0.0,1628.824,0.0,0.0,0.0,0.0,0.0,1628.824,0.0,0.0,0.0,0.0,0.0,0.0,0.0,0.0,0.0,0.0,0.0,0.0,2207,,,,,,28.666666666686,,28.666666666686,28.666666666686
269757,9379894,Santos,Porto Organizado,BRSSZ,SSZ0112,IB BC,Cais da Ilha Barnabé - Público,,Santos,2010-01-23 22:50:00,2010-01-23 22:50:00,2010-01-23 22:50:00,2010-01-24 14:50:00,2010-01-24 14:50:00,2010,jan,Movimentação da Carga,Longo Curso,,1,,"-46.301939,-23.966053",True,2010,1,0.0,1998.415,0.0,0.0,0.0,0.0,1998.415,0.0,0.0,0.0,0.0,0.0,1998.415,0.0,0.0,0.0,0.0,0.0,0.0,0.0,0.0,0.0,0.0,0.0,,2916,,,,,15.999999999942,,15.999999999942,15.999999999942
269694,9323039,Santos,Porto Organizado,BRSSZ,SSZ0813,TECON 2,Cais da Santos Brasil (SSZ 16) - Privativo,,Guarujá,2010-01-23 23:00:00,2010-01-24 04:18:00,2010-01-24 04:18:00,2010-01-24 18:10:00,2010-01-24 18:10:00,2010,jan,Movimentação da Carga,Longo Curso,,1,,"-46.301939,-23.966053",True,2010,20,120.69000000000001,8323.785,0.0,0.0,0.0,0.0,0.0,0.0,74.5,120.69000000000001,8249.285,120.69000000000001,8323.785,0.0,18.0,805.0,2.0,42.0,116.9,8165.355,0.0,0.0,0.0,0.0,42G0,22G0,6.4944444444444445,10.143298136645962,5.2999999999884,,13.86666666664,,13.86666666664,19.166666666628
269765,9349825,Santos,Porto Organizado,BRSSZ,SSZ0812,TECON 3,Cais da Santos Brasil (SSZ 16) - Privativo,,Guarujá,2010-01-24 06:17:00,2010-01-24 06:17:00,2010-01-24 06:17:00,2010-01-24 21:35:00,2010-01-24 21:35:00,2010,jan,Movimentação da Carga,Longo Curso,,1,,"-46.301939,-23.966053",True,2010,32,2651.171,8408.945999999998,0.0,0.0,0.0,0.0,0.0,0.0,0.0,2651.171,8408.945999999998,2651.171,8408.945999999998,0.0,157.0,570.0,300.0,70.0,2091.267,8268.287,0.0,0.0,0.0,0.0,42G0,22G0,13.320171974522292,14.505766666666666,,,15.29999999993,,15.29999999993,15.29999999993
269325,8716899,Santos,Porto Organizado,BRSSZ,SSZ0641,ARM 31,Cais do Macuco - Público,,Santos,2010-01-24 07:10:00,2010-01-24 07:10:00,2010-01-24 07:10:00,2010-01-24 17:30:00,2010-01-24 17:30:00,2010,jan,Passageiro,Cabotagem,,1,,"-46.301939,-23.966053",True,2010,0,,,,,,,,,,,,,,,,,,,,,,,,,,,,,,,10.333333333314,,10.333333333314,10.333333333314
269497,9999988,Santos,Porto Organizado,BRSSZ,SSZ0664,ARM 34,Libra Terminais S/A (cadastro antigo),,Santos,2010-01-24 07:30:00,2010-01-24 07:30:00,2010-01-24 07:30:00,2010-01-25 21:00:00,2010-01-25 21:00:00,2010,jan,Movimentação da Carga,Cabotagem,,1,,"-46.301939,-23.966053",False,2010,1,417.5,0.0,0.0,0.0,0.0,0.0,0.0,417.5,0.0,0.0,0.0,0.0,0.0,0.0,0.0,0.0,0.0,0.0,0.0,0.0,0.0,0.0,0.0,0.0,8426,,,,,,37.5,,37.5,37.5
269311,8918136,Santos,Porto Organizado,BRSSZ,SSZ0652,ARM 31/32 + ARM 32,Cais do Macuco - Público,,Santos,2010-01-24 08:00:00,2010-01-24 08:00:00,2010-01-24 08:00:00,2010-01-24 18:37:00,2010-01-24 18:37:00,2010,jan,Passageiro,Cabotagem,,1,,"-46.301939,-23.966053",True,2010,0,,,,,,,,,,,,,,,,,,,,,,,,,,,,,,,10.616666666523,,10.616666666523,10.616666666523
269304,9320087,Santos,Porto Organizado,BRSSZ,SSZ0524,CONCAIS,Cais do Outeirinhos - Público,,Santos,2010-01-24 10:06:00,2010-01-24 10:06:00,2010-01-24 10:06:00,2010-01-24 19:45:00,2010-01-24 19:45:00,2010,jan,Passageiro,Longo Curso,,1,,"-46.301939,-23.966053",True,2010,0,,,,,,,,,,,,,,,,,,,,,,,,,,,,,,,9.6500000000233,,9.6500000000233,9.6500000000233
269733,9246592,Santos,Porto Organizado,BRSSZ,SSZ0211,CS 02 + CS 01,Cais do Saboó - Público,,Santos,2010-01-22 10:42:00,2010-01-24 10:30:00,2010-01-24 10:30:00,2010-01-25 01:10:00,2010-01-25 01:10:00,2010,jan,Movimentação da Carga,Longo Curso,,1,,"-46.301939,-23.966053",True,2010,29,1248.2810000000002,2937.613,0.0,0.0,0.0,0.0,0.0,840.768,1988.455,407.513,949.1579999999999,1248.2810000000002,2937.613,0.0,21.0,76.0,16.0,0.0,364.313,949.1579999999999,0.0,0.0,0.0,0.0,8709,9401,17.348238095238095,12.488921052631577,47.800000000047,,14.666666666628,,14.666666666628,62.466666666674
269758,9379894,Santos,Porto Organizado,BRSSZ,SSZ0103,AL 03,Píer da Alamoa - Público,,Santos,2010-01-24 15:32:00,2010-01-24 15:32:00,2010-01-24 15:32:00,2010-01-24 21:55:00,2010-01-24 21:55:00,2010,jan,Movimentação da Carga,Longo Curso,,1,,"-46.301939,-23.966053",True,2010,1,0.0,502.891,0.0,0.0,0.0,0.0,502.891,0.0,0.0,0.0,0.0,0.0,502.891,0.0,0.0,0.0,0.0,0.0,0.0,0.0,0.0,0.0,0.0,0.0,,2905,,,,,6.3833333333605,,6.3833333333605,6.3833333333605
269783,9125243,Santos,Porto Organizado,BRSSZ,SSZ0921,TERM.DOW,TUPs Santos (cadastro antigo),,Santos,2010-01-24 15:46:00,2010-01-24 15:46:00,2010-01-24 15:46:00,2010-01-25 20:45:00,2010-01-25 20:45:00,2010,jan,Movimentação da Carga,Cabotagem,,1,,"-46.301939,-23.966053",True,2010,4,0.0,13083.296999999999,0.0,0.0,0.0,0.0,13083.296999999999,0.0,0.0,0.0,0.0,0.0,0.0,0.0,0.0,0.0,0.0,0.0,0.0,0.0,0.0,0.0,0.0,0.0,,2815,,,,,28.983333333337,,28.983333333337,28.983333333337
249429,9125243,Terminal Marítimo Dow,Terminal Autorizado,BRSP005,BRSP0050077,DOW,Terminal Marítimo Dow,,Guarujá,2010-01-24 14:45:00,2010-01-24 16:20:00,2010-01-24 16:55:00,2010-01-25 19:15:00,2010-01-26 21:00:00,2010,jan,Movimentação da Carga,Cabotagem,,1,,"-46.866,-23.9821",True,2010,4,0.0,6579.0,0.0,0.0,0.0,0.0,6579.0,0.0,0.0,0.0,0.0,0.0,0.0,0.0,0.0,0.0,0.0,0.0,0.0,0.0,0.0,0.0,0.0,0.0,,2815,,,1.5833333332557,0.58333333331393,26.33333333343,25.749999999942,52.666666666686,54.249999999942
269785,8508577,Santos,Porto Organizado,BRSSZ,SSZ0419,ARM 19,Cais do Outeirinhos - Público,,Santos,2010-01-24 17:33:00,2010-01-24 17:33:00,2010-01-24 17:33:00,2010-01-26 10:50:00,2010-01-26 10:50:00,2010,jan,Movimentação da Carga,Longo Curso,,1,,"-46.301939,-23.966053",True,2010,1,25800.0,0.0,0.0,25800.0,0.0,0.0,0.0,0.0,0.0,0.0,0.0,25800.0,0.0,0.0,0.0,0.0,0.0,0.0,0.0,0.0,0.0,0.0,0.0,25800.0,1701,,,,,,41.283333333442,,41.283333333442,41.283333333442
269820,9456719,Santos,Porto Organizado,BRSSZ,SSZ0527,ARMAZÉM 27,Cais do Outeirinhos - Público,,Santos,2010-01-24 17:46:00,2010-01-24 17:46:00,2010-01-24 17:46:00,2010-01-25 20:50:00,2010-01-25 20:50:00,2010,jan,Movimentação da Carga,Longo Curso,,1,,"-46.301939,-23.966053",True,2010,1,0.0,276.336,0.0,0.0,0.0,0.0,0.0,0.0,0.0,0.0,276.336,0.0,276.336,0.0,0.0,23.0,0.0,0.0,0.0,276.336,0.0,0.0,0.0,0.0,,22G0,,12.014608695652175,,,27.066666666709,,27.066666666709,27.066666666709
269743,9315056,Santos,Porto Organizado,BRSSZ,SSZ0112,IB BC,Cais da Ilha Barnabé - Público,,Santos,2010-01-24 20:10:00,2010-01-24 20:10:00,2010-01-24 20:10:00,2010-01-26 00:30:00,2010-01-26 00:30:00,2010,jan,Movimentação da Carga,Longo Curso,,1,,"-46.301939,-23.966053",True,2010,1,0.0,8658.162,0.0,0.0,0.0,0.0,8658.162,0.0,0.0,0.0,0.0,0.0,0.0,0.0,0.0,0.0,0.0,0.0,0.0,0.0,0.0,0.0,0.0,0.0,,2710,,,,,28.333333333314,,28.333333333314,28.333333333314
269671,9371086,Santos,Porto Organizado,BRSSZ,SSZ0641,ARM 31,Cais do Macuco - Público,,Santos,2010-01-24 20:15:00,2010-01-24 20:15:00,2010-01-24 20:15:00,2010-01-27 16:15:00,2010-01-27 16:15:00,2010,jan,Movimentação da Carga,Longo Curso,,1,,"-46.301939,-23.966053",True,2010,2,17000.0,0.0,0.0,0.0,0.0,0.0,0.0,17000.0,0.0,0.0,0.0,17000.0,0.0,0.0,0.0,0.0,0.0,0.0,0.0,0.0,0.0,0.0,0.0,0.0,3912,,,,,,68.000000000058,,68.000000000058,68.000000000058
269766,9263344,Santos,Porto Organizado,BRSSZ,SSZ0813,TECON 2,Cais da Santos Brasil (SSZ 16) - Privativo,,Guarujá,2010-01-24 08:00:00,2010-01-24 20:30:00,2010-01-24 20:30:00,2010-01-25 06:05:00,2010-01-25 06:05:00,2010,jan,Movimentação da Carga,Longo Curso,,1,,"-46.301939,-23.966053",True,2010,10,6525.849,63.838,0.0,0.0,0.0,0.0,0.0,0.0,0.0,6525.849,63.838,6525.849,63.838,0.0,330.0,0.0,0.0,30.0,6525.849,0.0,0.0,0.0,0.0,0.0,22G0,22G0,19.7753,,12.499999999884,,9.5833333333139,,9.5833333333139,22.083333333198
269728,9151412,Santos,Porto Organizado,BRSSZ,SSZ0240,CORTE,Cais da Ecoporto (SSZ 35) - Privativo,,Santos,2010-01-24 22:35:00,2010-01-24 22:35:00,2010-01-24 22:35:00,2010-01-26 04:05:00,2010-01-26 04:05:00,2010,jan,Movimentação da Carga,Longo Curso,,1,,"-46.301939,-23.966053",True,2010,45,6819.094,5809.372,0.0,0.0,0.0,0.0,0.0,0.0,0.0,6819.094,5809.372,6819.094,5809.372,0.0,536.0,548.0,9.0,125.0,6802.094,5571.773,0.0,0.0,0.0,0.0,42G0,42G0,12.690473880597015,10.16746897810219,,,29.500000000116,,29.500000000116,29.500000000116
269787,9454204,Santos,Porto Organizado,BRSSZ,SSZ0415,ARM 15,Cais do Paquetá - Público,,Santos,2010-01-25 01:00:00,2010-01-25 01:00:00,2010-01-25 01:00:00,2010-01-27 12:40:00,2010-01-27 12:40:00,2010,jan,Movimentação da Carga,Longo Curso,,1,,"-46.301939,-23.966053",True,2010,4,0.0,4508.679,0.0,0.0,0.0,0.0,0.0,0.0,4508.679,0.0,0.0,0.0,4508.679,0.0,0.0,0.0,0.0,0.0,0.0,0.0,0.0,0.0,0.0,0.0,,7210,,,,,59.666666666802,,59.666666666802,59.666666666802
269781,9000297,Santos,Porto Organizado,BRSSZ,SSZ0901,ULTRAFERTIL,TUPs Santos (cadastro antigo),,Santos,2010-01-25 01:10:00,2010-01-25 01:10:00,2010-01-25 01:10:00,2010-01-27 15:30:00,2010-01-27 15:30:00,2010,jan,Movimentação da Carga,Longo Curso,,1,,"-46.301939,-23.966053",True,2010,1,0.0,34853.146,0.0,0.0,34853.146,0.0,0.0,0.0,0.0,0.0,0.0,0.0,34853.146,0.0,0.0,0.0,0.0,0.0,0.0,0.0,0.0,0.0,0.0,0.0,,2503,,,,,62.33333333343,,62.33333333343,62.33333333343
250080,9000297,Terminal Integrador Portuário Luiz Antonio Mesquita - TIPLAM,Terminal Autorizado,BRSP001,BRSP0010001,TUF1,Terminal Integrador Portuário Luiz Antonio Mesquita - TIPLAM,,Santos,2010-01-24 13:00:00,2010-01-25 02:00:00,2010-01-25 08:00:00,2010-01-27 10:20:00,2010-01-27 15:30:00,2010,jan,Movimentação da Carga,Longo Curso,,1,,"-46.3717,-23.8725",True,2010,1,0.0,34853.147,0.0,0.0,34853.147,0.0,0.0,0.0,0.0,0.0,0.0,0.0,34853.147,0.0,0.0,0.0,0.0,0.0,0.0,0.0,0.0,0.0,0.0,0.0,,2503,,,13.000000000116,6.0,50.333333333256,5.1666666667443,61.5,74.500000000116
269710,9236547,Santos,Porto Organizado,BRSSZ,SSZ0812,TECON 3,Cais da Santos Brasil (SSZ 16) - Privativo,,Guarujá,2010-01-24 21:02:00,2010-01-25 03:40:00,2010-01-25 03:40:00,2010-01-25 17:06:00,2010-01-25 17:06:00,2010,jan,Movimentação da Carga,Longo Curso,,1,,"-46.301939,-23.966053",True,2010,30,9094.403,192.38899999999998,0.0,0.0,0.0,0.0,0.0,0.0,0.0,9094.403,192.38899999999998,9094.403,192.38899999999998,0.0,576.0,18.0,0.0,0.0,9094.403,192.38899999999998,0.0,0.0,0.0,0.0,42G0,42G0,15.788894097222222,10.688277777777778,6.6333333334769,,13.433333333291,,13.433333333291,20.066666666768
269718,9169134,Santos,Porto Organizado,BRSSZ,SSZ0214,CS 04,Cais da Ecoporto (SSZ 35) - Privativo,,Santos,2010-01-25 05:25:00,2010-01-25 05:25:00,2010-01-25 05:25:00,2010-01-26 15:15:00,2010-01-26 15:15:00,2010,jan,Movimentação da Carga,Longo Curso,,1,,"-46.301939,-23.966053",True,2010,38,637.766,15355.474000000004,0.0,0.0,0.0,0.0,0.0,0.0,0.0,637.766,15355.474000000004,637.766,15355.474000000004,0.0,38.0,1421.0,66.0,22.0,494.04600000000005,15294.775000000003,0.0,0.0,0.0,0.0,42G0,22G0,13.001210526315791,10.76338845883181,,,33.833333333256,,33.833333333256,33.833333333256
269541,9356153,Santos,Porto Organizado,BRSSZ,SSZ0737,ARMAZÉM 37.1,T-37 (cadastro antigo),,Santos,2010-01-25 05:52:00,2010-01-25 05:52:00,2010-01-25 05:52:00,2010-01-26 00:45:00,2010-01-26 00:45:00,2010,jan,Movimentação da Carga,Cabotagem,,1,0010223860,"-46.301939,-23.966053",True,2010,36,10476.336999999998,2773.326,0.0,0.0,0.0,0.0,0.0,0.0,0.0,10476.336999999998,2773.326,0.0,0.0,0.0,661.0,275.0,4.0,10.0,10467.637999999997,2737.919,0.0,0.0,0.0,0.0,22G0,42G0,15.836063540090768,9.956069090909091,,,18.883333333419,,18.883333333419,18.883333333419
269654,9226815,Santos,Porto Organizado,BRSSZ,SSZ0212,CS.2,Cais do Saboó - Público,,Santos,2010-01-25 06:05:00,2010-01-25 06:05:00,2010-01-25 06:05:00,2010-01-25 12:20:00,2010-01-25 12:20:00,2010,jan,Movimentação da Carga,Longo Curso,,1,,"-46.301939,-23.966053",True,2010,4,28.35,848.35,0.0,0.0,0.0,0.0,0.0,0.0,0.0,28.35,848.35,28.35,848.35,0.0,2.0,2.0,0.0,410.0,28.35,28.35,0.0,0.0,0.0,0.0,42G0,42R0,14.175,14.175,,,6.2500000001164,,6.2500000001164,6.2500000001164
269737,8710986,Santos,Porto Organizado,BRSSZ,SSZ0213,CS 03,Cais do Saboó - Público,,Santos,2010-01-25 06:20:00,2010-01-25 06:20:00,2010-01-25 06:20:00,2010-01-26 12:50:00,2010-01-26 12:50:00,2010,jan,Movimentação da Carga,Longo Curso,,1,,"-46.301939,-23.966053",True,2010,43,8990.552,4155.775,0.0,0.0,0.0,0.0,0.0,0.0,0.0,8990.552,4155.775,8990.552,4155.775,0.0,571.0,217.0,58.0,30.0,8849.453,4085.026,0.0,0.0,0.0,0.0,42G0,42G0,15.498166374781086,18.82500460829493,,,30.499999999884,,30.499999999884,30.499999999884
269817,9453212,Santos,Porto Organizado,BRSSZ,SSZ0416,ARM 16/17,Cais do Outeirinhos - Público,,Santos,2010-01-25 06:25:00,2010-01-25 06:25:00,2010-01-25 06:25:00,2010-01-25 16:05:00,2010-01-25 16:05:00,2010,jan,Movimentação da Carga,Longo Curso,,1,,"-46.301939,-23.966053",True,2010,1,6600.0,0.0,0.0,6600.0,0.0,0.0,0.0,0.0,0.0,0.0,0.0,6600.0,0.0,0.0,0.0,0.0,0.0,0.0,0.0,0.0,0.0,0.0,0.0,6600.0,1701,,,,,,9.6666666667443,,9.6666666667443,9.6666666667443
269769,9372470,Santos,Porto Organizado,BRSSZ,SSZ0813,TECON 2,Cais da Santos Brasil (SSZ 16) - Privativo,,Guarujá,2010-01-24 18:30:00,2010-01-25 08:00:00,2010-01-25 08:00:00,2010-01-25 17:35:00,2010-01-25 17:35:00,2010,jan,Movimentação da Carga,Longo Curso,,1,,"-46.301939,-23.966053",True,2010,18,10236.349,4.0,0.0,0.0,0.0,0.0,0.0,0.0,0.0,10236.349,4.0,10236.349,4.0,0.0,631.0,0.0,29.0,2.0,10176.44,0.0,0.0,0.0,0.0,0.0,42G0,42G0,16.127480190174328,,13.5,,9.5833333333139,,9.5833333333139,23.083333333314
269748,8617108,Santos,Porto Organizado,BRSSZ,SSZ0102,AL 02,Píer da Alamoa - Público,,Santos,2010-01-25 09:10:00,2010-01-25 09:10:00,2010-01-25 09:10:00,2010-01-26 09:35:00,2010-01-26 09:35:00,2010,jan,Movimentação da Carga,Cabotagem,,1,3810484920,"-46.301939,-23.966053",True,2010,1,13324.595,0.0,0.0,0.0,0.0,13324.595,0.0,0.0,0.0,0.0,0.0,0.0,0.0,0.0,0.0,0.0,0.0,0.0,0.0,0.0,0.0,0.0,0.0,0.0,2710,,,,,,24.416666666628,,24.416666666628,24.416666666628
269894,8324385,Santos,Porto Organizado,BRSSZ,SSZ0913,COSIPA,TUPs Santos (cadastro antigo),,Santos,2010-01-25 11:40:00,2010-01-25 11:40:00,2010-01-25 11:40:00,2010-02-03 22:50:00,2010-02-03 22:50:00,2010,fev,Movimentação da Carga,Longo Curso,,1,,"-46.301939,-23.966053",True,2010,3,17647.319,0.0,0.0,0.0,0.0,0.0,0.0,17647.319,0.0,0.0,0.0,17647.319,0.0,0.0,0.0,0.0,0.0,0.0,0.0,0.0,0.0,0.0,0.0,0.0,7211,,,,,,,,,227.16666666674
269702,9309277,Santos,Porto Organizado,BRSSZ,SSZ0676,ARM 35P2,Cais do Macuco - Público,,Santos,2010-01-25 12:05:00,2010-01-25 12:05:00,2010-01-25 12:05:00,2010-01-26 03:20:00,2010-01-26 03:20:00,2010,jan,Movimentação da Carga,Longo Curso,,1,,"-46.301939,-23.966053",True,2010,24,20.0,8991.588000000002,0.0,0.0,0.0,0.0,0.0,0.0,0.0,20.0,8991.588000000002,0.0,8971.588000000002,0.0,2.0,617.0,0.0,7.0,20.0,8970.409000000001,0.0,0.0,0.0,0.0,42G0,22G0,10.0,14.538750405186388,,,15.250000000116,,15.250000000116,15.250000000116
269762,9304021,Santos,Porto Organizado,BRSSZ,SSZ0914,COSIPA,TUPs Santos (cadastro antigo),,Santos,2010-01-25 12:25:00,2010-01-25 12:25:00,2010-01-25 12:25:00,2010-01-31 12:15:00,2010-01-31 12:15:00,2010,jan,Movimentação da Carga,Longo Curso,,1,,"-46.301939,-23.966053",True,2010,3,6433.135,0.0,0.0,0.0,0.0,0.0,0.0,6433.135,0.0,0.0,0.0,6433.135,0.0,0.0,0.0,0.0,0.0,0.0,0.0,0.0,0.0,0.0,0.0,0.0,7211,,,,,,143.83333333331,,143.83333333331,143.83333333331
262687,9304021,Terminal Marítimo Privativo de Cubatão - TMPC,Terminal Autorizado,BRSP002,BRSP0020004,Cais I #4,Terminal Marítimo Privativo de Cubatão - TMPC,,Cubatão,2010-01-25 07:30:00,2010-01-25 13:30:00,2010-01-25 17:10:00,2010-01-30 19:00:00,2010-01-31 12:25:00,2010,jan,Movimentação da Carga,Longo Curso,,1,,"-46.3764,-23.8708",True,2010,5,6432.793000000001,0.0,0.0,0.0,0.0,0.0,0.0,6432.793000000001,0.0,0.0,0.0,6432.793000000001,0.0,0.0,0.0,0.0,0.0,0.0,0.0,0.0,0.0,0.0,0.0,0.0,7211,,,,6.0,3.6666666667443,121.8333333332,17.416666666686,142.91666666663,148.91666666663
269935,8207953,Santos,Porto Organizado,BRSSZ,SSZ0416,ARM 16/17,Cais do Outeirinhos - Público,,Santos,2010-01-25 18:00:00,2010-01-25 18:00:00,2010-01-25 18:00:00,2010-02-01 11:15:00,2010-02-01 11:15:00,2010,fev,Movimentação da Carga,Longo Curso,,1,,"-46.301939,-23.966053",True,2010,1,14000.0,0.0,0.0,0.0,0.0,0.0,0.0,14000.0,0.0,0.0,0.0,14000.0,0.0,0.0,0.0,0.0,0.0,0.0,0.0,0.0,0.0,0.0,0.0,0.0,1701,,,,,,161.25,,161.25,161.25
269786,9283186,Santos,Porto Organizado,BRSSZ,SSZ0813,TECON 2,Cais da Santos Brasil (SSZ 16) - Privativo,,Guarujá,2010-01-25 19:55:00,2010-01-25 19:55:00,2010-01-25 19:55:00,2010-01-26 13:20:00,2010-01-26 13:20:00,2010,jan,Movimentação da Carga,Longo Curso,,1,,"-46.301939,-23.966053",True,2010,14,5943.16,453.9,0.0,0.0,0.0,0.0,0.0,0.0,0.0,5943.16,453.9,5943.16,453.9,0.0,46.0,46.0,2590.0,0.0,453.9,453.9,0.0,0.0,0.0,0.0,42G0,42G0,9.867391304347825,9.867391304347825,,,17.416666666686,,17.416666666686,17.416666666686
269907,9186235,Santos,Porto Organizado,BRSSZ,SSZ0912,COSIPA,TUPs Santos (cadastro antigo),,Santos,2010-01-25 20:15:00,2010-01-25 20:15:00,2010-01-25 20:15:00,2010-02-04 03:15:00,2010-02-04 03:15:00,2010,fev,Movimentação da Carga,Longo Curso,,1,,"-46.301939,-23.966053",True,2010,3,14367.044000000002,0.0,0.0,0.0,0.0,0.0,0.0,14367.044000000002,0.0,0.0,0.0,14367.044000000002,0.0,0.0,0.0,0.0,0.0,0.0,0.0,0.0,0.0,0.0,0.0,0.0,7211,,,,,,,,,222.99999999994
269815,8301814,Santos,Porto Organizado,BRSSZ,SSZ0101,AL 01,Píer da Alamoa - Público,,Santos,2010-01-25 20:25:00,2010-01-25 20:25:00,2010-01-25 20:25:00,2010-01-28 22:35:00,2010-01-28 22:35:00,2010,jan,Movimentação da Carga,Cabotagem,,1,3810474380,"-46.301939,-23.966053",True,2010,2,25593.059,0.0,0.0,0.0,0.0,25593.059,0.0,0.0,0.0,0.0,0.0,0.0,0.0,0.0,0.0,0.0,0.0,0.0,0.0,0.0,0.0,0.0,0.0,0.0,2710,,,,,,74.16666666657,,74.16666666657,74.16666666657
269770,9372482,Santos,Porto Organizado,BRSSZ,SSZ0812,TECON 3,Cais da Santos Brasil (SSZ 16) - Privativo,,Guarujá,2010-01-25 21:05:00,2010-01-25 21:05:00,2010-01-25 21:05:00,2010-01-27 00:40:00,2010-01-27 00:40:00,2010,jan,Movimentação da Carga,Longo Curso,,1,,"-46.301939,-23.966053",True,2010,25,1092.765,18119.062000000005,0.0,0.0,0.0,0.0,0.0,0.0,0.0,1092.765,18119.062000000005,1092.765,18119.062000000005,0.0,62.0,1091.0,164.0,888.0,777.317,16342.942,0.0,0.0,0.0,0.0,42G0,22G0,12.537370967741936,14.979781851512373,,,27.583333333489,,27.583333333489,27.583333333489
262772,9186235,Terminal Marítimo Privativo de Cubatão - TMPC,Terminal Autorizado,BRSP002,BRSP0020002,Pier #2,Terminal Marítimo Privativo de Cubatão - TMPC,,Cubatão,2010-01-25 16:30:00,2010-01-25 21:30:00,2010-01-25 22:30:00,2010-02-03 22:15:00,2010-02-04 03:15:00,2010,fev,Movimentação da Carga,Longo Curso,,1,,"-46.3764,-23.8708",True,2010,5,14367.045,0.0,0.0,0.0,0.0,0.0,0.0,14367.045,0.0,0.0,0.0,14367.045,0.0,0.0,0.0,0.0,0.0,0.0,0.0,0.0,0.0,0.0,0.0,0.0,7211,,,,5.0000000000582,0.99999999994179,215.75000000006,4.9999999998836,221.74999999988,226.74999999994
269887,7639927,Santos,Porto Organizado,BRSSZ,SSZ0412,ARM 12A,Cais do Paquetá - Público,,Santos,2010-01-25 22:10:00,2010-01-25 22:10:00,2010-01-25 22:10:00,2010-02-01 22:45:00,2010-02-01 22:45:00,2010,fev,Movimentação da Carga,Longo Curso,,1,,"-46.301939,-23.966053",True,2010,2,0.0,15005.514,0.0,0.0,15005.514,0.0,0.0,0.0,0.0,0.0,0.0,0.0,15005.514,0.0,0.0,0.0,0.0,0.0,0.0,0.0,0.0,0.0,0.0,0.0,,1001,,,,,168.58333333331,,168.58333333331,168.58333333331
269750,9143221,Santos,Porto Organizado,BRSSZ,SSZ0103,AL 03,Píer da Alamoa - Público,,Santos,2010-01-25 22:15:00,2010-01-25 22:15:00,2010-01-25 22:15:00,2010-01-26 08:55:00,2010-01-26 08:55:00,2010,jan,Movimentação da Carga,Longo Curso,,1,,"-46.301939,-23.966053",True,2010,1,0.0,1999.13,0.0,0.0,0.0,0.0,1999.13,0.0,0.0,0.0,0.0,0.0,1999.13,0.0,0.0,0.0,0.0,0.0,0.0,0.0,0.0,0.0,0.0,0.0,,1512,,,,,10.666666666686,,10.666666666686,10.666666666686
269735,9440784,Santos,Porto Organizado,BRSSZ,SSZ0665,ARM 35.0,Libra Terminais S/A (cadastro antigo),,Santos,2010-01-26 00:28:00,2010-01-26 00:28:00,2010-01-26 00:28:00,2010-01-27 00:45:00,2010-01-27 00:45:00,2010,jan,Movimentação da Carga,Longo Curso,,1,,"-46.301939,-23.966053",True,2010,45,907.007,6545.639,0.0,0.0,0.0,0.0,0.0,0.0,0.0,907.007,6545.639,0.0,6512.259,0.0,74.0,447.0,37.0,396.0,830.6379999999999,5614.616,0.0,0.0,0.0,0.0,42G0,22G0,11.224837837837837,12.560662192393735,,,24.283333333384,,24.283333333384,24.283333333384
269773,8613554,Santos,Porto Organizado,BRSSZ,SSZ0104,AL 04,Píer da Alamoa - Público,,Santos,2010-01-26 02:00:00,2010-01-26 02:00:00,2010-01-26 02:00:00,2010-01-26 22:20:00,2010-01-26 22:20:00,2010,jan,Movimentação da Carga,Longo Curso,,1,,"-46.301939,-23.966053",True,2010,2,0.0,1773.522,0.0,0.0,0.0,0.0,1773.522,0.0,0.0,0.0,0.0,0.0,1773.522,0.0,0.0,0.0,0.0,0.0,0.0,0.0,0.0,0.0,0.0,0.0,,1511,,,,,20.333333333256,,20.333333333256,20.333333333256
269734,9348065,Santos,Porto Organizado,BRSSZ,SSZ0676,ARM 35P2,Cais do Macuco - Público,,Santos,2010-01-24 20:30:00,2010-01-26 06:10:00,2010-01-26 06:10:00,2010-01-27 10:39:00,2010-01-27 10:39:00,2010,jan,Movimentação da Carga,Longo Curso,,1,,"-46.301939,-23.966053",True,2010,58,11945.283000000001,1822.929,0.0,0.0,0.0,0.0,0.0,180.4,0.0,11764.883000000002,1822.929,11704.585000000001,0.0,0.0,704.0,220.0,233.0,2.0,11291.035,1818.009,0.0,0.0,0.0,0.0,42R0,42G0,16.038401988636362,8.263677272727273,33.666666666744,,28.483333333279,,28.483333333279,62.150000000023
269479,9190743,Santos,Porto Organizado,BRSSZ,SSZ0737,ARMAZÉM 37.1,T-37 (cadastro antigo),,Santos,2010-01-26 07:00:00,2010-01-26 07:00:00,2010-01-26 07:00:00,2010-01-27 00:35:00,2010-01-27 00:35:00,2010,jan,Movimentação da Carga,Longo Curso,,1,,"-46.301939,-23.966053",True,2010,24,10654.962,1959.866,0.0,0.0,0.0,0.0,0.0,0.0,0.0,10654.962,1959.866,10654.962,1945.296,0.0,566.0,117.0,300.0,6.0,10071.432,1945.296,0.0,0.0,0.0,0.0,22G0,42R0,17.794049469964666,16.626461538461538,,,17.583333333372,,17.583333333372,17.583333333372
269800,9177040,Santos,Porto Organizado,BRSSZ,SSZ0814,TECON 1.1,Cais da Santos Brasil (SSZ 16) - Privativo,,Guarujá,2010-01-26 09:15:00,2010-01-26 09:15:00,2010-01-26 09:15:00,2010-01-26 23:10:00,2010-01-26 23:10:00,2010,jan,Movimentação da Carga,Longo Curso,,1,,"-46.301939,-23.966053",True,2010,12,1631.4,358.43,0.0,0.0,0.0,0.0,0.0,1631.4,358.43,0.0,0.0,1631.4,358.43,0.0,0.0,0.0,0.0,0.0,0.0,0.0,0.0,0.0,0.0,0.0,8703,8703,,,,,13.916666666802,,13.916666666802,13.916666666802
269751,9143221,Santos,Porto Organizado,BRSSZ,SSZ0111,IB SP,Cais da Ilha Barnabé - Público,,Santos,2010-01-26 09:30:00,2010-01-26 09:30:00,2010-01-26 09:30:00,2010-01-27 14:08:00,2010-01-27 14:08:00,2010,jan,Movimentação da Carga,Longo Curso,,1,,"-46.301939,-23.966053",True,2010,2,0.0,4859.649,0.0,0.0,0.0,0.0,4859.649,0.0,0.0,0.0,0.0,0.0,1760.994,0.0,0.0,0.0,0.0,0.0,0.0,0.0,0.0,0.0,0.0,0.0,,2710,,,,,28.633333333244,,28.633333333244,28.633333333244
269749,8617108,Santos,Porto Organizado,BRSSZ,SSZ0103,AL 03,Píer da Alamoa - Público,,Santos,2010-01-26 09:45:00,2010-01-26 09:45:00,2010-01-26 09:45:00,2010-01-29 00:40:00,2010-01-29 00:40:00,2010,jan,Movimentação da Carga,Cabotagem,,1,3810484920,"-46.301939,-23.966053",True,2010,1,12016.861,0.0,0.0,0.0,0.0,12016.861,0.0,0.0,0.0,0.0,0.0,12016.861,0.0,0.0,0.0,0.0,0.0,0.0,0.0,0.0,0.0,0.0,0.0,0.0,2710,,,,,,62.916666666744,,62.916666666744,62.916666666744
269814,9312315,Santos,Porto Organizado,BRSSZ,SSZ0419,ARM 19,Cais do Outeirinhos - Público,,Santos,2010-01-23 19:30:00,2010-01-26 11:45:00,2010-01-26 11:45:00,2010-01-28 21:50:00,2010-01-28 21:50:00,2010,jan,Movimentação da Carga,Longo Curso,,1,,"-46.301939,-23.966053",True,2010,1,16561.2,0.0,0.0,16561.2,0.0,0.0,0.0,0.0,0.0,0.0,0.0,16561.2,0.0,0.0,0.0,0.0,0.0,0.0,0.0,0.0,0.0,0.0,0.0,16561.2,1701,,,,64.250000000058,,58.083333333198,,58.083333333198,122.33333333326
269558,9410519,Santos,Porto Organizado,BRSSZ,SSZ0112,IB BC,Cais da Ilha Barnabé - Público,,Santos,2010-01-26 12:40:00,2010-01-26 12:40:00,2010-01-26 12:40:00,2010-01-27 02:45:00,2010-01-27 02:45:00,2010,jan,Movimentação da Carga,Longo Curso,,1,,"-46.301939,-23.966053",True,2010,1,0.0,784.971,0.0,0.0,0.0,0.0,784.971,0.0,0.0,0.0,0.0,0.0,0.0,0.0,0.0,0.0,0.0,0.0,0.0,0.0,0.0,0.0,0.0,0.0,,2207,,,,,14.083333333314,,14.083333333314,14.083333333314
269793,9409077,Santos,Porto Organizado,BRSSZ,SSZ0420,ARM 20/21,Cais do Outeirinhos - Público,,Santos,2010-01-26 15:25:00,2010-01-26 15:25:00,2010-01-26 15:25:00,2010-01-29 02:20:00,2010-01-29 02:20:00,2010,jan,Movimentação da Carga,Longo Curso,,1,,"-46.301939,-23.966053",True,2010,1,51555.989,0.0,0.0,51555.989,0.0,0.0,0.0,0.0,0.0,0.0,0.0,51555.989,0.0,0.0,0.0,0.0,0.0,0.0,0.0,0.0,0.0,0.0,0.0,51555.989,1701,,,,,,58.916666666628,,58.916666666628,58.916666666628
269711,9348089,Santos,Porto Organizado,BRSSZ,SSZ0813,TECON 2,Cais da Santos Brasil (SSZ 16) - Privativo,,Guarujá,2010-01-26 16:10:00,2010-01-26 16:10:00,2010-01-26 16:10:00,2010-01-27 14:05:00,2010-01-27 14:05:00,2010,jan,Movimentação da Carga,Longo Curso,,1,,"-46.301939,-23.966053",True,2010,37,3612.409,22457.341999999997,0.0,0.0,0.0,0.0,0.0,0.0,0.0,3612.409,22457.341999999997,3612.409,22457.341999999997,0.0,268.0,1813.0,300.0,19.0,3011.86,22416.741999999995,0.0,0.0,0.0,0.0,42G0,42G0,11.238283582089553,12.364446773303913,,,21.916666666686,,21.916666666686,21.916666666686
269641,8130291,Santos,Porto Organizado,BRSSZ,SSZ0652,ARM 31/32 + ARM 32,Cais do Macuco - Público,,Santos,2010-01-26 18:25:00,2010-01-26 18:25:00,2010-01-26 18:25:00,2010-01-28 05:13:00,2010-01-28 05:13:00,2010,jan,Movimentação da Carga,Longo Curso,,1,,"-46.301939,-23.966053",True,2010,2,3358.369,0.0,0.0,0.0,0.0,0.0,0.0,3358.369,0.0,0.0,0.0,3358.369,0.0,0.0,0.0,0.0,0.0,0.0,0.0,0.0,0.0,0.0,0.0,0.0,7601,,,,,,34.800000000105,,34.800000000105,34.800000000105
269801,9177040,Santos,Porto Organizado,BRSSZ,SSZ0213,CS 03,Cais do Saboó - Público,,Santos,2010-01-27 00:05:00,2010-01-27 00:05:00,2010-01-27 00:05:00,2010-01-27 05:44:00,2010-01-27 05:44:00,2010,jan,Movimentação da Carga,Longo Curso,,1,,"-46.301939,-23.966053",True,2010,7,648.725,0.0,0.0,0.0,0.0,0.0,0.0,624.725,0.0,24.0,0.0,648.725,0.0,0.0,0.0,0.0,6.0,0.0,0.0,0.0,0.0,0.0,0.0,0.0,8704,,,,,,5.6500000000815,,5.6500000000815,5.6500000000815
269806,9274317,Santos,Porto Organizado,BRSSZ,SSZ0104,AL 04,Píer da Alamoa - Público,,Santos,2010-01-27 00:45:00,2010-01-27 00:45:00,2010-01-27 00:45:00,2010-01-29 09:00:00,2010-01-29 09:00:00,2010,jan,Movimentação da Carga,Longo Curso,,1,,"-46.301939,-23.966053",True,2010,5,0.0,6816.743,0.0,0.0,0.0,0.0,6816.743,0.0,0.0,0.0,0.0,0.0,6816.743,0.0,0.0,0.0,0.0,0.0,0.0,0.0,0.0,0.0,0.0,0.0,,3907,,,,,56.25,,56.25,56.25
269703,9338840,Santos,Porto Organizado,BRSSZ,SSZ0211,CS 02 + CS 01,Cais do Saboó - Público,,Santos,2010-01-27 01:05:00,2010-01-27 01:05:00,2010-01-27 01:05:00,2010-01-27 18:15:00,2010-01-27 18:15:00,2010,jan,Movimentação da Carga,Longo Curso,,1,,"-46.301939,-23.966053",True,2010,11,1557.059,15.99,0.0,0.0,0.0,0.0,0.0,1557.059,15.99,0.0,0.0,1557.059,15.99,0.0,0.0,0.0,0.0,0.0,0.0,0.0,0.0,0.0,0.0,0.0,8709,8701,,,,,17.16666666657,,17.16666666657,17.16666666657
269724,9347281,Santos,Porto Organizado,BRSSZ,SSZ0811,TECON 1.2,Cais da Santos Brasil (SSZ 16) - Privativo,,Guarujá,2010-01-27 01:10:00,2010-01-27 01:10:00,2010-01-27 01:10:00,2010-01-27 13:10:00,2010-01-27 13:10:00,2010,jan,Movimentação da Carga,Longo Curso,,1,,"-46.301939,-23.966053",True,2010,27,3381.78,3522.2270000000003,0.0,0.0,0.0,0.0,0.0,0.0,0.0,3381.78,3522.2270000000003,3381.78,3522.2270000000003,0.0,202.0,251.0,125.0,69.0,3116.5860000000002,3381.1470000000004,0.0,0.0,0.0,0.0,42G0,42G0,15.428643564356436,13.47070517928287,,,12.0,,12.0,12.0
269553,9233844,Santos,Porto Organizado,BRSSZ,SSZ0214,CS 04,Cais da Ecoporto (SSZ 35) - Privativo,,Santos,2010-01-27 01:20:00,2010-01-27 01:20:00,2010-01-27 01:20:00,2010-01-28 13:10:00,2010-01-28 13:10:00,2010,jan,Movimentação da Carga,Longo Curso,,1,,"-46.301939,-23.966053",True,2010,29,13153.199,175.885,0.0,0.0,0.0,0.0,0.0,0.0,0.0,13153.199,175.885,13153.199,175.885,0.0,827.0,12.0,295.0,3.0,12570.380000000001,168.885,0.0,0.0,0.0,0.0,22G0,22G0,15.199975816203144,14.073749999999999,,,35.833333333314,,35.833333333314,35.833333333314
269628,9352418,Santos,Porto Organizado,BRSSZ,SSZ0737,ARMAZÉM 37.1,T-37 (cadastro antigo),,Santos,2010-01-26 08:30:00,2010-01-27 03:00:00,2010-01-27 03:00:00,2010-01-27 20:45:00,2010-01-27 20:45:00,2010,jan,Movimentação da Carga,Longo Curso,,1,,"-46.301939,-23.966053",True,2010,22,9193.666000000001,773.423,0.0,0.0,0.0,0.0,0.0,0.0,0.0,9193.666000000001,773.423,8804.567000000001,0.0,0.0,611.0,28.0,118.0,180.0,8946.974000000002,421.55300000000005,0.0,0.0,0.0,0.0,42G0,42G0,14.643165302782327,15.055464285714288,18.500000000058,,17.750000000058,,17.750000000058,36.250000000116
269771,9225079,Santos,Porto Organizado,BRSSZ,SSZ0812,TECON 3,Cais da Santos Brasil (SSZ 16) - Privativo,,Guarujá,2010-01-26 13:00:00,2010-01-27 03:00:00,2010-01-27 03:00:00,2010-01-28 01:55:00,2010-01-28 01:55:00,2010,jan,Movimentação da Carga,Longo Curso,,1,,"-46.301939,-23.966053",True,2010,11,22325.019000000004,6098.197999999999,0.0,0.0,0.0,0.0,0.0,0.0,0.0,22325.019000000004,6098.197999999999,22325.019000000004,6098.197999999999,0.0,1149.0,384.0,0.0,0.0,22325.019000000004,6098.197999999999,0.0,0.0,0.0,0.0,22G0,42G0,19.429955613577025,15.880723958333332,14.000000000058,,22.916666666628,,22.916666666628,36.916666666686
269717,9317860,Santos,Porto Organizado,BRSSZ,SSZ0112,IB BC,Cais da Ilha Barnabé - Público,,Santos,2010-01-26 14:00:00,2010-01-27 04:05:00,2010-01-27 04:05:00,2010-01-29 00:40:00,2010-01-29 00:40:00,2010,jan,Movimentação da Carga,Longo Curso,,1,,"-46.301939,-23.966053",True,2010,1,0.0,4072.28,0.0,0.0,0.0,0.0,4072.28,0.0,0.0,0.0,0.0,0.0,4072.28,0.0,0.0,0.0,0.0,0.0,0.0,0.0,0.0,0.0,0.0,0.0,,2915,,,14.083333333314,,44.583333333372,,44.583333333372,58.666666666686
269795,9392339,Santos,Porto Organizado,BRSSZ,SSZ0814,TECON 1.1,Cais da Santos Brasil (SSZ 16) - Privativo,,Guarujá,2010-01-27 05:50:00,2010-01-27 05:50:00,2010-01-27 05:50:00,2010-01-27 19:37:00,2010-01-27 19:37:00,2010,jan,Movimentação da Carga,Longo Curso,,1,,"-46.301939,-23.966053",True,2010,1,2048.989,0.0,0.0,0.0,0.0,0.0,0.0,2048.989,0.0,0.0,0.0,2048.989,0.0,0.0,0.0,0.0,0.0,0.0,0.0,0.0,0.0,0.0,0.0,0.0,8703,,,,,,13.783333333384,,13.783333333384,13.783333333384
250212,9057123,Sucocítrico Cutrale,Terminal Autorizado,BRSP004,BRSP0048932,Cutrale,Sucocítrico Cutrale,,Guarujá,2010-01-27 09:47:00,2010-01-27 09:47:00,2010-01-27 19:30:00,2010-01-30 00:50:00,2010-01-30 07:39:00,2010,jan,Movimentação da Carga,Longo Curso,,1,,"-46.2864,-23.9797",True,2010,3,12821.619999999999,0.0,0.0,0.0,0.0,12821.619999999999,0.0,0.0,0.0,0.0,0.0,12821.619999999999,0.0,0.0,0.0,0.0,0.0,0.0,0.0,0.0,0.0,0.0,0.0,0.0,2009,,,,,9.7166666667326,53.333333333256,6.8166666667094,69.866666666698,69.866666666698
269715,9057123,Santos,Porto Organizado,BRSSZ,SSZ0931,CUTRALE,TUPs Santos (cadastro antigo),,Santos,2010-01-27 09:50:00,2010-01-27 09:50:00,2010-01-27 09:50:00,2010-01-30 07:40:00,2010-01-30 07:40:00,2010,jan,Movimentação da Carga,Longo Curso,,1,,"-46.301939,-23.966053",True,2010,2,12821.617999999999,0.0,0.0,0.0,0.0,12821.617999999999,0.0,0.0,0.0,0.0,0.0,12821.617999999999,0.0,0.0,0.0,0.0,0.0,0.0,0.0,0.0,0.0,0.0,0.0,0.0,2009,,,,,,69.83333333343,,69.83333333343,69.83333333343
269725,9169122,Santos,Porto Organizado,BRSSZ,SSZ0665,ARM 35.0,Libra Terminais S/A (cadastro antigo),,Santos,2010-01-27 12:44:00,2010-01-27 12:44:00,2010-01-27 12:44:00,2010-01-28 05:05:00,2010-01-28 05:05:00,2010,jan,Movimentação da Carga,Longo Curso,,1,,"-46.301939,-23.966053",True,2010,14,0.0,12114.237,0.0,0.0,0.0,0.0,0.0,0.0,0.0,0.0,12114.237,0.0,12114.237,0.0,0.0,892.0,0.0,0.0,0.0,12114.237,0.0,0.0,0.0,0.0,,22G0,,13.580983183856501,,,16.350000000035,,16.350000000035,16.350000000035
269788,9454204,Santos,Porto Organizado,BRSSZ,SSZ0413,ARM 13/14,Cais do Paquetá - Público,,Santos,2010-01-27 14:10:00,2010-01-27 14:10:00,2010-01-27 14:10:00,2010-01-29 17:15:00,2010-01-29 17:15:00,2010,jan,Movimentação da Carga,Longo Curso,,1,,"-46.301939,-23.966053",True,2010,2,0.0,1134.068,0.0,0.0,0.0,0.0,0.0,0.0,1134.068,0.0,0.0,0.0,1134.068,0.0,0.0,0.0,0.0,0.0,0.0,0.0,0.0,0.0,0.0,0.0,,7210,,,,,51.083333333256,,51.083333333256,51.083333333256
269780,9304289,Santos,Porto Organizado,BRSSZ,SSZ0915,COSIPA,TUPs Santos (cadastro antigo),,Santos,2010-01-27 15:00:00,2010-01-27 15:00:00,2010-01-27 15:00:00,2010-01-30 11:20:00,2010-01-30 11:20:00,2010,jan,Movimentação da Carga,Longo Curso,,1,,"-46.301939,-23.966053",True,2010,1,0.0,49914.385,0.0,0.0,49914.385,0.0,0.0,0.0,0.0,0.0,0.0,0.0,49914.385,0.0,0.0,0.0,0.0,0.0,0.0,0.0,0.0,0.0,0.0,0.0,,2704,,,,,68.333333333256,,68.333333333256,68.333333333256
269823,9260029,Santos,Porto Organizado,BRSSZ,SSZ0102,AL 02,Píer da Alamoa - Público,,Santos,2010-01-27 15:05:00,2010-01-27 15:05:00,2010-01-27 15:05:00,2010-01-28 16:15:00,2010-01-28 16:15:00,2010,jan,Movimentação da Carga,Cabotagem,,1,,"-46.301939,-23.966053",True,2010,1,22065.809,0.0,0.0,0.0,0.0,22065.809,0.0,0.0,0.0,0.0,0.0,0.0,0.0,0.0,0.0,0.0,0.0,0.0,0.0,0.0,0.0,0.0,0.0,0.0,2710,,,,,,25.166666666802,,25.166666666802,25.166666666802
269772,8413291,Santos,Porto Organizado,BRSSZ,SSZ0811,TECON 1.2,Cais da Santos Brasil (SSZ 16) - Privativo,,Guarujá,2010-01-27 04:36:00,2010-01-27 16:05:00,2010-01-27 16:05:00,2010-01-28 01:10:00,2010-01-28 01:10:00,2010,jan,Movimentação da Carga,Longo Curso,,1,,"-46.301939,-23.966053",True,2010,19,3192.577,1736.8880000000001,0.0,0.0,0.0,0.0,0.0,0.0,0.0,3192.577,1736.8880000000001,3192.577,1736.8880000000001,0.0,193.0,138.0,0.0,0.0,3192.577,1736.8880000000001,0.0,0.0,0.0,0.0,42G0,42G0,16.541849740932644,12.586144927536234,11.483333333395,,9.0833333332557,,9.0833333332557,20.566666666651
250112,9304289,Terminal Marítimo Privativo de Cubatão - TMPC,Terminal Autorizado,BRSP002,BRSP0020005,Cais II #5,Terminal Marítimo Privativo de Cubatão - TMPC,,Cubatão,2010-01-27 13:00:00,2010-01-27 16:15:00,2010-01-27 16:40:00,2010-01-30 08:15:00,2010-01-30 11:30:00,2010,jan,Movimentação da Carga,Longo Curso,,1,,"-46.3764,-23.8708",True,2010,1,0.0,49914.386,0.0,0.0,49914.386,0.0,0.0,0.0,0.0,0.0,0.0,0.0,49914.386,0.0,0.0,0.0,0.0,0.0,0.0,0.0,0.0,0.0,0.0,0.0,,2704,,,3.2500000001164,0.41666666662786,63.583333333314,3.2499999999418,67.249999999884,70.5
269760,9185736,Santos,Porto Organizado,BRSSZ,SSZ0803,TGG,Píer da TGG (SSZ 14) - Privativo,,Guarujá,2010-01-27 13:00:00,2010-01-27 16:20:00,2010-01-27 16:20:00,2010-01-28 13:58:00,2010-01-28 13:58:00,2010,jan,Movimentação da Carga,Longo Curso,,1,,"-46.301939,-23.966053",True,2010,2,5805.059,0.0,0.0,5805.059,0.0,0.0,0.0,0.0,0.0,0.0,0.0,3306.215,0.0,0.0,0.0,0.0,0.0,0.0,0.0,0.0,0.0,0.0,0.0,0.0,2302,,,,3.3333333333721,,21.633333333302,,21.633333333302,24.966666666674
