id_atracacao,imo,instalacao,complexo,tipo_instalacao,cdtup,id_berco,berco,uf,data_chegada,data_atracacao,data_desatracacao,tipo_operacao_atracacao,tipo_navegacao_atracacao,em_santos,t_emb_total,t_desemb_total,t_emb_granel_solido,t_emb_longo_curso,teu_cheio_emb,teu_cheio_desemb,t_bruta_cheio_emb,sh4_principal_emb,seq_imo
602687,0047802,Base Logística de Dutos,Santos,Terminal Autorizado,BRSP009,BRSP0090001,Cais 1,SP,2014-04-01 12:40:00,2014-04-01 12:55:00,2014-04-02 05:45:00,Movimentação da Carga,Interior,True,0.0,356.4,0.0,0.0,0.0,0.0,0.0,,1
602688,0047802,Base Logística de Dutos,Santos,Terminal Autorizado,BRSP009,BRSP0090001,Cais 1,SP,2014-04-02 12:30:00,2014-04-02 12:45:00,2014-04-03 05:30:00,Movimentação da Carga,Interior,True,0.0,359.2,0.0,0.0,0.0,0.0,0.0,,2
602689,0047802,Base Logística de Dutos,Santos,Terminal Autorizado,BRSP009,BRSP0090001,Cais 1,SP,2014-04-03 12:45:00,2014-04-03 13:00:00,2014-04-04 05:40:00,Movimentação da Carga,Interior,True,0.0,386.2,0.0,0.0,0.0,0.0,0.0,,3
602699,0047802,Base Logística de Dutos,Santos,Terminal Autorizado,BRSP009,BRSP0090001,Cais 1,SP,2014-04-07 12:30:00,2014-04-07 12:45:00,2014-04-14 05:40:00,Movimentação da Carga,Interior,True,0.0,391.0,0.0,0.0,0.0,0.0,0.0,,4
603876,0047802,Base Logística de Dutos,Santos,Terminal Autorizado,BRSP009,BRSP0090001,Cais 1,SP,2014-04-14 12:20:00,2014-04-14 12:35:00,2014-04-15 05:30:00,Movimentação da Carga,Interior,True,0.0,281.4,0.0,0.0,0.0,0.0,0.0,,5
603877,0047802,Base Logística de Dutos,Santos,Terminal Autorizado,BRSP009,BRSP0090001,Cais 1,SP,2014-04-15 12:30:00,2014-04-15 12:45:00,2014-04-16 05:40:00,Movimentação da Carga,Interior,True,0.0,346.3,0.0,0.0,0.0,0.0,0.0,,6
603875,0047802,Base Logística de Dutos,Santos,Terminal Autorizado,BRSP009,BRSP0090001,Cais 1,SP,2014-04-17 12:25:00,2014-04-17 12:40:00,2014-04-18 05:35:00,Movimentação da Carga,Interior,True,0.0,345.3,0.0,0.0,0.0,0.0,0.0,,7
603878,0047802,Base Logística de Dutos,Santos,Terminal Autorizado,BRSP009,BRSP0090001,Cais 1,SP,2014-04-22 12:35:00,2014-04-22 12:50:00,2014-04-23 05:45:00,Movimentação da Carga,Interior,True,0.0,347.4,0.0,0.0,0.0,0.0,0.0,,8
603879,0047802,Base Logística de Dutos,Santos,Terminal Autorizado,BRSP009,BRSP0090001,Cais 1,SP,2014-04-24 12:30:00,2014-04-24 12:45:00,2014-04-25 05:35:00,Movimentação da Carga,Interior,True,0.0,345.5,0.0,0.0,0.0,0.0,0.0,,9
603880,0047802,Base Logística de Dutos,Santos,Terminal Autorizado,BRSP009,BRSP0090001,Cais 1,SP,2014-04-25 12:25:00,2014-04-25 12:40:00,2014-04-26 05:35:00,Movimentação da Carga,Interior,True,0.0,346.6,0.0,0.0,0.0,0.0,0.0,,10
607105,0047802,Base Logística de Dutos,Santos,Terminal Autorizado,BRSP009,BRSP0090001,Cais 1,SP,2014-05-07 12:40:00,2014-05-07 12:55:00,2014-05-08 05:40:00,Movimentação da Carga,Interior,True,0.0,364.8,0.0,0.0,0.0,0.0,0.0,,11
607109,0047802,Base Logística de Dutos,Santos,Terminal Autorizado,BRSP009,BRSP0090001,Cais 1,SP,2014-05-11 12:35:00,2014-05-11 12:50:00,2014-05-12 05:45:00,Movimentação da Carga,Interior,True,0.0,336.8,0.0,0.0,0.0,0.0,0.0,,12
617921,0047802,Base Logística de Dutos,Santos,Terminal Autorizado,BRSP009,BRSP0090001,Cais 1,SP,2014-06-13 12:30:00,2014-06-13 12:45:00,2014-06-14 05:40:00,Movimentação da Carga,Interior,True,0.0,147.6,0.0,0.0,0.0,0.0,0.0,,13
617925,0047802,Base Logística de Dutos,Santos,Terminal Autorizado,BRSP009,BRSP0090001,Cais 1,SP,2014-06-16 12:20:00,2014-06-16 12:35:00,2014-06-17 05:40:00,Movimentação da Carga,Interior,True,0.0,98.4,0.0,0.0,0.0,0.0,0.0,,14
619152,0047802,Base Logística de Dutos,Santos,Terminal Autorizado,BRSP009,BRSP0090001,Cais 1,SP,2014-06-19 12:30:00,2014-06-19 12:40:00,2014-06-19 17:10:00,Movimentação da Carga,Interior,True,0.0,35.2,0.0,0.0,0.0,0.0,0.0,,15
619135,0047802,Base Logística de Dutos,Santos,Terminal Autorizado,BRSP009,BRSP0090001,Cais 1,SP,2014-06-25 12:10:00,2014-06-25 12:25:00,2014-06-25 17:05:00,Movimentação da Carga,Interior,True,0.0,75.0,0.0,0.0,0.0,0.0,0.0,,16
619140,0047802,Base Logística de Dutos,Santos,Terminal Autorizado,BRSP009,BRSP0090001,Cais 1,SP,2014-06-26 12:10:00,2014-06-26 12:25:00,2014-06-26 16:25:00,Movimentação da Carga,Interior,True,0.0,75.0,0.0,0.0,0.0,0.0,0.0,,17
619147,0047802,Base Logística de Dutos,Santos,Terminal Autorizado,BRSP009,BRSP0090001,Cais 1,SP,2014-06-27 11:50:00,2014-06-27 12:05:00,2014-06-27 16:50:00,Movimentação da Carga,Interior,True,0.0,75.0,0.0,0.0,0.0,0.0,0.0,,18
903180,0938506,Terminal Integrador Portuário Luiz Antonio Mesquita - TIPLAM,Santos,Terminal Autorizado,BRSP001,BRSP0010001,TUF1,SP,2018-02-09 20:54:00,2018-02-15 17:00:00,2018-02-19 12:19:00,Movimentação da Carga,Longo Curso,True,0.0,30045.55,0.0,0.0,0.0,0.0,0.0,,1
899593,0945418,Terminal Integrador Portuário Luiz Antonio Mesquita - TIPLAM,Santos,Terminal Autorizado,BRSP001,BRSP0010001,TUF1,SP,2018-01-24 07:42:00,2018-01-25 09:54:00,2018-01-28 18:40:00,Movimentação da Carga,Longo Curso,True,0.0,31500.0,0.0,0.0,0.0,0.0,0.0,,1
775799,0965391,Sucocítrico Cutrale,Santos,Terminal Autorizado,BRSP004,BRSP0048932,Cutrale,SP,2016-07-08 01:50:00,2016-07-08 01:50:00,2016-07-11 08:05:00,Movimentação da Carga,Longo Curso,True,18585.850000000002,0.0,0.0,18585.850000000002,0.0,0.0,0.0,2106,1
886262,0974940,Terminal Integrador Portuário Luiz Antonio Mesquita - TIPLAM,Santos,Terminal Autorizado,BRSP001,BRSP0010002,TIP 2,SP,2017-09-02 10:50:00,2017-09-04 05:30:00,2017-09-06 00:40:00,Movimentação da Carga,Longo Curso,True,25301.0,0.0,25301.0,25301.0,0.0,0.0,0.0,1005,1
1645074,1013171,Rio de Janeiro,Rio de Janeiro -  Niterói,Porto Organizado,BRRIO,RIO2C21,TECON - MULTI-RIO 2,RJ,2025-12-06 05:20:00,2025-12-06 06:30:00,2025-12-07 05:20:00,Movimentação da Carga,Longo Curso,False,636.535,26012.154999999995,0.0,66.552,39.0,1835.0,588.5349999999999,45G0,1
1648100,1013171,Santos,Santos,Porto Organizado,BRSSZ,SSZ0813,TECON 2,SP,2025-12-08 02:00:00,2025-12-09 11:52:00,2025-12-10 08:20:00,Movimentação da Carga,Longo Curso,True,7.09,22533.095999999998,0.0,7.09,1.0,1999.0,7.09,22G0,2
1647655,1013171,Paranaguá,Paranaguá - Antonina,Porto Organizado,BRPNG,PNG0218,Berço 218,PR,2025-12-10 22:48:00,2025-12-12 21:20:00,2025-12-13 21:30:00,Movimentação da Carga,Longo Curso,False,0.0,12971.628,0.0,0.0,0.0,969.0,0.0,,3
1650755,1013171,Itajaí,Itajaí,Porto Organizado,BRITJ,ITJ5007,SEARA Itajaí - 02,SC,2025-12-14 05:12:00,2025-12-14 07:45:00,2025-12-14 22:40:00,Movimentação da Carga,Longo Curso,False,0.0,12055.320000000003,0.0,0.0,0.0,866.0,0.0,,4
1651382,1013171,Porto Itapoá Terminais Portuários,São Francisco do Sul,Terminal Autorizado,BRSC011,BRSC0110001,Berço1,SC,2025-12-26 13:06:00,2025-12-27 02:12:00,2025-12-27 20:48:00,Movimentação da Carga,Longo Curso,False,375.89,13789.404999999997,0.0,375.89,0.0,1330.0,0.0,45G1,5
1660061,1013171,Portonave - Terminais Portuários de Navegantes,Itajaí,Terminal Autorizado,BRSC008,BRSC0080001,Berço 1,SC,2025-12-28 13:00:00,2026-01-05 12:00:00,2026-01-06 10:36:00,Movimentação da Carga,Longo Curso,False,7415.478999999904,0.0,0.0,7415.478999999904,0.0,0.0,0.0,42G0,6
1658181,1013171,Rio de Janeiro,Rio de Janeiro -  Niterói,Porto Organizado,BRRIO,RIO2C21,TECON - MULTI-RIO 2,RJ,2026-01-08 07:10:00,2026-01-08 08:10:00,2026-01-09 07:50:00,Movimentação da Carga,Longo Curso,False,4524.592,0.0,0.0,4524.592,0.0,0.0,0.0,45G0,7
1592994,1013676,Paranaguá,Paranaguá - Antonina,Porto Organizado,BRPNG,PNG0209,Berço 209,PR,2025-06-13 15:24:00,2025-07-01 07:44:00,2025-07-07 22:45:00,Movimentação da Carga,Longo Curso,False,0.0,26110.96,0.0,0.0,0.0,0.0,0.0,,1
1615914,1013676,Terminal Itapuã,Aratu - Salvador,Terminal Autorizado,BRBA006,BRBA0060001,Berço 01,BA,2025-07-12 23:12:00,2025-07-13 00:24:00,2025-07-19 01:30:00,Movimentação da Carga,Longo Curso,False,0.0,14000.0,0.0,0.0,0.0,0.0,0.0,,2
1605831,1013676,Santos,Santos,Porto Organizado,BRSSZ,SSZ0419,ARM 19,SP,2025-07-22 08:06:00,2025-08-08 01:15:00,2025-08-11 07:15:00,Movimentação da Carga,Longo Curso,True,60500.0,0.0,60500.0,60500.0,0.0,0.0,0.0,1701,3
1651434,1014474,Terminal Integrador Portuário Luiz Antonio Mesquita - TIPLAM,Santos,Terminal Autorizado,BRSP001,BRSP0010004,TIP 4,SP,2025-12-15 20:12:00,2025-12-19 11:24:00,2025-12-25 09:07:00,Movimentação da Carga,Longo Curso,True,0.0,47431.979999999996,0.0,0.0,0.0,0.0,0.0,,1
1651429,1014474,Terminal Integrador Portuário Luiz Antonio Mesquita - TIPLAM,Santos,Terminal Autorizado,BRSP001,BRSP0010003,TIP 3,SP,2025-12-25 15:00:00,2025-12-27 18:00:00,2025-12-28 20:12:00,Movimentação da Carga,Longo Curso,True,29000.0,0.0,29000.0,29000.0,0.0,0.0,0.0,1701,2
1651226,1014474,Santos,Santos,Porto Organizado,BRSSZ,SSZ0416,ARM 16/17,SP,2025-12-30 03:00:00,2025-12-30 03:54:00,2025-12-30 23:15:00,Movimentação da Carga,Longo Curso,True,20000.0,0.0,20000.0,20000.0,0.0,0.0,0.0,1701,3
1573759,1014668,Itaguaí,Itaguaí,Porto Organizado,BRIGI,IGI5301,301,RJ,2025-05-04 22:33:00,2025-05-05 02:30:00,2025-05-10 08:30:00,Movimentação da Carga,Longo Curso,False,0.0,41261.808,0.0,0.0,0.0,0.0,0.0,,1
1674114,1014668,Santos,Santos,Porto Organizado,BRSSZ,SSZ0423,ARMAZEM 23,SP,2026-02-13 17:35:00,2026-02-14 06:35:00,2026-02-17 04:10:00,Movimentação da Carga,Longo Curso,True,0.0,26000.0,0.0,0.0,0.0,0.0,0.0,,2
1672830,1014668,Terminal Integrador Portuário Luiz Antonio Mesquita - TIPLAM,Santos,Terminal Autorizado,BRSP001,BRSP0010004,TIP 4,SP,2026-02-13 16:45:00,2026-02-20 04:05:00,2026-02-25 09:43:00,Movimentação da Carga,Longo Curso,True,0.0,31936.0,0.0,0.0,0.0,0.0,0.0,,3
1512945,1014838,Terminal Integrador Portuário Luiz Antonio Mesquita - TIPLAM,Santos,Terminal Autorizado,BRSP001,BRSP0010002,TIP 2,SP,2024-11-17 07:48:00,2024-11-17 20:12:00,2024-11-19 01:12:00,Movimentação da Carga,Longo Curso,True,30000.0,0.0,30000.0,30000.0,0.0,0.0,0.0,1701,1
1649054,1014838,Santos,Santos,Porto Organizado,BRSSZ,SSZ0942,TEG,SP,2025-11-25 07:00:00,2025-12-02 14:48:00,2025-12-06 11:10:00,Movimentação da Carga,Longo Curso,True,38173.205,0.0,38173.205,38173.205,0.0,0.0,0.0,1005,2
1589842,1015143,Terminal Graneleiro Hermasa,Manaus,Terminal Autorizado,BRAM014,BRAM0140103,BERÇO - 01  NAVIO ATRACADO,AM,2025-06-03 13:36:00,2025-06-04 14:49:00,2025-06-13 20:15:00,Movimentação da Carga,Longo Curso,False,0.0,9360.0,0.0,0.0,0.0,0.0,0.0,,1
1588133,1015143,Santos,Santos,Porto Organizado,BRSSZ,SSZ0675,ARM 35P1,SP,2025-06-25 06:31:00,2025-06-25 08:27:00,2025-06-29 23:10:00,Movimentação da Carga,Longo Curso,True,0.0,15500.0,0.0,0.0,0.0,0.0,0.0,,2
1598793,1015143,Rio Grande,Rio Grande,Porto Organizado,BRRIG,RIG0043,BERÇO 3 (17 a 27),RS,2025-07-02 14:00:00,2025-07-02 17:00:00,2025-07-06 03:00:00,Movimentação da Carga,Cabotagem,False,0.0,22449.019999999997,0.0,0.0,0.0,0.0,0.0,,3
1595513,1015143,Imbituba,Imbituba,Porto Organizado,BRIBB,IBB0001,Berço 1,SC,2025-07-07 04:18:00,2025-07-11 13:06:00,2025-07-13 05:17:00,Movimentação da Carga,Longo Curso,False,10022.0,0.0,10022.0,10022.0,0.0,0.0,0.0,2713,4
1591221,1015143,Terminal Integrador Portuário Luiz Antonio Mesquita - TIPLAM,Santos,Terminal Autorizado,BRSP001,BRSP0010002,TIP 2,SP,2025-07-14 04:06:00,2025-07-18 23:48:00,2025-07-21 06:18:00,Movimentação da Carga,Longo Curso,True,32880.391,0.0,32880.391,32880.391,0.0,0.0,0.0,2304,5
1598363,1015143,Porto do Açu - Terminal TMULT e TCAR,São João da Barra,Terminal Autorizado,BRRJ022,BRRJ0220001,TMULT,RJ,2025-07-22 19:00:00,2025-07-23 01:25:00,2025-07-24 11:14:00,Movimentação da Carga,Longo Curso,False,10874.86,0.0,10874.86,10874.86,0.0,0.0,0.0,2603,6
1515298,1015325,Porto Murucupi,Vila do Conde - Belém,Terminal Autorizado,BRPA006,BRPA0060001,IMERYS,PA,2024-12-05 13:12:00,2024-12-09 04:00:00,2024-12-14 09:00:00,Movimentação da Carga,Longo Curso,False,34006.29,0.0,34006.29,34006.29,0.0,0.0,0.0,2507,1
1562454,1015325,Porto Murucupi,Vila do Conde - Belém,Terminal Autorizado,BRPA006,BRPA0060001,IMERYS,PA,2025-04-20 11:42:00,2025-04-20 20:00:00,2025-04-30 12:00:00,Movimentação da Carga,Longo Curso,False,38052.3,0.0,38052.3,38052.3,0.0,0.0,0.0,2507,2
1598091,1015325,Santos,Santos,Porto Organizado,BRSSZ,SSZ0213,CS 03,SP,2025-06-24 09:36:00,2025-06-26 23:17:00,2025-07-06 00:01:00,Movimentação da Carga,Longo Curso,True,0.0,28962.13,0.0,0.0,0.0,0.0,0.0,,3
1623359,1015325,Terminal Portuário Privativo da Alumar,Itaqui,Terminal Autorizado,BRMA001,BRMA0010001,Berço 1,MA,2025-08-22 00:01:00,2025-09-01 14:00:00,2025-09-03 02:30:00,Movimentação da Carga,Longo Curso,False,34650.0,0.0,34650.0,34650.0,0.0,0.0,0.0,2818,4
1653672,1015961,DP World Santos,Santos,Terminal Autorizado,BRSP008,BRSP0080001,Berço 1,SP,2025-12-17 11:48:00,2025-12-17 19:14:00,2025-12-18 15:50:00,Movimentação da Carga,Longo Curso,True,6178.970000000001,21148.429999999997,0.0,6178.970000000001,368.0,1829.0,5535.330000000001,45G1,1
1651891,1015961,Rio Grande,Rio Grande,Porto Organizado,BRRIG,RIG3313,TECON – Berço 3,RS,2025-12-20 06:23:00,2025-12-21 08:50:00,2025-12-22 18:35:00,Movimentação da Carga,Cabotagem,False,17045.800000000003,8420.625000000002,0.0,17045.800000000003,991.0,806.0,14700.820000000003,45G1,2
1647659,1015961,Paranaguá,Paranaguá - Antonina,Porto Organizado,BRPNG,PNG0216,Berço 216,PR,2025-12-24 07:36:00,2025-12-28 17:35:00,2025-12-29 10:35:00,Movimentação da Carga,Longo Curso,False,5278.235000000001,10502.699999999999,0.0,5278.235000000001,260.0,826.0,4078.2350000000006,42G0,3
1660227,1015961,Portonave - Terminais Portuários de Navegantes,Itajaí,Terminal Autorizado,BRSC008,BRSC0080001,Berço 1,SC,2025-12-29 17:54:00,2026-01-04 02:06:00,2026-01-04 23:48:00,Movimentação da Carga,Longo Curso,False,11627.900000000407,22017.087999999996,0.0,11627.900000000407,524.0,2101.0,8053.7800000000025,42R0,4
1602926,1016109,Terminal Portuário Graneleiro de Barcarena,Vila do Conde - Belém,Terminal Autorizado,BRPA018,BRPA0180001,TERFRON,PA,2025-07-14 09:48:00,2025-07-22 23:10:00,2025-07-25 23:45:00,Movimentação da Carga,Longo Curso,False,70133.574,0.0,70133.574,70133.574,0.0,0.0,0.0,1201,1
1648208,1016109,Paranaguá,Paranaguá - Antonina,Porto Organizado,BRPNG,PNG0200,Berço 200,PR,2025-12-11 14:24:00,2025-12-21 17:24:00,2025-12-25 08:15:00,Movimentação da Carga,Longo Curso,False,0.0,52599.422000000006,0.0,0.0,0.0,0.0,0.0,,2
1651417,1016109,Terminal Integrador Portuário Luiz Antonio Mesquita - TIPLAM,Santos,Terminal Autorizado,BRSP001,BRSP0010001,TUF1,SP,2025-12-26 01:12:00,2025-12-30 05:18:00,2026-01-02 04:35:00,Movimentação da Carga,Longo Curso,True,0.0,16275.0,0.0,0.0,0.0,0.0,0.0,,3
1554281,1016111,Paranaguá,Paranaguá - Antonina,Porto Organizado,BRPNG,PNG0211,Berço 211,PR,2025-01-28 11:30:00,2025-03-01 12:50:00,2025-03-09 05:20:00,Movimentação da Carga,Longo Curso,False,0.0,68603.18,0.0,0.0,0.0,0.0,0.0,,1
1553892,1016111,Terbian - Terminal Bianchini,Rio Grande,Terminal Autorizado,BRRS002,BRRS0020101,Berço Navios,RS,2025-03-12 11:00:00,2025-03-15 07:50:00,2025-03-17 18:50:00,Movimentação da Carga,Longo Curso,False,68000.0,0.0,68000.0,68000.0,0.0,0.0,0.0,1201,2
1616566,1016111,Paranaguá,Paranaguá - Antonina,Porto Organizado,BRPNG,PNG0200,Berço 200,PR,2025-08-27 06:30:00,2025-09-03 18:48:00,2025-09-13 13:07:00,Movimentação da Carga,Longo Curso,False,0.0,69096.031,0.0,0.0,0.0,0.0,0.0,,3
1617210,1016111,Santos,Santos,Porto Organizado,BRSSZ,SSZ0942,TEG,SP,2025-09-14 21:36:00,2025-09-17 21:22:00,2025-09-21 01:53:00,Movimentação da Carga,Longo Curso,True,70516.185,0.0,70516.185,70516.185,0.0,0.0,0.0,1005,4
1657709,1016111,Terminal Portuário Cotegipe,Aratu - Salvador,Terminal Autorizado,BRBA007,BRBA0071002,Berço 2,BA,2026-01-19 14:30:00,2026-01-19 23:00:00,2026-01-24 07:30:00,Movimentação da Carga,Longo Curso,False,67833.678,0.0,67833.678,67833.678,0.0,0.0,0.0,2304,5
1595009,1016654,Rio de Janeiro,Rio de Janeiro -  Niterói,Porto Organizado,BRRIO,RIO2C21,TECON - MULTI-RIO 2,RJ,2025-07-27 15:25:00,2025-07-27 16:40:00,2025-07-28 13:55:00,Movimentação da Carga,Longo Curso,False,9919.521,20930.615000000005,0.0,7301.3949999999995,719.0,1594.0,9919.521,45G0,1
1604122,1016654,Santos,Santos,Porto Organizado,BRSSZ,SSZ0812,TECON 3,SP,2025-07-29 04:30:00,2025-07-31 21:10:00,2025-08-01 23:33:00,Movimentação da Carga,Longo Curso,True,1130.1600000000046,22879.319,0.0,0.0,0.0,1945.0,0.0,45G0,2
1605148,1016654,Paranaguá,Paranaguá - Antonina,Porto Organizado,BRPNG,PNG0216,Berço 216,PR,2025-08-02 09:48:00,2025-08-16 18:50:00,2025-08-17 15:00:00,Movimentação da Carga,Longo Curso,False,65.386,10880.875,0.0,0.0,8.0,923.0,65.386,42G0,3
1608945,1016654,Itajaí,Itajaí,Porto Organizado,BRITJ,ITJ5007,SEARA Itajaí - 02,SC,2025-08-18 01:48:00,2025-08-18 22:03:00,2025-08-19 12:45:00,Movimentação da Carga,Longo Curso,False,0.0,13577.82,0.0,0.0,0.0,1233.0,0.0,,4
1609697,1016654,Portonave - Terminais Portuários de Navegantes,Itajaí,Terminal Autorizado,BRSC008,BRSC0080003,Berço 3,SC,2025-08-28 16:00:00,2025-08-30 22:00:00,2025-08-31 08:40:00,Movimentação da Carga,Longo Curso,False,10296.923999999994,1081.3999999999999,0.0,10296.923999999994,680.0,134.0,10277.993999999995,42G0,5
1617002,1016654,Santos,Santos,Porto Organizado,BRSSZ,SSZ0107,BTP 01,SP,2025-09-02 23:48:00,2025-09-03 23:00:00,2025-09-05 09:00:00,Movimentação da Carga,Longo Curso,True,24897.038,597.7370000000001,0.0,24749.958,1529.0,54.0,24827.238,42G0,6
1612713,1016654,Rio de Janeiro,Rio de Janeiro -  Niterói,Porto Organizado,BRRIO,RIO2C21,TECON - MULTI-RIO 2,RJ,2025-09-06 04:58:00,2025-09-06 06:00:00,2025-09-06 16:30:00,Movimentação da Carga,Longo Curso,False,9257.237000000001,3503.814,0.0,8765.435,455.0,306.0,9257.237000000001,22G0,7
1608599,1016654,Salvador,Aratu - Salvador,Porto Organizado,BRSSA,SSA0611,Cais Água de Meninos (611),BA,2025-09-09 02:00:00,2025-09-09 04:22:00,2025-09-09 21:45:00,Movimentação da Carga,Longo Curso,False,9609.606000000002,2098.408,0.0,9609.606000000002,516.0,63.0,9609.606000000002,42R1,8
1614072,1016654,Terminal Portuário do Pecém,Pecém - Fortaleza,Terminal Autorizado,BRCE001,BRCE0015008,TMUT-B8,CE,2025-09-12 13:00:00,2025-09-12 16:15:00,2025-09-12 23:24:00,Movimentação da Carga,Longo Curso,False,5619.943,118.571,0.0,5619.943,341.0,11.0,4552.043000000001,45R0,9
1627564,1016654,Rio de Janeiro,Rio de Janeiro -  Niterói,Porto Organizado,BRRIO,RIO2C21,TECON - MULTI-RIO 2,RJ,2025-10-28 18:00:00,2025-10-28 19:00:00,2025-10-30 16:10:00,Movimentação da Carga,Longo Curso,False,22920.990999999995,37786.978,0.0,22295.183999999997,1767.0,2407.0,22920.990999999995,45G0,10
1636723,1016654,Santos,Santos,Porto Organizado,BRSSZ,SSZ0107,BTP 01,SP,2025-10-31 10:48:00,2025-11-02 19:59:00,2025-11-03 20:17:00,Movimentação da Carga,Longo Curso,True,1372.3059999999996,34772.05300000069,0.0,1372.3059999999996,127.0,1914.0,1372.3059999999996,42G0,11
1643362,1016654,Rio Grande,Rio Grande,Porto Organizado,BRRIG,RIG3313,TECON – Berço 3,RS,2025-11-12 00:36:00,2025-11-17 14:20:00,2025-11-18 18:28:00,Movimentação da Carga,Longo Curso,False,17995.456,8271.840999999999,0.0,17995.456,1292.0,503.0,17936.894,45G1,12
1640187,1016654,Portonave - Terminais Portuários de Navegantes,Itajaí,Terminal Autorizado,BRSC008,BRSC0080001,Berço 1,SC,2025-11-19 17:18:00,2025-11-20 18:12:00,2025-11-21 06:08:00,Movimentação da Carga,Longo Curso,False,16411.822000000004,3858.454999999997,0.0,16411.822000000004,1117.0,237.0,16370.327000000007,42G0,13
1637792,1016654,Santos,Santos,Porto Organizado,BRSSZ,SSZ0107,BTP 01,SP,2025-11-21 20:30:00,2025-11-23 16:12:00,2025-11-24 15:38:00,Movimentação da Carga,Longo Curso,True,25254.198999999986,3908.1959999999995,0.0,25254.198999999986,1455.0,207.0,25067.079999999994,22G0,14
1643653,1016654,Terminal Portuário do Pecém,Pecém - Fortaleza,Terminal Autorizado,BRCE001,BRCE0015008,TMUT-B8,CE,2025-11-30 16:00:00,2025-12-01 00:46:00,2025-12-01 23:46:00,Movimentação da Carga,Longo Curso,False,8114.246999999999,937.9780000000001,0.0,8114.246999999999,489.0,43.0,7814.727,45R0,15
1643655,1016654,Terminal Portuário do Pecém,Pecém - Fortaleza,Terminal Autorizado,BRCE001,BRCE0015008,TMUT-B8,CE,2025-11-30 16:00:00,2025-12-02 02:25:00,2025-12-02 12:57:00,Movimentação da Carga,Longo Curso,False,902.948,0.0,0.0,902.948,68.0,0.0,884.6279999999999,45R0,16
1658240,1016654,Rio de Janeiro,Rio de Janeiro -  Niterói,Porto Organizado,BRRIO,RIO2C21,TECON - MULTI-RIO 2,RJ,2026-01-15 01:25:00,2026-01-15 02:25:00,2026-01-15 13:45:00,Movimentação da Carga,Longo Curso,False,2527.2069999999994,15075.001000000006,0.0,2527.2069999999994,206.0,909.0,2527.2069999999994,45G0,17
1660507,1016654,Santos,Santos,Porto Organizado,BRSSZ,SSZ0109,BTP 03,SP,2026-01-16 15:00:00,2026-01-16 22:34:00,2026-01-17 14:53:00,Movimentação da Carga,Longo Curso,True,0.0,22148.798000000003,0.0,0.0,0.0,1500.0,0.0,,18
1662493,1016654,Rio Grande,Rio Grande,Porto Organizado,BRRIG,RIG3313,TECON – Berço 3,RS,2026-01-23 11:05:00,2026-01-24 01:30:00,2026-01-24 09:15:00,Movimentação da Carga,Longo Curso,False,2607.1539999999995,2604.948,0.0,2607.1539999999995,169.0,179.0,2595.843999999999,45G1,19
1659424,1016654,Paranaguá,Paranaguá - Antonina,Porto Organizado,BRPNG,PNG0216,Berço 216,PR,2026-01-25 22:00:00,2026-01-27 23:40:00,2026-01-28 14:00:00,Movimentação da Carga,Longo Curso,False,12227.587,1703.3290000000002,0.0,12125.287,742.0,108.0,12199.587,42R0,20
1664276,1016654,Portonave - Terminais Portuários de Navegantes,Itajaí,Terminal Autorizado,BRSC008,BRSC0080001,Berço 1,SC,2026-01-28 21:00:00,2026-01-31 12:00:00,2026-01-31 22:20:00,Movimentação da Carga,Longo Curso,False,14701.696000000053,8384.346999999996,0.0,12014.020000000002,794.0,594.0,12000.680000000002,42G0,21
1668808,1016654,Santos,Santos,Porto Organizado,BRSSZ,SSZ0107,BTP 01,SP,2026-02-01 15:00:00,2026-02-02 21:08:00,2026-02-03 17:30:00,Movimentação da Carga,Longo Curso,True,24726.410000000025,2194.0699999999856,0.0,24726.410000000025,1445.0,2.0,24658.210000000003,42G0,22
1667156,1016654,Rio de Janeiro,Rio de Janeiro -  Niterói,Porto Organizado,BRRIO,RIO2C22,TECON - MULTI-RIO 1,RJ,2026-02-07 08:30:00,2026-02-07 09:30:00,2026-02-07 17:40:00,Movimentação da Carga,Longo Curso,False,8993.546999999997,0.0,0.0,7221.737999999998,394.0,0.0,8295.046999999999,22G0,23
1667849,1016654,Salvador,Aratu - Salvador,Porto Organizado,BRSSA,SSA0610,Cais Santa Dulce (610),BA,2026-02-10 08:00:00,2026-02-10 09:00:00,2026-02-11 07:15:00,Movimentação da Carga,Longo Curso,False,11704.481999999998,3023.8969999999995,0.0,11704.481999999998,597.0,163.0,11206.556999999999,42R1,24
1667983,1016654,Terminal Portuário do Pecém,Pecém - Fortaleza,Terminal Autorizado,BRCE001,BRCE0015008,TMUT-B8,CE,2026-02-13 00:00:00,2026-02-14 02:01:00,2026-02-15 01:58:00,Movimentação da Carga,Longo Curso,False,5782.080000000001,48.493,0.0,5782.080000000001,177.0,5.0,2792.34,45R0,25
1612723,1016666,Rio de Janeiro,Rio de Janeiro -  Niterói,Porto Organizado,BRRIO,RIO2C21,TECON - MULTI-RIO 2,RJ,2025-09-10 13:25:00,2025-09-10 14:25:00,2025-09-12 06:35:00,Movimentação da Carga,Longo Curso,False,2862.4300000000003,16366.223999999998,0.0,1408.9429999999998,174.0,1305.0,2862.4300000000003,22G0,1
1616486,1016666,Santos,Santos,Porto Organizado,BRSSZ,SSZ0813,TECON 2,SP,2025-09-12 21:12:00,2025-09-18 03:00:00,2025-09-19 05:40:00,Movimentação da Carga,Longo Curso,True,1298.1680000000001,29182.060999999998,0.0,0.0,90.0,2328.0,1298.1680000000001,22G0,2
1615850,1016666,Paranaguá,Paranaguá - Antonina,Porto Organizado,BRPNG,PNG0218,Berço 218,PR,2025-09-19 16:12:00,2025-09-20 05:00:00,2025-09-22 02:45:00,Movimentação da Carga,Longo Curso,False,0.0,13605.924,0.0,0.0,0.0,1090.0,0.0,,3
1618862,1016666,Itajaí,Itajaí,Porto Organizado,BRITJ,ITJ5007,SEARA Itajaí - 02,SC,2025-09-22 12:53:00,2025-09-26 02:02:00,2025-09-27 10:15:00,Movimentação da Carga,Longo Curso,False,28.12,19051.379999999997,0.0,28.12,1.0,1463.0,28.12,22G1,4
1628274,1016666,Portonave - Terminais Portuários de Navegantes,Itajaí,Terminal Autorizado,BRSC008,BRSC0080003,Berço 3,SC,2025-10-08 12:00:00,2025-10-09 17:30:00,2025-10-10 07:08:00,Movimentação da Carga,Longo Curso,False,22906.219,11651.18000000004,0.0,22819.054000000022,1497.0,766.0,22779.984000000015,42R0,5
1629188,1016666,Santos,Santos,Porto Organizado,BRSSZ,SSZ0108,BTP 02,SP,2025-10-10 22:54:00,2025-10-11 11:54:00,2025-10-12 16:20:00,Movimentação da Carga,Longo Curso,True,26359.35399999995,226.68499999999997,0.0,26359.35399999995,1422.0,12.0,26071.953999999994,22G0,6
1626254,1016666,Salvador,Aratu - Salvador,Porto Organizado,BRSSA,SSA0611,Cais Água de Meninos (611),BA,2025-10-15 08:00:00,2025-10-15 10:20:00,2025-10-16 15:15:00,Movimentação da Carga,Longo Curso,False,8786.995,863.4,0.0,8786.995,721.0,42.0,8720.936,42R1,7
1629957,1016666,Terminal Portuário do Pecém,Pecém - Fortaleza,Terminal Autorizado,BRCE001,BRCE0015008,TMUT-B8,CE,2025-10-17 11:00:00,2025-10-20 05:21:00,2025-10-20 14:51:00,Movimentação da Carga,Longo Curso,False,7825.711000000001,0.0,0.0,7825.711000000001,540.0,0.0,7825.711000000001,45R0,8
1643471,1016666,Rio de Janeiro,Rio de Janeiro -  Niterói,Porto Organizado,BRRIO,RIO2C22,TECON - MULTI-RIO 1,RJ,2025-12-01 16:32:00,2025-12-01 17:50:00,2025-12-02 22:15:00,Movimentação da Carga,Longo Curso,False,11543.019999999999,13076.824999999999,0.0,11487.427,773.0,860.0,11543.019999999999,22G0,9
1648226,1016666,Santos,Santos,Porto Organizado,BRSSZ,SSZ0108,BTP 02,SP,2025-12-03 13:00:00,2025-12-04 09:27:00,2025-12-05 10:40:00,Movimentação da Carga,Longo Curso,True,474.02,22444.793999999856,0.0,141.8,33.0,1393.0,474.02,42G0,10
1651815,1016666,Rio Grande,Rio Grande,Porto Organizado,BRRIG,RIG3313,TECON – Berço 3,RS,2025-12-13 12:02:00,2025-12-13 14:50:00,2025-12-14 21:20:00,Movimentação da Carga,Longo Curso,False,11298.211,4738.3679999999995,0.0,11298.211,817.0,207.0,11288.661,45G1,11
1647660,1016666,Paranaguá,Paranaguá - Antonina,Porto Organizado,BRPNG,PNG0218,Berço 218,PR,2025-12-16 03:00:00,2025-12-16 14:55:00,2025-12-17 15:20:00,Movimentação da Carga,Longo Curso,False,14376.732999999997,3270.5249999999996,0.0,13191.342999999999,948.0,130.0,14368.732999999997,42R0,12
1648877,1016666,Portonave - Terminais Portuários de Navegantes,Itajaí,Terminal Autorizado,BRSC008,BRSC0080001,Berço 1,SC,2025-12-17 23:06:00,2025-12-19 23:18:00,2025-12-20 14:00:00,Movimentação da Carga,Longo Curso,False,13770.385000000002,9665.170000000007,0.0,13334.21999999999,875.0,689.0,13325.019999999991,42R0,13
1648705,1016666,Santos,Santos,Porto Organizado,BRSSZ,SSZ0109,BTP 03,SP,2025-12-21 04:54:00,2025-12-22 09:59:00,2025-12-23 08:39:00,Movimentação da Carga,Longo Curso,True,26711.155000000002,439.9999999999985,0.0,26206.780000000002,1588.0,0.0,26711.155000000002,22G0,14
1647934,1016666,Rio de Janeiro,Rio de Janeiro -  Niterói,Porto Organizado,BRRIO,RIO2C21,TECON - MULTI-RIO 2,RJ,2025-12-28 08:19:00,2025-12-28 09:30:00,2025-12-28 17:50:00,Movimentação da Carga,Longo Curso,False,7966.353000000001,1229.3039999999999,0.0,7966.353000000001,427.0,66.0,7856.633000000001,22G0,15
1648935,1016666,Salvador,Aratu - Salvador,Porto Organizado,BRSSA,SSA0610,Cais Santa Dulce (610),BA,2025-12-30 19:00:00,2025-12-31 05:00:00,2025-12-31 14:10:00,Movimentação da Carga,Longo Curso,False,5016.858,1044.018,0.0,5016.858,310.0,87.0,4941.458,42R1,16
1659539,1016666,Terminal Portuário do Pecém,Pecém - Fortaleza,Terminal Autorizado,BRCE001,BRCE0015008,TMUT-B8,CE,2026-01-02 00:00:00,2026-01-02 19:29:00,2026-01-03 02:25:00,Movimentação da Carga,Longo Curso,False,3968.3360000000002,63.007,0.0,3968.3360000000002,268.0,8.0,3968.3360000000002,45R0,17
1670438,1016666,Rio de Janeiro,Rio de Janeiro -  Niterói,Porto Organizado,BRRIO,RIO2C21,TECON - MULTI-RIO 2,RJ,2026-02-14 19:30:00,2026-02-14 20:35:00,2026-02-15 09:35:00,Movimentação da Carga,Longo Curso,False,3201.43,13883.406999999997,0.0,3201.43,248.0,961.0,3201.43,45G0,18
1668798,1016666,Santos,Santos,Porto Organizado,BRSSZ,SSZ0108,BTP 02,SP,2026-02-16 06:12:00,2026-02-17 21:05:00,2026-02-18 16:45:00,Movimentação da Carga,Longo Curso,True,284.624,29886.08199999998,0.0,218.264,24.0,1886.0,284.624,42G0,19
1673674,1016666,Rio Grande,Rio Grande,Porto Organizado,BRRIG,RIG3313,TECON – Berço 3,RS,2026-02-27 11:42:00,2026-02-28 01:10:00,2026-02-28 11:50:00,Movimentação da Carga,Longo Curso,False,11384.826,3052.4589999999994,0.0,11131.166,774.0,216.0,11293.875999999998,45G1,20
1631627,1016680,DP World Santos,Santos,Terminal Autorizado,BRSP008,BRSP0080001,Berço 1,SP,2025-10-11 20:40:00,2025-10-11 22:18:00,2025-10-12 22:00:00,Movimentação da Carga,Longo Curso,True,0.0,32141.640000000003,0.0,0.0,0.0,2681.0,0.0,,1
1624234,1016680,Itajaí,Itajaí,Porto Organizado,BRITJ,ITJ5007,SEARA Itajaí - 02,SC,2025-10-13 12:00:00,2025-10-13 15:45:00,2025-10-14 16:59:00,Movimentação da Carga,Longo Curso,False,155.18,13229.435999999996,0.0,155.18,0.0,960.0,0.0,45G1,2
1625012,1016692,Rio de Janeiro,Rio de Janeiro -  Niterói,Porto Organizado,BRRIO,RIO2C21,TECON - MULTI-RIO 2,RJ,2025-10-06 13:52:00,2025-10-06 15:10:00,2025-10-08 05:35:00,Movimentação da Carga,Longo Curso,False,6579.929,18378.272999999994,0.0,6579.929,456.0,1121.0,6579.929,22G0,1
1628868,1016692,Santos,Santos,Porto Organizado,BRSSZ,SSZ0108,BTP 02,SP,2025-10-08 23:30:00,2025-10-09 03:28:00,2025-10-10 08:43:00,Movimentação da Carga,Longo Curso,True,0.0,42984.55300000001,0.0,0.0,0.0,3711.0,0.0,,2
1632623,1016692,Rio Grande,Rio Grande,Porto Organizado,BRRIG,RIG3312,TECON - Berço 2,RS,2025-10-25 01:00:00,2025-10-25 03:50:00,2025-10-26 04:35:00,Movimentação da Carga,Cabotagem,False,13131.551000000001,4338.339000000001,0.0,13131.551000000001,1008.0,347.0,13086.982000000002,45G1,3
1628538,1016692,Paranaguá,Paranaguá - Antonina,Porto Organizado,BRPNG,PNG0216,Berço 216,PR,2025-10-28 15:00:00,2025-10-29 07:50:00,2025-10-29 23:25:00,Movimentação da Carga,Longo Curso,False,8442.062,7305.713,0.0,7859.662,520.0,530.0,8405.062000000002,42R0,4
1637766,1016692,Santos,Santos,Porto Organizado,BRSSZ,SSZ0108,BTP 02,SP,2025-10-30 11:24:00,2025-11-01 09:12:00,2025-11-02 09:06:00,Movimentação da Carga,Longo Curso,True,33183.86399999983,0.0,0.0,20368.879999999994,1800.0,0.0,32151.864,22G0,5
1634248,1016692,Rio de Janeiro,Rio de Janeiro -  Niterói,Porto Organizado,BRRIO,RIO2C22,TECON - MULTI-RIO 1,RJ,2025-11-03 07:25:00,2025-11-03 08:30:00,2025-11-04 22:05:00,Movimentação da Carga,Longo Curso,False,19375.49899999999,826.8140000000001,0.0,18911.528999999988,967.0,46.0,18885.75899999999,45G0,6
1635735,1016692,Salvador,Aratu - Salvador,Porto Organizado,BRSSA,SSA0610,Cais Santa Dulce (610),BA,2025-11-06 23:00:00,2025-11-07 03:00:00,2025-11-08 15:35:00,Movimentação da Carga,Longo Curso,False,15254.987,14608.761999999999,0.0,15254.987,1033.0,840.0,15254.987,42R1,7
1638163,1016692,Terminal Portuário do Pecém,Pecém - Fortaleza,Terminal Autorizado,BRCE001,BRCE0015008,TMUT-B8,CE,2025-11-08 20:00:00,2025-11-11 13:18:00,2025-11-12 21:00:00,Movimentação da Carga,Longo Curso,False,9089.716999999999,3195.154,0.0,9089.716999999999,597.0,143.0,8912.337,45R0,8
1647169,1016692,Rio de Janeiro,Rio de Janeiro -  Niterói,Porto Organizado,BRRIO,RIO2C22,TECON - MULTI-RIO 1,RJ,2025-12-28 10:00:00,2025-12-28 11:20:00,2025-12-29 14:25:00,Movimentação da Carga,Longo Curso,False,6964.204000000001,17902.704999999998,0.0,6590.004000000002,528.0,1101.0,6964.204000000001,22G0,9
1660491,1016692,Santos,Santos,Porto Organizado,BRSSZ,SSZ0107,BTP 01,SP,2025-12-30 13:00:00,2026-01-01 09:45:00,2026-01-02 09:25:00,Movimentação da Carga,Longo Curso,True,344.74699999999996,27751.022999999812,0.0,344.74699999999996,36.0,1907.0,344.74699999999996,42G0,10
1662352,1016692,Rio Grande,Rio Grande,Porto Organizado,BRRIG,RIG3313,TECON – Berço 3,RS,2026-01-12 06:00:00,2026-01-12 09:00:00,2026-01-13 02:45:00,Movimentação da Carga,Longo Curso,False,20444.317999999996,4946.762,0.0,20444.317999999996,1427.0,336.0,20426.817999999996,45G1,11
1659412,1016692,Paranaguá,Paranaguá - Antonina,Porto Organizado,BRPNG,PNG0216,Berço 216,PR,2026-01-14 08:00:00,2026-01-15 23:40:00,2026-01-16 16:00:00,Movimentação da Carga,Longo Curso,False,10676.114,7178.685,0.0,10648.764,705.0,391.0,10620.114,42G0,12
1660050,1016692,Portonave - Terminais Portuários de Navegantes,Itajaí,Terminal Autorizado,BRSC008,BRSC0080001,Berço 1,SC,2026-01-16 22:00:00,2026-01-19 03:18:00,2026-01-19 14:24:00,Movimentação da Carga,Longo Curso,False,10152.814000000004,8181.405000000004,0.0,9589.779,600.0,478.0,9573.239000000001,42R0,13
1660624,1016692,Santos,Santos,Porto Organizado,BRSSZ,SSZ0109,BTP 03,SP,2026-01-20 07:00:00,2026-01-21 23:30:00,2026-01-22 17:53:00,Movimentação da Carga,Longo Curso,True,30717.95000000001,810.3620000000037,0.0,30717.95000000001,1813.0,10.0,30647.950000000004,42G0,14
1658431,1016692,Rio de Janeiro,Rio de Janeiro -  Niterói,Porto Organizado,BRRIO,RIO2C22,TECON - MULTI-RIO 1,RJ,2026-01-25 09:50:00,2026-01-25 11:10:00,2026-01-26 05:55:00,Movimentação da Carga,Longo Curso,False,5471.368,189.293,0.0,5471.368,266.0,8.0,5374.268,22G0,15
1658969,1016692,Salvador,Aratu - Salvador,Porto Organizado,BRSSA,SSA0610,Cais Santa Dulce (610),BA,2026-01-28 13:00:00,2026-01-28 15:00:00,2026-01-29 02:50:00,Movimentação da Carga,Longo Curso,False,9617.325,2122.891,0.0,9617.325,553.0,119.0,9570.885000000002,42R1,16
1670419,1016692,Terminal Portuário do Pecém,Pecém - Fortaleza,Terminal Autorizado,BRCE001,BRCE0015008,TMUT-B8,CE,2026-01-30 00:00:00,2026-02-01 19:19:00,2026-02-02 04:23:00,Movimentação da Carga,Longo Curso,False,3724.6800000000003,131.632,0.0,3724.6800000000003,213.0,12.0,3423.6000000000004,45R0,17
1629726,1018016,Santos,Santos,Porto Organizado,BRSSZ,SSZ0419,ARM 19,SP,2025-10-12 10:18:00,2025-10-21 04:50:00,2025-10-23 00:01:00,Movimentação da Carga,Longo Curso,True,57348.551,0.0,57348.551,57348.551,0.0,0.0,0.0,1005,1
1598321,1018078,Yara Brasil Fertilizantes,Rio Grande,Terminal Autorizado,BRRS001,BRRS0010001,Isomonte,RS,2025-07-23 10:00:00,2025-07-24 00:00:00,2025-07-30 11:50:00,Movimentação da Carga,Longo Curso,False,0.0,30000.0,0.0,0.0,0.0,0.0,0.0,,1
1601588,1018078,Santarém,Santarém,Porto Organizado,BRSTM,STM5022,Fundeio TB2,PA,2025-08-10 07:00:00,2025-08-16 06:06:00,2025-08-18 15:30:00,Movimentação da Carga,Longo Curso,False,0.0,5503.346,0.0,0.0,0.0,0.0,0.0,,2
1601536,1018078,Terminal Trombetas,Óbidos,Terminal Autorizado,BRPA001,BRPA0010001,Externo,PA,2025-08-22 13:20:00,2025-08-22 17:42:00,2025-08-24 04:24:00,Movimentação da Carga,Longo Curso,False,48100.0,0.0,48100.0,48100.0,0.0,0.0,0.0,2606,3
1638018,1018078,Santos,Santos,Porto Organizado,BRSSZ,SSZ0941,TEAG,SP,2025-11-16 07:20:00,2025-11-17 23:49:00,2025-11-22 01:08:00,Movimentação da Carga,Longo Curso,True,57100.0,0.0,57100.0,57100.0,0.0,0.0,0.0,1701,4
1658653,1018078,Terminal Portuário Graneleiro de Barcarena,Vila do Conde - Belém,Terminal Autorizado,BRPA018,BRPA0180001,TERFRON,PA,2026-01-09 00:01:00,2026-01-23 00:20:00,2026-01-28 05:44:00,Movimentação da Carga,Longo Curso,False,58650.278000000006,0.0,58650.278000000006,58650.278000000006,0.0,0.0,0.0,1005,5
1596714,1018755,Itaqui,Itaqui,Porto Organizado,BRIQI,IQI0100,BERÇO 100,MA,2025-07-15 03:00:00,2025-07-24 03:26:00,2025-07-26 15:22:00,Movimentação da Carga,Longo Curso,False,71270.61600000001,0.0,71270.61600000001,71270.61600000001,0.0,0.0,0.0,1201,1
1653300,1018755,Rio Grande,Rio Grande,Porto Organizado,BRRIG,RIG3211,Navio - Berço Norte,RS,2025-12-07 17:15:00,2025-12-11 16:40:00,2025-12-12 15:35:00,Movimentação da Carga,Longo Curso,False,27878.635,0.0,27878.635,27878.635,0.0,0.0,0.0,1201,2
1649075,1018755,Santos,Santos,Porto Organizado,BRSSZ,SSZ0413,ARM 13/14,SP,2025-12-14 19:00:00,2025-12-16 04:30:00,2025-12-19 12:10:00,Movimentação da Carga,Longo Curso,True,43471.01,0.0,43471.01,43471.01,0.0,0.0,0.0,1201,3
1505895,1021881,Rio Grande,Rio Grande,Porto Organizado,BRRIG,RIG0042,BERÇO 2 (8 a 17),RS,2024-09-13 20:15:00,2024-09-30 05:40:00,2024-10-05 10:40:00,Movimentação da Carga,Longo Curso,False,0.0,30113.799999999996,0.0,0.0,0.0,0.0,0.0,,1
1502596,1021881,Santos,Santos,Porto Organizado,BRSSZ,SSZ0416,ARM 16/17,SP,2024-10-07 14:00:00,2024-10-25 17:20:00,2024-10-27 15:10:00,Movimentação da Carga,Cabotagem,True,60000.0,0.0,60000.0,60000.0,0.0,0.0,0.0,1701,2
1554843,1023970,Terminal de Tubarão,Vitória,Terminal Autorizado,BRES001,BRES0010006,TPD - P4,ES,2025-03-15 07:24:00,2025-03-16 18:30:00,2025-03-23 15:45:00,Movimentação da Carga,Longo Curso,False,0.0,22500.0,0.0,0.0,0.0,0.0,0.0,,1
1556802,1023970,Rio Grande,Rio Grande,Porto Organizado,BRRIG,RIG0045,BERÇO 5 (37 a 47),RS,2025-03-27 04:20:00,2025-03-27 06:20:00,2025-03-31 07:00:00,Movimentação da Carga,Cabotagem,False,0.0,36863.432,0.0,0.0,0.0,0.0,0.0,,2
1562090,1023970,Paranaguá,Paranaguá - Antonina,Porto Organizado,BRPNG,PNG0213,Berço 213,PR,2025-04-17 09:30:00,2025-04-21 23:10:00,2025-04-22 22:00:00,Movimentação da Carga,Longo Curso,False,22321.13,0.0,22321.13,22321.13,0.0,0.0,0.0,1201,3
1649087,1023970,Santos,Santos,Porto Organizado,BRSSZ,SSZ0737,ARMAZÉM 37.1,SP,2025-12-08 19:48:00,2025-12-18 15:06:00,2025-12-21 12:11:00,Movimentação da Carga,Longo Curso,True,63574.62,0.0,63574.62,63574.62,0.0,0.0,0.0,2304,4
1642463,1024443,Terminal Integrador Portuário Luiz Antonio Mesquita - TIPLAM,Santos,Terminal Autorizado,BRSP001,BRSP0010001,TUF1,SP,2025-11-05 21:36:00,2025-11-13 23:36:00,2025-11-18 07:44:00,Movimentação da Carga,Longo Curso,True,0.0,41999.992,0.0,0.0,0.0,0.0,0.0,,1
1675971,1024443,Terminal Ponta da Montanha,Vila do Conde - Belém,Terminal Autorizado,BRPA005,BRPA0050001,Externo,PA,2026-02-10 03:54:00,2026-02-21 00:00:00,2026-02-25 04:31:00,Movimentação da Carga,Longo Curso,False,59159.121,0.0,59159.121,59159.121,0.0,0.0,0.0,1201,2
1599386,1024455,Vitória,Vitória,Porto Organizado,BRVIX,VIX0207,207,ES,2025-06-29 06:40:00,2025-06-29 07:45:00,2025-07-05 14:45:00,Movimentação da Carga,Longo Curso,False,0.0,37645.1,0.0,0.0,0.0,0.0,0.0,,1
1598191,1024455,Santos,Santos,Porto Organizado,BRSSZ,SSZ0419,ARM 19,SP,2025-07-07 13:54:00,2025-07-16 14:20:00,2025-07-18 09:51:00,Movimentação da Carga,Longo Curso,True,59649.442,0.0,59649.442,59649.442,0.0,0.0,0.0,1005,2
1641233,1024455,Rio Grande,Rio Grande,Porto Organizado,BRRIG,RIG0047,BERÇO 7 (56 a 65),RS,2025-11-05 11:51:00,2025-11-05 15:35:00,2025-11-13 21:25:00,Abastecimento,Longo Curso,False,0.0,0.0,0.0,0.0,0.0,0.0,0.0,,3
1635260,1024455,Terminal Portuário Bunge Alimentos,Rio Grande,Terminal Autorizado,BRRS007,BRRS0070101,BERÇO SUL,RS,2025-11-05 14:00:00,2025-11-13 23:35:00,2025-11-19 06:35:00,Movimentação da Carga,Longo Curso,False,52494.03,0.0,52494.03,52494.03,0.0,0.0,0.0,1207,4
1583881,1024522,Itaqui,Itaqui,Porto Organizado,BRIQI,IQI0100,BERÇO 100,MA,2025-05-30 09:06:00,2025-06-08 13:45:00,2025-06-10 13:28:00,Movimentação da Carga,Longo Curso,False,58503.768000000004,0.0,58503.768000000004,58503.768000000004,0.0,0.0,0.0,1201,1
1643743,1024522,Aratu,Aratu - Salvador,Porto Organizado,BRARB,ARB0102,102,BA,2025-11-18 01:00:00,2025-11-24 11:50:00,2025-11-26 19:55:00,Movimentação da Carga,Longo Curso,False,0.0,12000.0,0.0,0.0,0.0,0.0,0.0,,2
1649029,1024522,Santos,Santos,Porto Organizado,BRSSZ,SSZ0423,ARMAZEM 23,SP,2025-11-30 03:18:00,2025-12-07 12:00:00,2025-12-09 17:00:00,Movimentação da Carga,Longo Curso,True,0.0,20000.0,0.0,0.0,0.0,0.0,0.0,,3
1653308,1024522,Rio Grande,Rio Grande,Porto Organizado,BRRIG,RIG0047,BERÇO 7 (56 a 65),RS,2025-12-12 07:00:00,2025-12-12 20:00:00,2025-12-14 18:20:00,Movimentação da Carga,Cabotagem,False,0.0,11969.733,0.0,0.0,0.0,0.0,0.0,,4
1554242,1026489,Terminal de Tubarão,Vitória,Terminal Autorizado,BRES001,BRES0010005,TPD - P3,ES,2025-02-03 02:15:00,2025-02-27 09:51:00,2025-03-02 18:04:00,Movimentação da Carga,Longo Curso,False,69157.84700000001,0.0,69157.84700000001,69157.84700000001,0.0,0.0,0.0,1201,1
1637964,1026489,Santos,Santos,Porto Organizado,BRSSZ,SSZ0420,ARM 20/21,SP,2025-10-31 06:00:00,2025-11-12 04:57:00,2025-11-14 16:00:00,Movimentação da Carga,Longo Curso,True,71500.0,0.0,71500.0,71500.0,0.0,0.0,0.0,1005,2
1631588,1026491,Terminal de Praia Mole,Vitória,Terminal Autorizado,BRES003,BRES0030007,TPM - P1,ES,2025-09-26 22:18:00,2025-10-06 23:20:00,2025-10-09 20:05:00,Movimentação da Carga,Longo Curso,False,0.0,44000.0,0.0,0.0,0.0,0.0,0.0,,1
1630816,1026491,Terminal Integrador Portuário Luiz Antonio Mesquita - TIPLAM,Santos,Terminal Autorizado,BRSP001,BRSP0010002,TIP 2,SP,2025-10-21 22:36:00,2025-10-24 17:48:00,2025-10-28 11:18:00,Movimentação da Carga,Longo Curso,True,69839.09,0.0,69839.09,69839.09,0.0,0.0,0.0,1201,2
1565315,1026532,Santos,Santos,Porto Organizado,BRSSZ,SSZ0803,TGG,SP,2025-04-15 00:29:00,2025-04-15 01:15:00,2025-04-16 14:45:00,Movimentação da Carga,Longo Curso,True,61240.635,0.0,61240.635,61240.635,0.0,0.0,0.0,1201,1
1672314,1026532,Terminal de Tubarão,Vitória,Terminal Autorizado,BRES001,BRES0010001,TTU - P1N,ES,2026-02-25 09:48:00,2026-02-27 00:30:00,2026-02-28 01:42:00,Movimentação da Carga,Longo Curso,False,77655.0,0.0,77655.0,77655.0,0.0,0.0,0.0,2601,2
1649084,1026568,Santos,Santos,Porto Organizado,BRSSZ,SSZ0416,ARM 16/17,SP,2025-12-13 09:00:00,2025-12-18 15:00:00,2025-12-21 02:40:00,Movimentação da Carga,Longo Curso,True,74500.0,0.0,74500.0,74500.0,0.0,0.0,0.0,1701,1
1673402,1026568,São Francisco do Sul,São Francisco do Sul,Porto Organizado,BRSFS,SFS0101,BRP101,SC,2026-02-20 11:42:00,2026-02-23 01:45:00,2026-02-26 09:12:00,Movimentação da Carga,Longo Curso,False,67173.53,0.0,67173.53,67173.53,0.0,0.0,0.0,1201,2
1629576,1026570,Santos,Santos,Porto Organizado,BRSSZ,SSZ0804,TERMAG,SP,2025-09-14 17:00:00,2025-10-21 14:20:00,2025-10-27 09:20:00,Movimentação da Carga,Longo Curso,True,0.0,76895.662,0.0,0.0,0.0,0.0,0.0,,1
1661523,1026582,Santos,Santos,Porto Organizado,BRSSZ,SSZ0941,TEAG,SP,2025-12-26 10:00:00,2025-12-29 04:25:00,2026-01-03 21:40:00,Movimentação da Carga,Longo Curso,True,71500.0,0.0,71500.0,71500.0,0.0,0.0,0.0,1005,1
1648986,1026609,Santos,Santos,Porto Organizado,BRSSZ,SSZ0804,TERMAG,SP,2025-12-06 02:48:00,2025-12-08 12:40:00,2025-12-15 18:10:00,Movimentação da Carga,Longo Curso,True,0.0,51280.543000000005,0.0,0.0,0.0,0.0,0.0,,1
1662027,1026609,Vitória,Vitória,Porto Organizado,BRVIX,VIX0202,202,ES,2025-12-17 10:00:00,2025-12-31 14:45:00,2026-01-11 08:35:00,Movimentação da Carga,Longo Curso,False,0.0,18863.55,0.0,0.0,0.0,0.0,0.0,,2
1661572,1026609,Santos,Santos,Porto Organizado,BRSSZ,SSZ0420,ARM 20/21,SP,2026-01-12 21:12:00,2026-01-13 17:38:00,2026-01-16 12:45:00,Movimentação da Carga,Longo Curso,True,74895.325,0.0,74895.325,74895.325,0.0,0.0,0.0,1701,3
1516010,1027354,Santos,Santos,Porto Organizado,BRSSZ,SSZ0310,VALONGO,SP,2024-11-15 18:00:00,2024-11-23 00:51:00,2024-11-25 18:55:00,Movimentação da Carga,Longo Curso,True,0.0,2984.223,0.0,0.0,0.0,0.0,0.0,,1
1516004,1027354,Santos,Santos,Porto Organizado,BRSSZ,SSZ0676,ARM 35P2,SP,2024-11-15 18:00:00,2024-11-25 19:50:00,2024-11-30 10:00:00,Movimentação da Carga,Longo Curso,True,66000.0,0.0,0.0,66000.0,0.0,0.0,0.0,4703,2
1522643,1027354,Itaguaí,Itaguaí,Porto Organizado,BRIGI,IGI5302,302,RJ,2024-12-02 08:50:00,2024-12-02 12:17:00,2024-12-03 03:23:00,Movimentação da Carga,Longo Curso,False,978.6200000000001,0.0,0.0,978.6200000000001,0.0,0.0,0.0,R9P0,3
1577850,1027354,Santos,Santos,Porto Organizado,BRSSZ,SSZ0676,ARM 35P2,SP,2025-05-28 08:00:00,2025-05-29 16:55:00,2025-05-31 13:00:00,Movimentação da Carga,Longo Curso,True,16570.0,0.0,0.0,16570.0,0.0,0.0,0.0,4703,4
1585663,1027354,Santos,Santos,Porto Organizado,BRSSZ,SSZ0664,ARM 34,SP,2025-05-31 13:00:00,2025-05-31 13:20:00,2025-06-03 11:05:00,Movimentação da Carga,Longo Curso,True,17000.0,0.0,0.0,17000.0,0.0,0.0,0.0,3912,5
1604408,1027354,Paranaguá,Paranaguá - Antonina,Porto Organizado,BRPNG,PNG0214,Berço 214,PR,2025-07-28 17:36:00,2025-08-16 04:40:00,2025-08-18 08:15:00,Movimentação da Carga,Longo Curso,False,62014.05,0.0,62014.05,62014.05,0.0,0.0,0.0,1201,6
1655686,1027354,Portocel - Terminal Especializado de Barra do Riacho,Barra do Riacho,Terminal Autorizado,BRES006,BRES0060103,Berço 3,ES,2025-12-12 15:42:00,2025-12-12 16:30:00,2025-12-14 04:07:00,Movimentação da Carga,Longo Curso,False,16550.0,0.0,0.0,16550.0,0.0,0.0,0.0,4703,7
1649126,1027354,Santos,Santos,Porto Organizado,BRSSZ,SSZ0664,ARM 34,SP,2025-12-15 23:01:00,2025-12-15 23:50:00,2025-12-18 01:45:00,Movimentação da Carga,Longo Curso,True,14050.0,0.0,0.0,14050.0,0.0,0.0,0.0,3912,8
1649004,1027354,Santos,Santos,Porto Organizado,BRSSZ,SSZ0676,ARM 35P2,SP,2025-12-18 01:45:00,2025-12-18 02:20:00,2025-12-19 04:15:00,Movimentação da Carga,Longo Curso,True,9000.0,0.0,0.0,9000.0,0.0,0.0,0.0,4703,9
1643057,1027354,DP World Santos,Santos,Terminal Autorizado,BRSP008,BRSP0085003,Berço 3,SP,2025-12-19 00:30:00,2025-12-19 05:37:00,2025-12-20 05:41:00,Movimentação da Carga,Apoio Portuário,True,10700.0,0.0,0.0,10700.0,0.0,0.0,0.0,4703,10
1565134,1027366,Santos,Santos,Porto Organizado,BRSSZ,SSZ0676,ARM 35P2,SP,2025-04-04 09:00:00,2025-04-10 18:25:00,2025-04-15 07:45:00,Movimentação da Carga,Longo Curso,True,33000.0,0.0,0.0,33000.0,0.0,0.0,0.0,4703,1
1592789,1027366,Paranaguá,Paranaguá - Antonina,Porto Organizado,BRPNG,PNG0215,Berço 215,PR,2025-07-22 03:00:00,2025-07-22 07:45:00,2025-07-22 20:30:00,Movimentação da Carga,Longo Curso,False,0.0,2720.6,0.0,0.0,0.0,267.0,0.0,,2
1598020,1027366,Santos,Santos,Porto Organizado,BRSSZ,SSZ0214,CS 04,SP,2025-07-23 10:00:00,2025-07-23 15:00:00,2025-07-27 13:20:00,Movimentação da Carga,Longo Curso,True,0.0,2672.1530000000002,0.0,0.0,0.0,0.0,0.0,,3
1604032,1027366,Portocel - Terminal Especializado de Barra do Riacho,Barra do Riacho,Terminal Autorizado,BRES006,BRES0060102,Berço 1,ES,2025-07-29 09:06:00,2025-07-29 09:51:00,2025-07-30 14:54:00,Movimentação da Carga,Longo Curso,False,10880.0,0.0,0.0,10880.0,0.0,0.0,0.0,4702,4
1605933,1027366,Santos,Santos,Porto Organizado,BRSSZ,SSZ0664,ARM 34,SP,2025-08-01 14:05:00,2025-08-01 14:55:00,2025-08-04 13:45:00,Movimentação da Carga,Longo Curso,True,15000.0,0.0,0.0,15000.0,0.0,0.0,0.0,3912,5
1605839,1027366,Santos,Santos,Porto Organizado,BRSSZ,SSZ0676,ARM 35P2,SP,2025-08-04 13:45:00,2025-08-04 14:20:00,2025-08-08 09:50:00,Movimentação da Carga,Longo Curso,True,40400.0,0.0,0.0,40400.0,0.0,0.0,0.0,4703,6
1639060,1027366,Paranaguá,Paranaguá - Antonina,Porto Organizado,BRPNG,PNG0215,Berço 215,PR,2025-11-10 07:00:00,2025-11-12 06:00:00,2025-11-13 19:35:00,Movimentação da Carga,Longo Curso,False,0.0,2103.143,0.0,0.0,0.0,43.0,0.0,,7
1638005,1027366,Santos,Santos,Porto Organizado,BRSSZ,SSZ0652,ARM 31/32 + ARM 32,SP,2025-11-14 10:00:00,2025-11-14 10:50:00,2025-11-15 14:55:00,Movimentação da Carga,Longo Curso,True,0.0,2004.0,0.0,0.0,0.0,0.0,0.0,,8
1637841,1027366,Santos,Santos,Porto Organizado,BRSSZ,SSZ0214,CS 04,SP,2025-11-19 08:00:00,2025-11-19 09:05:00,2025-11-20 13:20:00,Movimentação da Carga,Longo Curso,True,0.0,240.821,0.0,0.0,0.0,0.0,0.0,,9
1648982,1027366,Santos,Santos,Porto Organizado,BRSSZ,SSZ0676,ARM 35P2,SP,2025-12-03 18:00:00,2025-12-03 20:15:00,2025-12-05 11:45:00,Movimentação da Carga,Longo Curso,True,17000.0,0.0,0.0,17000.0,0.0,0.0,0.0,4703,10
1649074,1027366,Santos,Santos,Porto Organizado,BRSSZ,SSZ0664,ARM 34,SP,2025-12-08 23:30:00,2025-12-09 00:15:00,2025-12-10 13:25:00,Movimentação da Carga,Longo Curso,True,3952.0,0.0,0.0,3952.0,0.0,0.0,0.0,3912,11
1639288,1027366,DP World Santos,Santos,Terminal Autorizado,BRSP008,BRSP0085004,Berço 4,SP,2025-12-03 19:42:00,2025-12-10 15:22:00,2025-12-14 13:38:00,Movimentação da Carga,Apoio Portuário,True,29226.0,0.0,0.0,29226.0,0.0,0.0,0.0,4703,12
1664759,1027366,DP World Santos,Santos,Terminal Autorizado,BRSP008,BRSP0085004,Berço 4,SP,2026-02-02 04:12:00,2026-02-12 04:22:00,2026-02-16 21:20:00,Movimentação da Carga,Apoio Portuário,True,58000.0,0.0,0.0,58000.0,0.0,0.0,0.0,4703,13
1575904,1027378,Santos,Santos,Porto Organizado,BRSSZ,SSZ0815,TEV,SP,2025-05-18 19:54:00,2025-05-19 19:50:00,2025-05-22 23:25:00,Movimentação da Carga,Longo Curso,True,0.0,3232.897,0.0,0.0,0.0,0.0,0.0,,1
1576130,1027378,Santos,Santos,Porto Organizado,BRSSZ,SSZ0815,TEV,SP,2025-05-22 23:25:00,2025-05-22 23:36:00,2025-05-23 01:10:00,Reparo/Manutenção,Longo Curso,True,,,,,,,,,2
1576111,1027378,Santos,Santos,Porto Organizado,BRSSZ,SSZ0214,CS 04,SP,2025-05-26 20:15:00,2025-05-26 21:30:00,2025-05-28 01:10:00,Movimentação da Carga,Longo Curso,True,0.0,745.35,0.0,0.0,0.0,0.0,0.0,,3
1582753,1027378,Paranaguá,Paranaguá - Antonina,Porto Organizado,BRPNG,PNG0213,Berço 213,PR,2025-05-28 12:54:00,2025-06-01 08:50:00,2025-06-04 02:40:00,Movimentação da Carga,Longo Curso,False,62700.0,0.0,62700.0,62700.0,0.0,0.0,0.0,1201,4
1617847,1027378,Paranaguá,Paranaguá - Antonina,Porto Organizado,BRPNG,PNG0215,Berço 215,PR,2025-09-21 21:12:00,2025-09-28 14:15:00,2025-09-29 10:10:00,Movimentação da Carga,Longo Curso,False,0.0,2382.776,0.0,0.0,0.0,174.0,0.0,,5
1629547,1027378,Santos,Santos,Porto Organizado,BRSSZ,SSZ0214,CS 04,SP,2025-09-30 01:36:00,2025-09-30 21:10:00,2025-10-04 16:00:00,Movimentação da Carga,Longo Curso,True,0.0,1589.733,0.0,0.0,0.0,0.0,0.0,,6
1632180,1027378,Portocel - Terminal Especializado de Barra do Riacho,Barra do Riacho,Terminal Autorizado,BRES006,BRES0060101,Berço 2,ES,2025-10-15 20:42:00,2025-10-17 09:46:00,2025-10-18 15:03:00,Movimentação da Carga,Longo Curso,False,7350.0,0.0,0.0,7350.0,0.0,0.0,0.0,4703,7
1624118,1027378,DP World Santos,Santos,Terminal Autorizado,BRSP008,BRSP0085003,Berço 3,SP,2025-10-20 08:00:00,2025-10-20 11:00:00,2025-10-24 01:04:00,Movimentação da Carga,Apoio Portuário,True,28400.0,0.0,0.0,28400.0,0.0,0.0,0.0,4703,8
1605165,1027380,Paranaguá,Paranaguá - Antonina,Porto Organizado,BRPNG,PNG0215,Berço 215,PR,2025-08-22 17:06:00,2025-08-26 00:05:00,2025-08-27 07:10:00,Movimentação da Carga,Longo Curso,False,0.0,8236.556,0.0,0.0,0.0,699.0,0.0,,1
1617033,1027380,Santos,Santos,Porto Organizado,BRSSZ,SSZ0214,CS 04,SP,2025-08-27 22:00:00,2025-08-28 00:25:00,2025-09-04 10:45:00,Movimentação da Carga,Longo Curso,True,0.0,1040.634,0.0,0.0,0.0,0.0,0.0,,2
1617082,1027380,Santos,Santos,Porto Organizado,BRSSZ,SSZ0214,CS 04,SP,2025-09-14 16:00:00,2025-09-14 18:20:00,2025-09-18 11:21:00,Movimentação da Carga,Longo Curso,True,0.0,820.017,0.0,0.0,0.0,0.0,0.0,,3
1617083,1027380,Santos,Santos,Porto Organizado,BRSSZ,SSZ0664,ARM 34,SP,2025-09-14 16:00:00,2025-09-18 12:25:00,2025-09-19 21:40:00,Movimentação da Carga,Longo Curso,True,15700.0,0.0,0.0,15700.0,0.0,0.0,0.0,3912,4
1617084,1027380,Santos,Santos,Porto Organizado,BRSSZ,SSZ0676,ARM 35P2,SP,2025-09-20 14:30:00,2025-09-20 15:25:00,2025-09-21 21:15:00,Movimentação da Carga,Longo Curso,True,9500.0,0.0,0.0,9500.0,0.0,0.0,0.0,4703,5
1641299,1027380,Portocel - Terminal Especializado de Barra do Riacho,Barra do Riacho,Terminal Autorizado,BRES006,BRES0060101,Berço 2,ES,2025-11-06 01:00:00,2025-11-07 05:15:00,2025-11-09 05:00:00,Movimentação da Carga,Longo Curso,False,23949.200000000004,0.0,0.0,23949.200000000004,0.0,0.0,0.0,4702,6
1637874,1027380,Santos,Santos,Porto Organizado,BRSSZ,SSZ0676,ARM 35P2,SP,2025-11-10 21:36:00,2025-11-13 23:50:00,2025-11-18 16:25:00,Movimentação da Carga,Longo Curso,True,38500.0,0.0,0.0,38500.0,0.0,0.0,0.0,4703,7
1606522,1027988,Terminal Marítimo Privativo de Cubatão - TMPC,Santos,Terminal Autorizado,BRSP002,BRSP0020003,Cais I #3,SP,2025-08-04 04:42:00,2025-08-04 11:50:00,2025-08-09 04:17:00,Movimentação da Carga,Longo Curso,True,0.0,30467.221,0.0,0.0,0.0,0.0,0.0,,1
1651894,1027988,Rio Grande,Rio Grande,Porto Organizado,BRRIG,RIG0043,BERÇO 3 (17 a 27),RS,2025-12-21 04:00:00,2025-12-21 16:00:00,2025-12-23 13:30:00,Movimentação da Carga,Longo Curso,False,0.0,10935.33,0.0,0.0,0.0,0.0,0.0,,2
1648133,1027988,Paranaguá,Paranaguá - Antonina,Porto Organizado,BRPNG,PNG0204,Berço 204,PR,2025-12-25 05:18:00,2025-12-27 22:50:00,2025-12-29 19:15:00,Movimentação da Carga,Longo Curso,False,0.0,8942.56,0.0,0.0,0.0,0.0,0.0,,3
1662823,1027988,Paranaguá,Paranaguá - Antonina,Porto Organizado,BRPNG,PNG0204,Berço 204,PR,2025-12-25 05:18:00,2026-01-07 11:25:00,2026-01-09 22:45:00,Movimentação da Carga,Longo Curso,False,0.0,10045.84,0.0,0.0,0.0,0.0,0.0,,4
1622257,1029273,Maceió,Maceió,Porto Organizado,BRMCZ,MCZ5009,Área de Fundeio,AL,2025-09-11 23:30:00,2025-09-12 07:30:00,2025-09-12 16:30:00,Apoio,Longo Curso,False,,,,,,,,,1
1631564,1029273,Santos,Santos,Porto Organizado,BRSSZ,SSZ0102,AL 02,SP,2025-09-19 10:24:00,2025-10-10 08:25:00,2025-10-10 18:25:00,Reparo/Manutenção,Apoio Portuário,True,,,,,,,,,2
1644160,1029273,Terminal Aquaviário de São Sebastião (Almirante Barroso),São Sebastião,Terminal Autorizado,BRSP006,BRSP0060004,P4,SP,2025-11-07 10:00:00,2025-11-07 17:24:00,2025-11-09 21:50:00,Movimentação da Carga,Cabotagem,False,0.0,39224.649,0.0,0.0,0.0,0.0,0.0,,3
1598263,1031783,Santos,Santos,Porto Organizado,BRSSZ,SSZ0102,AL 02,SP,2025-07-16 15:00:00,2025-07-22 14:35:00,2025-07-25 02:15:00,Movimentação da Carga,Cabotagem,True,12707.108,0.0,0.0,0.0,0.0,0.0,0.0,2710,1
1610726,1031783,Brasil Logística Offshore e Estaleiro Naval,São João da Barra,Terminal Autorizado,BRRJ053,BRRJ0535001,CAIS SUL,RJ,2025-08-06 12:00:00,2025-08-06 12:40:00,2025-08-07 09:30:00,Apoio,Cabotagem,False,,,,,,,,,2
1610736,1031783,Brasil Logística Offshore e Estaleiro Naval,São João da Barra,Terminal Autorizado,BRRJ053,BRRJ0535001,CAIS SUL,RJ,2025-08-06 12:00:00,2025-08-06 12:40:00,2025-08-07 12:45:00,Apoio,Cabotagem,False,,,,,,,,,3
1611488,1031783,Brasil Logística Offshore e Estaleiro Naval,São João da Barra,Terminal Autorizado,BRRJ053,BRRJ0535001,CAIS SUL,RJ,2025-08-06 12:00:00,2025-08-06 12:40:00,2025-08-07 09:30:00,Apoio,Cabotagem,False,,,,,,,,,4
1611500,1031783,Brasil Logística Offshore e Estaleiro Naval,São João da Barra,Terminal Autorizado,BRRJ053,BRRJ0535001,CAIS SUL,RJ,2025-08-06 12:00:00,2025-08-06 12:40:00,2025-08-07 12:45:00,Apoio,Cabotagem,False,,,,,,,,,5
1614429,1031783,Terminal Aquaviário de São Sebastião (Almirante Barroso),São Sebastião,Terminal Autorizado,BRSP006,BRSP0060004,P4,SP,2025-08-08 19:00:00,2025-08-14 20:42:00,2025-08-15 13:37:00,Movimentação da Carga,Cabotagem,False,0.0,3254.067,0.0,0.0,0.0,0.0,0.0,,6
1614441,1031783,Terminal Aquaviário de São Sebastião (Almirante Barroso),São Sebastião,Terminal Autorizado,BRSP006,BRSP0060003,P3,SP,2025-08-15 13:54:00,2025-08-20 00:42:00,2025-08-22 05:30:00,Movimentação da Carga,Cabotagem,False,2545.641,0.0,0.0,0.0,0.0,0.0,0.0,2710,7
1614444,1031783,Terminal Aquaviário de São Sebastião (Almirante Barroso),São Sebastião,Terminal Autorizado,BRSP006,BRSP0060004,P4,SP,2025-08-15 13:54:00,2025-08-22 06:24:00,2025-08-23 09:55:00,Movimentação da Carga,Cabotagem,False,10552.752,0.0,0.0,0.0,0.0,0.0,0.0,2710,8
1610943,1031783,Brasil Logística Offshore e Estaleiro Naval,São João da Barra,Terminal Autorizado,BRRJ053,BRRJ0535001,CAIS SUL,RJ,2025-08-25 17:00:00,2025-08-25 17:30:00,2025-08-27 22:00:00,Apoio,Cabotagem,False,,,,,,,,,9
1619232,1031783,Terminal Aquaviário da Ilha D'Água,Rio de Janeiro -  Niterói,Terminal Autorizado,BRRJ010,BRRJ0100201,PS 1,RJ,2025-09-09 09:30:00,2025-09-14 21:06:00,2025-09-16 11:15:00,Movimentação da Carga,Cabotagem,False,13622.46,0.0,0.0,0.0,0.0,0.0,0.0,2710,10
1622035,1031783,Brasil Logística Offshore e Estaleiro Naval,São João da Barra,Terminal Autorizado,BRRJ053,BRRJ0535001,CAIS SUL,RJ,2025-09-23 11:30:00,2025-09-23 11:45:00,2025-09-24 16:20:00,Apoio,Cabotagem,False,,,,,,,,,12
1622032,1031783,Brasil Logística Offshore e Estaleiro Naval,São João da Barra,Terminal Autorizado,BRRJ053,BRRJ0535001,CAIS SUL,RJ,2025-09-23 10:00:00,2025-09-23 11:45:00,2025-09-24 11:00:00,Apoio,Cabotagem,False,,,,,,,,,11
1622429,1031783,Brasil Logística Offshore e Estaleiro Naval,São João da Barra,Terminal Autorizado,BRRJ053,BRRJ0535001,CAIS SUL,RJ,2025-09-23 11:30:00,2025-09-23 11:45:00,2025-09-24 16:20:00,Apoio,Cabotagem,False,,,,,,,,,13
1619233,1031783,Terminal Aquaviário da Ilha D'Água,Rio de Janeiro -  Niterói,Terminal Autorizado,BRRJ010,BRRJ0100201,PS 1,RJ,2025-09-25 10:00:00,2025-09-27 04:35:00,2025-09-28 10:00:00,Movimentação da Carga,Cabotagem,False,13310.64,0.0,0.0,0.0,0.0,0.0,0.0,2710,14
1631799,1031783,Brasil Logística Offshore e Estaleiro Naval,São João da Barra,Terminal Autorizado,BRRJ053,BRRJ0535001,CAIS SUL,RJ,2025-10-11 07:30:00,2025-10-11 08:00:00,2025-10-14 18:10:00,Apoio,Cabotagem,False,,,,,,,,,15
1632314,1031783,Brasil Logística Offshore e Estaleiro Naval,São João da Barra,Terminal Autorizado,BRRJ053,BRRJ0535001,CAIS SUL,RJ,2025-10-11 07:30:00,2025-10-11 08:00:00,2025-10-14 18:10:00,Apoio,Cabotagem,False,,,,,,,,,16
1630441,1031783,Terminal Aquaviário da Ilha D'Água,Rio de Janeiro -  Niterói,Terminal Autorizado,BRRJ010,BRRJ0100202,PS 2,RJ,2025-10-15 09:48:00,2025-10-24 07:00:00,2025-10-25 16:40:00,Movimentação da Carga,Cabotagem,False,13415.79,0.0,0.0,0.0,0.0,0.0,0.0,2710,17
1631977,1031783,Brasil Logística Offshore e Estaleiro Naval,São João da Barra,Terminal Autorizado,BRRJ053,BRRJ0535001,CAIS SUL,RJ,2025-10-28 12:00:00,2025-10-28 12:20:00,2025-10-29 22:20:00,Apoio,Cabotagem,False,,,,,,,,,18
1631990,1031783,Brasil Logística Offshore e Estaleiro Naval,São João da Barra,Terminal Autorizado,BRRJ053,BRRJ0535001,CAIS SUL,RJ,2025-10-28 10:00:00,2025-10-28 12:20:00,2025-10-30 13:10:00,Apoio,Cabotagem,False,,,,,,,,,19
1633079,1031783,Brasil Logística Offshore e Estaleiro Naval,São João da Barra,Terminal Autorizado,BRRJ053,BRRJ0535001,CAIS SUL,RJ,2025-10-28 12:00:00,2025-10-28 12:20:00,2025-10-29 22:20:00,Apoio,Cabotagem,False,,,,,,,,,20
1633092,1031783,Brasil Logística Offshore e Estaleiro Naval,São João da Barra,Terminal Autorizado,BRRJ053,BRRJ0535001,CAIS SUL,RJ,2025-10-28 10:00:00,2025-10-28 12:20:00,2025-10-30 13:10:00,Apoio,Cabotagem,False,,,,,,,,,21
1631993,1031783,Brasil Logística Offshore e Estaleiro Naval,São João da Barra,Terminal Autorizado,BRRJ053,BRRJ0535001,CAIS SUL,RJ,2025-10-28 21:00:00,2025-10-28 21:40:00,2025-10-29 03:00:00,Apoio,Cabotagem,False,,,,,,,,,22
1633095,1031783,Brasil Logística Offshore e Estaleiro Naval,São João da Barra,Terminal Autorizado,BRRJ053,BRRJ0535001,CAIS SUL,RJ,2025-10-28 21:00:00,2025-10-28 21:40:00,2025-10-29 03:00:00,Apoio,Cabotagem,False,,,,,,,,,23
1639396,1031783,Terminal Aquaviário da Ilha D'Água,Rio de Janeiro -  Niterói,Terminal Autorizado,BRRJ010,BRRJ0100202,PS 2,RJ,2025-11-11 12:18:00,2025-11-20 16:06:00,2025-11-22 05:40:00,Movimentação da Carga,Cabotagem,False,13674.94,0.0,0.0,0.0,0.0,0.0,0.0,2710,24
1641737,1031783,Brasil Logística Offshore e Estaleiro Naval,São João da Barra,Terminal Autorizado,BRRJ053,BRRJ0535001,CAIS SUL,RJ,2025-11-23 05:00:00,2025-11-23 06:30:00,2025-11-24 11:00:00,Apoio,Cabotagem,False,,,,,,,,,25
1642170,1031783,Brasil Logística Offshore e Estaleiro Naval,São João da Barra,Terminal Autorizado,BRRJ053,BRRJ0535001,CAIS SUL,RJ,2025-11-23 05:00:00,2025-11-23 06:30:00,2025-11-24 11:00:00,Apoio,Cabotagem,False,0.0,10.0,0.0,0.0,0.0,0.0,0.0,,26
1653568,1031783,Terminal Aquaviário da Ilha D'Água,Rio de Janeiro -  Niterói,Terminal Autorizado,BRRJ010,BRRJ0100202,PS 2,RJ,2025-11-25 03:30:00,2025-12-11 14:12:00,2025-12-13 09:40:00,Movimentação da Carga,Cabotagem,False,13595.06,0.0,0.0,0.0,0.0,0.0,0.0,2710,27
1654650,1031783,Brasil Logística Offshore e Estaleiro Naval,São João da Barra,Terminal Autorizado,BRRJ053,BRRJ0535001,CAIS SUL,RJ,2025-12-15 11:40:00,2025-12-15 12:10:00,2025-12-17 12:00:00,Apoio,Cabotagem,False,,,,,,,,,28
1655051,1031783,Brasil Logística Offshore e Estaleiro Naval,São João da Barra,Terminal Autorizado,BRRJ053,BRRJ0535001,CAIS SUL,RJ,2025-12-15 11:40:00,2025-12-15 12:10:00,2025-12-17 12:00:00,Apoio,Cabotagem,False,0.0,5.0,0.0,0.0,0.0,0.0,0.0,,29
1656952,1031783,Terminal Aquaviário de São Sebastião (Almirante Barroso),São Sebastião,Terminal Autorizado,BRSP006,BRSP0060004,P4,SP,2025-12-18 21:30:00,2025-12-27 14:42:00,2025-12-29 05:20:00,Movimentação da Carga,Cabotagem,False,13430.183,0.0,0.0,0.0,0.0,0.0,0.0,2710,30
1666299,1031783,Terminal Aquaviário de São Sebastião (Almirante Barroso),São Sebastião,Terminal Autorizado,BRSP006,BRSP0060003,P3,SP,2026-01-06 09:30:00,2026-01-16 05:00:00,2026-01-17 17:55:00,Movimentação da Carga,Cabotagem,False,13374.874,0.0,0.0,0.0,0.0,0.0,0.0,2710,31
1665353,1031783,Brasil Logística Offshore e Estaleiro Naval,São João da Barra,Terminal Autorizado,BRRJ053,BRRJ0535001,CAIS SUL,RJ,2026-01-24 16:00:00,2026-01-24 16:10:00,2026-01-24 22:10:00,Apoio,Cabotagem,False,,,,,,,,,32
1665893,1031783,Brasil Logística Offshore e Estaleiro Naval,São João da Barra,Terminal Autorizado,BRRJ053,BRRJ0535001,CAIS SUL,RJ,2026-01-24 16:00:00,2026-01-24 16:10:00,2026-01-24 22:10:00,Apoio,Cabotagem,False,,,,,,,,,33
1665818,1031783,Terminal Aquaviário da Ilha D'Água,Rio de Janeiro -  Niterói,Terminal Autorizado,BRRJ010,BRRJ0100201,PS 1,RJ,2026-01-26 04:30:00,2026-01-26 16:06:00,2026-01-27 20:00:00,Movimentação da Carga,Cabotagem,False,13495.47,0.0,0.0,0.0,0.0,0.0,0.0,2710,34
1668998,1031783,Brasil Logística Offshore e Estaleiro Naval,São João da Barra,Terminal Autorizado,BRRJ053,BRRJ0535001,CAIS SUL,RJ,2026-02-08 18:10:00,2026-02-08 19:10:00,2026-02-10 16:10:00,Apoio,Cabotagem,False,,,,,,,,,35
1669941,1031783,Brasil Logística Offshore e Estaleiro Naval,São João da Barra,Terminal Autorizado,BRRJ053,BRRJ0535001,CAIS SUL,RJ,2026-02-08 18:10:00,2026-02-08 19:10:00,2026-02-10 16:10:00,Apoio,Cabotagem,False,,,,,,,,,36
1676583,1031783,Terminal Aquaviário de São Sebastião (Almirante Barroso),São Sebastião,Terminal Autorizado,BRSP006,BRSP0060004,P4,SP,2026-02-11 19:42:00,2026-02-13 21:48:00,2026-02-15 07:55:00,Movimentação da Carga,Cabotagem,False,13443.263,0.0,0.0,0.0,0.0,0.0,0.0,2710,37
1669165,1031783,Brasil Logística Offshore e Estaleiro Naval,São João da Barra,Terminal Autorizado,BRRJ053,BRRJ0535001,CAIS SUL,RJ,2026-02-26 08:30:00,2026-02-26 09:30:00,2026-02-27 17:10:00,Apoio,Cabotagem,False,,,,,,,,,38
1661023,1031848,Terminal Integrador Portuário Luiz Antonio Mesquita - TIPLAM,Santos,Terminal Autorizado,BRSP001,BRSP0010002,TIP 2,SP,2026-01-28 20:06:00,2026-02-01 10:12:00,2026-02-05 01:35:00,Movimentação da Carga,Longo Curso,True,55450.00199999999,0.0,55450.00199999999,55450.00199999999,0.0,0.0,0.0,1701,1
1669747,1031848,Santos,Santos,Porto Organizado,BRSSZ,SSZ0420,ARM 20/21,SP,2026-02-12 18:00:00,2026-02-12 19:20:00,2026-02-14 13:25:00,Movimentação da Carga,Longo Curso,True,19425.93,0.0,19425.93,19425.93,0.0,0.0,0.0,1701,2
1599927,1033664,Paranaguá,Paranaguá - Antonina,Porto Organizado,BRPNG,PNG0200,Berço 200,PR,2025-06-29 07:06:00,2025-07-14 10:12:00,2025-07-20 11:25:00,Movimentação da Carga,Longo Curso,False,0.0,68041.008,0.0,0.0,0.0,0.0,0.0,,1
1604404,1033664,Paranaguá,Paranaguá - Antonina,Porto Organizado,BRPNG,PNG0213,Berço 213,PR,2025-07-24 16:00:00,2025-08-02 15:00:00,2025-08-04 17:30:00,Movimentação da Carga,Longo Curso,False,69168.315,0.0,69168.315,69168.315,0.0,0.0,0.0,1201,2
1637925,1033664,Santos,Santos,Porto Organizado,BRSSZ,SSZ0748,ARM 38,SP,2025-10-25 09:24:00,2025-11-04 02:00:00,2025-11-07 19:50:00,Movimentação da Carga,Longo Curso,True,69945.55,0.0,69945.55,69945.55,0.0,0.0,0.0,1201,3
1634297,1033688,Yara Brasil Fertilizantes,Rio Grande,Terminal Autorizado,BRRS001,BRRS0010002,Mague,RS,2025-10-14 10:00:00,2025-10-15 00:42:00,2025-10-23 16:22:00,Movimentação da Carga,Longo Curso,False,0.0,36500.0,0.0,0.0,0.0,0.0,0.0,,1
1632747,1033688,Rio Grande,Rio Grande,Porto Organizado,BRRIG,RIG0045,BERÇO 5 (37 a 47),RS,2025-10-06 16:08:00,2025-10-23 17:50:00,2025-10-28 01:30:00,Movimentação da Carga,Longo Curso,False,0.0,23381.54,0.0,0.0,0.0,0.0,0.0,,2
1637868,1033688,Santos,Santos,Porto Organizado,BRSSZ,SSZ0748,ARM 38,SP,2025-10-30 07:00:00,2025-11-13 14:25:00,2025-11-16 00:10:00,Movimentação da Carga,Longo Curso,True,62980.55,0.0,62980.55,62980.55,0.0,0.0,0.0,2304,3
1575925,1034383,Santos,Santos,Porto Organizado,BRSSZ,SSZ0412,ARM 12A,SP,2025-05-07 21:30:00,2025-05-12 23:30:00,2025-05-15 12:20:00,Movimentação da Carga,Longo Curso,True,37438.909,0.0,37438.909,37438.909,0.0,0.0,0.0,1201,1
1575926,1034383,Santos,Santos,Porto Organizado,BRSSZ,SSZ0415,ARM 15,SP,2025-05-15 12:20:00,2025-05-15 12:40:00,2025-05-17 13:00:00,Movimentação da Carga,Longo Curso,True,17037.18,0.0,17037.18,17037.18,0.0,0.0,0.0,1201,2
1575927,1034383,Santos,Santos,Porto Organizado,BRSSZ,SSZ0412,ARM 12A,SP,2025-05-17 13:16:00,2025-05-17 13:45:00,2025-05-19 14:20:00,Movimentação da Carga,Longo Curso,True,16022.920999999998,0.0,16022.920999999998,16022.920999999998,0.0,0.0,0.0,1201,3
1618441,1034383,São Francisco do Sul,São Francisco do Sul,Porto Organizado,BRSFS,SFS0101,BRP101,SC,2025-09-08 12:30:00,2025-09-20 01:00:00,2025-09-23 14:58:00,Movimentação da Carga,Longo Curso,False,68450.005,0.0,68450.005,68450.005,0.0,0.0,0.0,1201,4
1669671,1034383,Santos,Santos,Porto Organizado,BRSSZ,SSZ0676,ARM 35P2,SP,2026-01-24 06:30:00,2026-02-01 23:45:00,2026-02-08 13:45:00,Movimentação da Carga,Longo Curso,True,42066.0,0.0,0.0,42066.0,0.0,0.0,0.0,4703,5
1666844,1034383,Itaguaí,Itaguaí,Porto Organizado,BRIGI,IGI5303,303,RJ,2026-02-10 15:04:00,2026-02-10 18:30:00,2026-02-12 00:25:00,Movimentação da Carga,Longo Curso,False,5487.934,0.0,0.0,5487.934,0.0,0.0,0.0,49P0,6
1637865,1034395,Santos,Santos,Porto Organizado,BRSSZ,SSZ0652,ARM 31/32 + ARM 32,SP,2025-10-28 01:54:00,2025-10-29 01:40:00,2025-11-01 08:40:00,Movimentação da Carga,Longo Curso,True,45000.0,0.0,0.0,45000.0,0.0,0.0,0.0,4703,1
1626271,1034395,DP World Santos,Santos,Terminal Autorizado,BRSP008,BRSP0085003,Berço 3,SP,2025-10-28 01:54:00,2025-11-01 10:01:00,2025-11-03 12:02:00,Movimentação da Carga,Apoio Portuário,True,27000.0,0.0,0.0,27000.0,0.0,0.0,0.0,4703,2
1638473,1034395,Itaguaí,Itaguaí,Porto Organizado,BRIGI,IGI5303,303,RJ,2025-11-08 08:00:00,2025-11-08 19:40:00,2025-11-10 00:38:00,Movimentação da Carga,Longo Curso,False,4501.6,0.0,0.0,4501.6,0.0,0.0,0.0,45G1,3
1674068,1034395,Santos,Santos,Porto Organizado,BRSSZ,SSZ0214,CS 04,SP,2026-02-19 00:01:00,2026-02-19 01:20:00,2026-02-23 19:56:00,Movimentação da Carga,Longo Curso,True,0.0,3449.9909999999995,0.0,0.0,0.0,35.0,0.0,,4
1617122,1036018,Santos,Santos,Porto Organizado,BRSSZ,SSZ0416,ARM 16/17,SP,2025-08-20 00:05:00,2025-09-09 21:51:00,2025-09-11 10:18:00,Movimentação da Carga,Longo Curso,True,60500.0,0.0,60500.0,60500.0,0.0,0.0,0.0,1701,1
1537995,1036044,Santos,Santos,Porto Organizado,BRSSZ,SSZ0675,ARM 35P1,SP,2025-01-18 05:00:00,2025-01-18 11:00:00,2025-01-24 04:10:00,Movimentação da Carga,Longo Curso,True,0.0,17204.36,0.0,0.0,0.0,0.0,0.0,,1
1556079,1036044,São Sebastião,São Sebastião,Porto Organizado,BRSSO,SSO0101,B 101,SP,2025-02-07 11:36:00,2025-02-09 01:15:00,2025-02-10 18:40:00,Movimentação da Carga,Longo Curso,False,0.0,5410.2,0.0,0.0,0.0,0.0,0.0,,2
1593170,1036501,Salvador,Aratu - Salvador,Porto Organizado,BRSSA,SSA0203,202 (antigo 203/204),BA,2025-07-25 04:00:00,2025-07-25 05:45:00,2025-07-28 18:55:00,Movimentação da Carga,Longo Curso,False,0.0,9008.09,0.0,0.0,0.0,0.0,0.0,,1
1607189,1036501,Vitória,Vitória,Porto Organizado,BRVIX,VIX0206,206,ES,2025-07-30 15:00:00,2025-07-30 19:10:00,2025-08-01 04:55:00,Movimentação da Carga,Longo Curso,False,0.0,7690.77,0.0,0.0,0.0,0.0,0.0,,2
1605843,1036501,Santos,Santos,Porto Organizado,BRSSZ,SSZ0212,CS.2,SP,2025-08-02 20:24:00,2025-08-05 23:45:00,2025-08-13 23:50:00,Movimentação da Carga,Longo Curso,True,0.0,15067.1,0.0,0.0,0.0,0.0,0.0,,3
1625046,1036501,Yara Brasil Fertilizantes,Rio Grande,Terminal Autorizado,BRRS001,BRRS0010001,Isomonte,RS,2025-08-16 20:00:00,2025-08-18 10:03:00,2025-08-24 09:26:00,Movimentação da Carga,Longo Curso,False,0.0,13500.0,0.0,0.0,0.0,0.0,0.0,,4
1623331,1036501,Terminal Integrador Portuário Luiz Antonio Mesquita - TIPLAM,Santos,Terminal Autorizado,BRSP001,BRSP0010003,TIP 3,SP,2025-08-29 00:01:00,2025-08-31 18:36:00,2025-09-02 20:20:00,Movimentação da Carga,Longo Curso,True,60000.0,0.0,60000.0,60000.0,0.0,0.0,0.0,1701,5
1614535,1037658,Terminal Integrador Portuário Luiz Antonio Mesquita - TIPLAM,Santos,Terminal Autorizado,BRSP001,BRSP0010002,TIP 2,SP,2025-08-20 13:30:00,2025-08-23 15:18:00,2025-08-26 18:55:00,Movimentação da Carga,Longo Curso,True,62335.0,0.0,62335.0,62335.0,0.0,0.0,0.0,1701,1
1636814,1037658,Rio de Janeiro,Rio de Janeiro -  Niterói,Porto Organizado,BRRIO,RIO2108,Pátio 9,RJ,2025-11-10 05:55:00,2025-11-10 06:50:00,2025-11-13 12:25:00,Movimentação da Carga,Longo Curso,False,47151.0,0.0,47151.0,47151.0,0.0,0.0,0.0,7201,2
1633930,1037658,Rio de Janeiro,Rio de Janeiro -  Niterói,Porto Organizado,BRRIO,RIO2F09,FUNDEADOURO 9,RJ,2025-11-10 05:55:00,2025-11-13 13:35:00,2025-11-14 07:30:00,Movimentação da Carga,Longo Curso,False,2645.0,0.0,2645.0,2645.0,0.0,0.0,0.0,7201,3
1505649,1039357,Belém,Vila do Conde - Belém,Porto Organizado,BRBEL,BEL0101,101,PA,2024-10-15 09:45:00,2024-10-15 09:50:00,2024-10-23 15:23:00,Movimentação da Carga,Longo Curso,False,0.0,35447.845,0.0,0.0,0.0,0.0,0.0,,1
1503567,1039357,Vila do Conde,Vila do Conde - Belém,Porto Organizado,BRVDC,VDC0201,Berço 201,PA,2024-10-29 02:15:00,2024-10-29 02:15:00,2024-10-30 22:50:00,Movimentação da Carga,Longo Curso,False,36869.8,0.0,36749.8,36869.8,0.0,0.0,0.0,2818,2
1625393,1039357,Vila do Conde,Vila do Conde - Belém,Porto Organizado,BRVDC,VDC0201,Berço 201,PA,2025-10-22 01:54:00,2025-10-26 08:18:00,2025-10-29 16:30:00,Movimentação da Carga,Longo Curso,False,31503.34,0.0,31500.0,31500.0,0.0,0.0,0.0,2818,3
1672470,1039357,Terminal Integrador Portuário Luiz Antonio Mesquita - TIPLAM,Santos,Terminal Autorizado,BRSP001,BRSP0010004,TIP 4,SP,2026-01-30 08:18:00,2026-02-16 10:48:00,2026-02-20 00:15:00,Movimentação da Carga,Longo Curso,True,0.0,27499.913999999997,0.0,0.0,0.0,0.0,0.0,,4
1651223,1039369,Santos,Santos,Porto Organizado,BRSSZ,SSZ0804,TERMAG,SP,2025-12-19 13:00:00,2025-12-23 22:20:00,2025-12-25 08:30:00,Movimentação da Carga,Longo Curso,True,0.0,9226.449,0.0,0.0,0.0,0.0,0.0,,1
1651410,1039369,Terminal Integrador Portuário Luiz Antonio Mesquita - TIPLAM,Santos,Terminal Autorizado,BRSP001,BRSP0010001,TUF1,SP,2025-12-19 12:48:00,2025-12-27 11:36:00,2025-12-29 21:15:00,Movimentação da Carga,Longo Curso,True,0.0,27749.97,0.0,0.0,0.0,0.0,0.0,,2
1637979,1040825,Santos,Santos,Porto Organizado,BRSSZ,SSZ0420,ARM 20/21,SP,2025-11-03 06:40:00,2025-11-14 21:59:00,2025-11-16 23:10:00,Movimentação da Carga,Longo Curso,True,74250.0,0.0,74250.0,74250.0,0.0,0.0,0.0,1701,1
1554471,1041350,Santos,Santos,Porto Organizado,BRSSZ,SSZ0942,TEG,SP,2025-02-27 10:00:00,2025-03-14 23:04:00,2025-03-17 17:45:00,Movimentação da Carga,Longo Curso,True,66150.53,0.0,66150.53,66150.53,0.0,0.0,0.0,1201,1
1598112,1041350,Santos,Santos,Porto Organizado,BRSSZ,SSZ0942,TEG,SP,2025-06-25 15:00:00,2025-07-11 15:18:00,2025-07-16 01:49:00,Movimentação da Carga,Longo Curso,True,69065.735,0.0,69065.735,69065.735,0.0,0.0,0.0,1201,2
1565286,1041374,Santos,Santos,Porto Organizado,BRSSZ,SSZ0803,TGG,SP,2025-04-03 14:00:00,2025-04-08 06:20:00,2025-04-10 01:00:00,Movimentação da Carga,Longo Curso,True,69304.53,0.0,69304.53,69304.53,0.0,0.0,0.0,1201,1
1605931,1041374,Santos,Santos,Porto Organizado,BRSSZ,SSZ0626,OUTEIRINHOS 3,SP,2025-08-08 14:02:00,2025-08-10 08:50:00,2025-08-14 05:15:00,Movimentação da Carga,Longo Curso,True,70352.0,0.0,70352.0,70352.0,0.0,0.0,0.0,1201,2
1576002,1041398,Santos,Santos,Porto Organizado,BRSSZ,SSZ0759,ARM 39,SP,2025-04-18 20:42:00,2025-05-05 04:45:00,2025-05-06 15:20:00,Movimentação da Carga,Longo Curso,True,69296.435,0.0,69296.435,69296.435,0.0,0.0,0.0,1201,1
1617224,1041398,Santos,Santos,Porto Organizado,BRSSZ,SSZ0942,TEG,SP,2025-09-20 04:12:00,2025-09-24 05:56:00,2025-09-27 22:06:00,Movimentação da Carga,Longo Curso,True,62929.46,0.0,62929.46,62929.46,0.0,0.0,0.0,1005,2
1661562,1041398,Santos,Santos,Porto Organizado,BRSSZ,SSZ0423,ARMAZEM 23,SP,2026-01-15 17:00:00,2026-01-16 00:40:00,2026-01-22 08:41:00,Movimentação da Carga,Longo Curso,True,0.0,49100.0,0.0,0.0,0.0,0.0,0.0,,3
1662497,1041398,Rio Grande,Rio Grande,Porto Organizado,BRRIG,RIG0043,BERÇO 3 (17 a 27),RS,2026-01-24 08:36:00,2026-01-24 10:20:00,2026-01-27 15:00:00,Movimentação da Carga,Cabotagem,False,0.0,28380.739999999998,0.0,0.0,0.0,0.0,0.0,,4
1674687,1041398,Paranaguá,Paranaguá - Antonina,Porto Organizado,BRPNG,PNG0213,Berço 213,PR,2026-01-29 09:00:00,2026-02-07 20:10:00,2026-02-10 02:05:00,Movimentação da Carga,Longo Curso,False,69300.0,0.0,69300.0,69300.0,0.0,0.0,0.0,1201,5
1630792,1041441,Vila do Conde,Vila do Conde - Belém,Porto Organizado,BRVDC,VDC5013,Fundeio 01,PA,2025-10-29 13:16:00,2025-10-29 14:10:00,2025-11-05 07:56:00,Movimentação da Carga,Longo Curso,False,59816.14,0.0,59816.14,59816.14,0.0,0.0,0.0,1005,1
1661290,1041441,São Francisco do Sul,São Francisco do Sul,Porto Organizado,BRSFS,SFS0301,BRA301,SC,2026-01-14 19:50:00,2026-01-16 14:15:00,2026-01-23 04:19:00,Movimentação da Carga,Longo Curso,False,0.0,50000.75,0.0,0.0,0.0,0.0,0.0,,2
1662406,1041441,Santos,Santos,Porto Organizado,BRSSZ,SSZ0420,ARM 20/21,SP,2026-01-24 18:50:00,2026-01-30 02:20:00,2026-01-31 07:55:00,Movimentação da Carga,Longo Curso,True,33500.0,0.0,33500.0,33500.0,0.0,0.0,0.0,1701,3
1669719,1041441,Santos,Santos,Porto Organizado,BRSSZ,SSZ0412,ARM 12A,SP,2026-02-08 19:30:00,2026-02-08 20:30:00,2026-02-13 01:55:00,Movimentação da Carga,Longo Curso,True,30000.0,0.0,30000.0,30000.0,0.0,0.0,0.0,1701,4
1629763,1043607,Santos,Santos,Porto Organizado,BRSSZ,SSZ0419,ARM 19,SP,2025-10-19 16:36:00,2025-10-25 15:10:00,2025-10-27 11:55:00,Movimentação da Carga,Longo Curso,True,60268.513,0.0,60268.513,60268.513,0.0,0.0,0.0,1005,1
1630800,1044508,Terminal Integrador Portuário Luiz Antonio Mesquita - TIPLAM,Santos,Terminal Autorizado,BRSP001,BRSP0010001,TUF1,SP,2025-10-14 03:42:00,2025-10-22 04:12:00,2025-10-25 04:08:00,Movimentação da Carga,Longo Curso,True,0.0,19497.948,0.0,0.0,0.0,0.0,0.0,,1
1640006,1044508,Paranaguá,Paranaguá - Antonina,Porto Organizado,BRPNG,PNG0202,Berço 202,PR,2025-10-25 15:48:00,2025-11-12 21:15:00,2025-11-16 11:50:00,Movimentação da Carga,Longo Curso,False,0.0,14960.900000000001,0.0,0.0,0.0,0.0,0.0,,2
1639962,1044508,Maceió,Maceió,Porto Organizado,BRMCZ,MCZ0005,Berço 5,AL,2025-11-22 13:30:00,2025-11-22 18:30:00,2025-11-26 19:25:00,Movimentação da Carga,Longo Curso,False,35000.0,0.0,35000.0,35000.0,0.0,0.0,0.0,1701,3
1669757,1044508,Santos,Santos,Porto Organizado,BRSSZ,SSZ0804,TERMAG,SP,2026-02-05 08:30:00,2026-02-15 23:05:00,2026-02-17 15:49:00,Movimentação da Carga,Longo Curso,True,0.0,15136.482,0.0,0.0,0.0,0.0,0.0,,4
1676011,1044508,Paranaguá,Paranaguá - Antonina,Porto Organizado,BRPNG,PNG0208,Berço 208,PR,2026-02-18 05:18:00,2026-02-18 12:00:00,2026-02-23 01:45:00,Movimentação da Carga,Longo Curso,False,0.0,14925.550000000001,0.0,0.0,0.0,0.0,0.0,,5
1638062,1047067,Imbituba,Imbituba,Porto Organizado,BRIBB,IBB0002,Berço 2,SC,2025-11-03 16:18:00,2025-11-05 13:12:00,2025-11-06 23:50:00,Movimentação da Carga,Longo Curso,False,0.0,16508.25,0.0,0.0,0.0,0.0,0.0,,1
1641247,1047067,Rio Grande,Rio Grande,Porto Organizado,BRRIG,RIG0043,BERÇO 3 (17 a 27),RS,2025-11-08 06:00:00,2025-11-08 07:45:00,2025-11-12 07:25:00,Movimentação da Carga,Cabotagem,False,0.0,32931.878,0.0,0.0,0.0,0.0,0.0,,2
1638021,1047067,Santos,Santos,Porto Organizado,BRSSZ,SSZ0416,ARM 16/17,SP,2025-11-16 15:48:00,2025-11-19 09:30:00,2025-11-20 19:16:00,Movimentação da Carga,Longo Curso,True,60500.0,0.0,60500.0,60500.0,0.0,0.0,0.0,1701,3
1631455,1047093,Imbituba,Imbituba,Porto Organizado,BRIBB,IBB0001,Berço 1,SC,2025-09-30 23:12:00,2025-10-01 04:18:00,2025-10-05 09:53:00,Movimentação da Carga,Longo Curso,False,0.0,16920.61,0.0,0.0,0.0,0.0,0.0,,1
1632810,1047093,Rio Grande,Rio Grande,Porto Organizado,BRRIG,RIG0042,BERÇO 2 (8 a 17),RS,2025-10-06 14:00:00,2025-10-06 17:50:00,2025-10-09 23:38:00,Movimentação da Carga,Cabotagem,False,0.0,32659.767,0.0,0.0,0.0,0.0,0.0,,2
1632121,1047093,Terminal Integrador Portuário Luiz Antonio Mesquita - TIPLAM,Santos,Terminal Autorizado,BRSP001,BRSP0010003,TIP 3,SP,2025-10-13 10:00:00,2025-10-17 16:42:00,2025-10-21 16:10:00,Movimentação da Carga,Longo Curso,True,60000.0,0.0,60000.0,60000.0,0.0,0.0,0.0,1701,3
1603939,1048334,Itaqui,Itaqui,Porto Organizado,BRIQI,IQI0103,BERÇO 103,MA,2025-07-25 20:00:00,2025-08-18 11:54:00,2025-08-21 00:19:00,Movimentação da Carga,Longo Curso,False,71217.331,0.0,71217.331,71217.331,0.0,0.0,0.0,1201,1
1651642,1048334,Itajaí,Itajaí,Porto Organizado,BRITJ,ITJ5007,SEARA Itajaí - 02,SC,2025-12-14 15:30:00,2025-12-15 02:54:00,2025-12-16 16:34:00,Movimentação da Carga,Longo Curso,False,0.0,19079.39,0.0,0.0,0.0,1883.0,0.0,,2
1651073,1048334,Terminal Integrador Portuário Luiz Antonio Mesquita - TIPLAM,Santos,Terminal Autorizado,BRSP001,BRSP0010002,TIP 2,SP,2025-12-17 11:24:00,2025-12-19 02:30:00,2025-12-22 11:25:00,Movimentação da Carga,Longo Curso,True,71759.36,0.0,71759.36,71759.36,0.0,0.0,0.0,1201,3
1609058,1048360,DP World Santos,Santos,Terminal Autorizado,BRSP008,BRSP0085003,Berço 3,SP,2025-09-11 16:48:00,2025-09-12 20:19:00,2025-09-16 23:20:00,Movimentação da Carga,Apoio Portuário,True,72000.0,0.0,0.0,72000.0,0.0,0.0,0.0,4703,1
1628572,1048360,Itaguaí,Itaguaí,Porto Organizado,BRIGI,IGI5303,303,RJ,2025-09-17 02:05:00,2025-09-18 03:20:00,2025-09-18 22:20:00,Movimentação da Carga,Longo Curso,False,3419.6530000000002,0.0,0.0,3419.6530000000002,0.0,0.0,0.0,45G1,2
1637860,1048372,Santos,Santos,Porto Organizado,BRSSZ,SSZ0676,ARM 35P2,SP,2025-10-26 05:00:00,2025-10-29 14:40:00,2025-11-03 16:10:00,Movimentação da Carga,Longo Curso,True,41000.0,0.0,0.0,41000.0,0.0,0.0,0.0,4703,1
1638233,1048372,Itaguaí,Itaguaí,Porto Organizado,BRIGI,IGI5303,303,RJ,2025-11-04 12:18:00,2025-11-04 15:40:00,2025-11-05 13:24:00,Movimentação da Carga,Longo Curso,False,4925.168,0.0,0.0,4925.168,0.0,0.0,0.0,49P0,2
1669688,1048384,Santos,Santos,Porto Organizado,BRSSZ,SSZ0664,ARM 34,SP,2026-02-06 01:16:00,2026-02-06 02:10:00,2026-02-07 07:45:00,Movimentação da Carga,Longo Curso,True,9600.0,0.0,0.0,9600.0,0.0,0.0,0.0,3912,1
1664415,1048384,DP World Santos,Santos,Terminal Autorizado,BRSP008,BRSP0085003,Berço 3,SP,2026-02-06 01:20:00,2026-02-14 23:19:00,2026-02-17 22:20:00,Movimentação da Carga,Apoio Portuário,True,25046.0,0.0,0.0,25046.0,0.0,0.0,0.0,4703,2
1575874,1050155,Santos,Santos,Porto Organizado,BRSSZ,SSZ0626,OUTEIRINHOS 3,SP,2025-04-12 11:48:00,2025-04-28 13:35:00,2025-05-01 14:05:00,Movimentação da Carga,Longo Curso,True,71300.0,0.0,71300.0,71300.0,0.0,0.0,0.0,1201,1
1649101,1050155,Santos,Santos,Porto Organizado,BRSSZ,SSZ0803,TGG,SP,2025-12-12 22:55:00,2025-12-12 23:53:00,2025-12-17 10:10:00,Movimentação da Carga,Longo Curso,True,70612.505,0.0,70612.505,70612.505,0.0,0.0,0.0,1201,2
1598119,1050167,Santos,Santos,Porto Organizado,BRSSZ,SSZ0420,ARM 20/21,SP,2025-07-01 08:42:00,2025-07-09 17:33:00,2025-07-12 07:55:00,Movimentação da Carga,Longo Curso,True,68960.43,0.0,68960.43,68960.43,0.0,0.0,0.0,1201,1
1649563,1050167,Paranaguá,Paranaguá - Antonina,Porto Organizado,BRPNG,PNG0213,Berço 213,PR,2025-11-23 18:00:00,2025-12-01 22:15:00,2025-12-04 10:05:00,Movimentação da Carga,Longo Curso,False,71200.0,0.0,71200.0,71200.0,0.0,0.0,0.0,1201,2
1613101,1050818,Terminal Vila do Conde,Vila do Conde - Belém,Terminal Autorizado,BRPA043,BRPA0435001,Píer de Navios,PA,2025-08-28 10:30:00,2025-08-28 11:40:00,2025-08-30 12:00:00,Movimentação da Carga,Longo Curso,False,0.0,5285.414,0.0,0.0,0.0,0.0,0.0,,1
1613984,1050818,Vila do Conde,Vila do Conde - Belém,Porto Organizado,BRVDC,VDC0301,Berço 301,PA,2025-08-08 12:00:00,2025-09-12 02:09:00,2025-09-20 09:44:00,Movimentação da Carga,Longo Curso,False,7.140000000000001,50711.75,0.0,0.0,0.0,0.0,0.0,CA01,2
1615121,1050818,Santarém,Santarém,Porto Organizado,BRSTM,STM0401,401,PA,2025-09-24 00:00:00,2025-09-24 00:05:00,2025-09-25 09:10:00,Movimentação da Carga,Longo Curso,False,49105.33,0.0,49105.33,49105.33,0.0,0.0,0.0,1005,3
1651433,1050818,Terminal Integrador Portuário Luiz Antonio Mesquita - TIPLAM,Santos,Terminal Autorizado,BRSP001,BRSP0010004,TIP 4,SP,2025-11-27 05:00:00,2025-11-30 04:20:00,2025-12-08 01:15:00,Movimentação da Carga,Longo Curso,True,0.0,49500.0,0.0,0.0,0.0,0.0,0.0,,4
1644992,1050818,Terminal Marítimo Alfandegado Privativo de Uso Misto de Praia Mole,Vitória,Terminal Autorizado,BRES004,BRES0040702,02,ES,2025-12-09 22:15:00,2025-12-18 09:05:00,2025-12-23 13:45:00,Movimentação da Carga,Longo Curso,False,51848.19,0.0,0.0,51848.19,0.0,0.0,0.0,7207,5
1537853,1051109,Santos,Santos,Porto Organizado,BRSSZ,SSZ0652,ARM 31/32 + ARM 32,SP,2024-12-31 12:25:00,2024-12-31 13:05:00,2025-01-04 01:10:00,Movimentação da Carga,Longo Curso,True,40188.00699999999,0.0,0.0,40188.00699999999,0.0,0.0,0.0,4703,1
1524830,1051109,DP World Santos,Santos,Terminal Autorizado,BRSP008,BRSP0085003,Berço 3,SP,2024-12-31 10:30:00,2025-01-04 02:36:00,2025-01-06 01:08:00,Movimentação da Carga,Apoio Portuário,True,16312.0,0.0,0.0,16312.0,0.0,0.0,0.0,4703,2
1575891,1051109,Santos,Santos,Porto Organizado,BRSSZ,SSZ0676,ARM 35P2,SP,2025-04-30 05:36:00,2025-05-03 07:20:00,2025-05-05 01:15:00,Movimentação da Carga,Longo Curso,True,24400.0,0.0,0.0,24400.0,0.0,0.0,0.0,4703,3
1602354,1051109,Salvador,Aratu - Salvador,Porto Organizado,BRSSA,SSA0611,Cais Água de Meninos (611),BA,2025-08-20 08:00:00,2025-08-21 06:40:00,2025-08-21 20:05:00,Movimentação da Carga,Longo Curso,False,0.0,4614.369000000001,0.0,0.0,0.0,546.0,0.0,,4
1609705,1051109,Vitória,Vitória,Porto Organizado,BRVIX,VIX0203,203,ES,2025-08-23 06:00:00,2025-08-23 13:35:00,2025-08-29 01:25:00,Movimentação da Carga,Longo Curso,False,0.0,10259.847,0.0,0.0,0.0,797.0,0.0,,5
1617064,1051109,Santos,Santos,Porto Organizado,BRSSZ,SSZ0676,ARM 35P2,SP,2025-08-30 17:18:00,2025-09-01 09:25:00,2025-09-05 16:10:00,Movimentação da Carga,Longo Curso,True,57500.0,0.0,0.0,57500.0,0.0,0.0,0.0,4703,6
1650123,1051109,Vitória,Vitória,Porto Organizado,BRVIX,VIX0206,206,ES,2025-12-19 12:00:00,2025-12-22 01:40:00,2025-12-29 16:10:00,Movimentação da Carga,Longo Curso,False,2339.89,4023.201,0.0,2339.89,0.0,0.0,0.0,2516,7
1661429,1051109,Santos,Santos,Porto Organizado,BRSSZ,SSZ0214,CS 04,SP,2025-12-31 05:00:00,2026-01-02 08:50:00,2026-01-05 22:45:00,Movimentação da Carga,Longo Curso,True,0.0,1255.529,0.0,0.0,0.0,0.0,0.0,,8
1664849,1051109,Portocel - Terminal Especializado de Barra do Riacho,Barra do Riacho,Terminal Autorizado,BRES006,BRES0060101,Berço 2,ES,2026-01-22 12:06:00,2026-01-23 22:15:00,2026-01-25 08:08:00,Movimentação da Carga,Longo Curso,False,10500.0,0.0,0.0,10500.0,0.0,0.0,0.0,4703,9
1668008,1051109,Terminal Portuário do Pecém,Pecém - Fortaleza,Terminal Autorizado,BRCE001,BRCE0010305,TMUT - BERÇO 05,CE,2026-01-21 12:00:00,2026-01-30 02:26:00,2026-02-01 13:30:00,Movimentação da Carga,Longo Curso,False,2551.618,0.0,0.0,2551.618,0.0,0.0,0.0,2506,10
1575876,1051111,Santos,Santos,Porto Organizado,BRSSZ,SSZ0676,ARM 35P2,SP,2025-04-25 10:06:00,2025-05-05 04:35:00,2025-05-10 09:40:00,Movimentação da Carga,Longo Curso,True,57000.00099999999,0.0,0.0,57000.00099999999,0.0,0.0,0.0,4703,1
1658402,1051111,Itaguaí,Itaguaí,Porto Organizado,BRIGI,IGI5302,302,RJ,2025-05-11 08:12:00,2025-05-11 11:50:00,2025-05-12 01:20:00,Movimentação da Carga,Longo Curso,False,1044.504,0.0,0.0,1044.504,0.0,0.0,0.0,45G1,2
1614560,1051111,Salvador,Aratu - Salvador,Porto Organizado,BRSSA,SSA0203,202 (antigo 203/204),BA,2025-09-08 17:00:00,2025-09-08 19:45:00,2025-09-09 19:00:00,Movimentação da Carga,Longo Curso,False,0.0,671.548,0.0,0.0,0.0,0.0,0.0,,3
1613865,1051111,Rio de Janeiro,Rio de Janeiro -  Niterói,Porto Organizado,BRRIO,RIO2108,Pátio 9,RJ,2025-09-14 04:50:00,2025-09-14 05:40:00,2025-09-17 12:50:00,Movimentação da Carga,Longo Curso,False,0.0,7321.942,0.0,0.0,0.0,42.0,0.0,,4
1620484,1051111,Santos,Santos,Porto Organizado,BRSSZ,SSZ0214,CS 04,SP,2025-09-18 08:00:00,2025-09-18 13:50:00,2025-09-19 17:40:00,Movimentação da Carga,Longo Curso,True,0.0,311.025,0.0,0.0,0.0,0.0,0.0,,5
1625369,1051111,DP World Santos,Santos,Terminal Autorizado,BRSP008,BRSP0085003,Berço 3,SP,2025-09-18 20:00:00,2025-09-19 18:26:00,2025-09-24 17:26:00,Movimentação da Carga,Longo Curso,True,0.0,9224.250000000002,0.0,0.0,0.0,0.0,0.0,,6
1620563,1051111,Vitória,Vitória,Porto Organizado,BRVIX,VIX0206,206,ES,2025-09-26 11:00:00,2025-09-26 12:50:00,2025-09-29 16:05:00,Movimentação da Carga,Longo Curso,False,13199.64,0.0,0.0,13199.64,0.0,0.0,0.0,2516,7
1629593,1051111,Santos,Santos,Porto Organizado,BRSSZ,SSZ0676,ARM 35P2,SP,2025-10-01 03:30:00,2025-10-03 20:10:00,2025-10-10 07:50:00,Movimentação da Carga,Longo Curso,True,45800.0,0.0,0.0,45800.0,0.0,0.0,0.0,4703,8
1661808,1051111,Itaguaí,Itaguaí,Porto Organizado,BRIGI,IGI5303,303,RJ,2026-01-28 00:39:00,2026-01-28 04:00:00,2026-01-28 15:19:00,Movimentação da Carga,Longo Curso,False,0.0,1624.8700000000001,0.0,0.0,0.0,0.0,0.0,,9
1661422,1051111,Santos,Santos,Porto Organizado,BRSSZ,SSZ0214,CS 04,SP,2026-01-29 04:30:00,2026-01-29 17:54:00,2026-01-31 20:25:00,Movimentação da Carga,Longo Curso,True,0.0,1595.0220000000002,0.0,0.0,0.0,0.0,0.0,,10
1674165,1051111,Portocel - Terminal Especializado de Barra do Riacho,Barra do Riacho,Terminal Autorizado,BRES006,BRES0060102,Berço 1,ES,2026-02-02 14:30:00,2026-02-16 03:43:00,2026-02-19 04:14:00,Movimentação da Carga,Longo Curso,False,34412.0,0.0,0.0,34412.0,0.0,0.0,0.0,4703,11
1666653,1051111,DP World Santos,Santos,Terminal Autorizado,BRSP008,BRSP0085003,Berço 3,SP,2026-02-20 14:30:00,2026-02-21 03:36:00,2026-02-24 08:40:00,Movimentação da Carga,Apoio Portuário,True,23588.0,0.0,0.0,23588.0,0.0,0.0,0.0,4703,12
1669713,1051434,Santos,Santos,Porto Organizado,BRSSZ,SSZ0748,ARM 38,SP,2026-01-17 08:00:00,2026-01-28 08:15:00,2026-02-01 03:30:00,Movimentação da Carga,Longo Curso,True,69900.0,0.0,69900.0,69900.0,0.0,0.0,0.0,1201,1
1573907,1051862,DP World Santos,Santos,Terminal Autorizado,BRSP008,BRSP0085003,Berço 3,SP,2025-05-25 18:52:00,2025-05-31 20:36:00,2025-06-06 08:49:00,Movimentação da Carga,Apoio Portuário,True,72000.0,0.0,0.0,72000.0,0.0,0.0,0.0,4703,1
1657915,1051862,Itaguaí,Itaguaí,Porto Organizado,BRIGI,IGI5302,302,RJ,2025-06-10 05:30:00,2025-06-10 09:32:00,2025-06-11 06:55:00,Movimentação da Carga,Longo Curso,False,6658.321999999999,0.0,0.0,6658.321999999999,0.0,0.0,0.0,49P0,2
1629590,1051862,Santos,Santos,Porto Organizado,BRSSZ,SSZ0652,ARM 31/32 + ARM 32,SP,2025-10-04 05:45:00,2025-10-04 20:45:00,2025-10-07 04:35:00,Movimentação da Carga,Longo Curso,True,26000.0,0.0,0.0,26000.0,0.0,0.0,0.0,4703,3
1618119,1051862,DP World Santos,Santos,Terminal Autorizado,BRSP008,BRSP0085003,Berço 3,SP,2025-10-04 05:48:00,2025-10-07 05:50:00,2025-10-12 09:58:00,Movimentação da Carga,Apoio Portuário,True,46000.0,0.0,0.0,46000.0,0.0,0.0,0.0,4703,4
1631585,1051862,Itaguaí,Itaguaí,Porto Organizado,BRIGI,IGI5302,302,RJ,2025-10-14 15:40:00,2025-10-14 19:21:00,2025-10-15 18:14:00,Movimentação da Carga,Longo Curso,False,3541.034,0.0,0.0,3541.034,0.0,0.0,0.0,45G1,5
1671882,1051862,Itaqui,Itaqui,Porto Organizado,BRIQI,IQI0100,BERÇO 100,MA,2026-02-05 16:45:00,2026-02-17 03:51:00,2026-02-21 04:05:00,Movimentação da Carga,Longo Curso,False,71100.0,0.0,71100.0,71100.0,0.0,0.0,0.0,1201,6
1630557,1051939,Paranaguá,Paranaguá - Antonina,Porto Organizado,BRPNG,PNG0215,Berço 215,PR,2025-10-08 18:00:00,2025-10-21 15:10:00,2025-10-23 03:05:00,Movimentação da Carga,Longo Curso,False,0.0,4376.522,0.0,0.0,0.0,227.0,0.0,,1
1629725,1051939,Santos,Santos,Porto Organizado,BRSSZ,SSZ0676,ARM 35P2,SP,2025-10-24 00:44:00,2025-10-24 01:20:00,2025-10-25 15:35:00,Movimentação da Carga,Longo Curso,True,13944.0,0.0,0.0,13944.0,0.0,0.0,0.0,4703,2
1629530,1051939,Santos,Santos,Porto Organizado,BRSSZ,SSZ0214,CS 04,SP,2025-10-25 15:35:00,2025-10-25 16:35:00,2025-10-29 10:45:00,Movimentação da Carga,Longo Curso,True,0.0,2379.9059999999918,0.0,0.0,0.0,0.0,0.0,,3
1637864,1051939,Santos,Santos,Porto Organizado,BRSSZ,SSZ0676,ARM 35P2,SP,2025-10-29 13:42:00,2025-11-05 12:40:00,2025-11-12 20:15:00,Movimentação da Carga,Longo Curso,True,57056.0,0.0,0.0,57056.0,0.0,0.0,0.0,4703,4
1638487,1051939,Itaguaí,Itaguaí,Porto Organizado,BRIGI,IGI5302,302,RJ,2025-11-14 00:27:00,2025-11-14 04:15:00,2025-11-15 01:23:00,Movimentação da Carga,Longo Curso,False,4100.978,0.0,0.0,4100.978,0.0,0.0,0.0,45G1,5
1648992,1051977,Santos,Santos,Porto Organizado,BRSSZ,SSZ0676,ARM 35P2,SP,2025-12-21 20:26:00,2025-12-21 21:10:00,2025-12-26 20:20:00,Movimentação da Carga,Longo Curso,True,38156.0,0.0,0.0,38156.0,0.0,0.0,0.0,4703,1
1605833,1053298,Santos,Santos,Porto Organizado,BRSSZ,SSZ0676,ARM 35P2,SP,2025-08-01 08:06:00,2025-08-02 01:55:00,2025-08-04 12:00:00,Movimentação da Carga,Longo Curso,True,32000.0,0.0,0.0,32000.0,0.0,0.0,0.0,4703,1
1642862,1053298,Itaguaí,Itaguaí,Porto Organizado,BRIGI,IGI5302,302,RJ,2025-08-06 01:27:00,2025-08-06 05:10:00,2025-08-07 04:35:00,Movimentação da Carga,Longo Curso,False,5010.73,0.0,0.0,5010.73,0.0,0.0,0.0,49P0,2
1635249,1053298,Porto Chibatão,Manaus,Terminal Autorizado,BRAM006,BRAM0060013,BERÇO EXT3,AM,2025-11-30 01:15:00,2025-11-30 02:12:00,2025-11-30 13:17:00,Movimentação da Carga,Cabotagem,False,0.0,1836.306,0.0,0.0,0.0,295.0,0.0,,3
1639831,1053298,Salvador,Aratu - Salvador,Porto Organizado,BRSSA,SSA0611,Cais Água de Meninos (611),BA,2025-12-06 13:30:00,2025-12-06 15:20:00,2025-12-08 04:00:00,Movimentação da Carga,Longo Curso,False,0.0,3131.667,0.0,0.0,0.0,521.0,0.0,,4
1651394,1053298,Itajaí,Itajaí,Porto Organizado,BRITJ,ITJ5007,SEARA Itajaí - 02,SC,2025-12-11 12:18:00,2025-12-11 21:50:00,2025-12-12 11:36:00,Movimentação da Carga,Longo Curso,False,0.0,7787.93,0.0,0.0,0.0,641.0,0.0,,5
1648996,1053298,Santos,Santos,Porto Organizado,BRSSZ,SSZ0214,CS 04,SP,2025-12-13 06:30:00,2025-12-13 08:30:00,2025-12-14 07:40:00,Movimentação da Carga,Longo Curso,True,0.0,538.0649999999999,0.0,0.0,0.0,0.0,0.0,,6
1651211,1053298,Santos,Santos,Porto Organizado,BRSSZ,SSZ0652,ARM 31/32 + ARM 32,SP,2025-12-22 00:58:00,2025-12-22 01:45:00,2025-12-25 10:45:00,Movimentação da Carga,Longo Curso,True,21500.0,0.0,0.0,21500.0,0.0,0.0,0.0,4703,7
1645733,1053298,DP World Santos,Santos,Terminal Autorizado,BRSP008,BRSP0085004,Berço 4,SP,2025-12-14 04:00:00,2025-12-25 12:06:00,2025-12-31 06:18:00,Movimentação da Carga,Apoio Portuário,True,50500.0,0.0,0.0,50500.0,0.0,0.0,0.0,4703,8
1635736,1053315,Salvador,Aratu - Salvador,Porto Organizado,BRSSA,SSA0611,Cais Água de Meninos (611),BA,2025-11-10 06:00:00,2025-11-10 23:55:00,2025-11-11 15:20:00,Movimentação da Carga,Longo Curso,False,0.0,3933.959999999999,0.0,0.0,0.0,463.0,0.0,,1
1637825,1053315,Santos,Santos,Porto Organizado,BRSSZ,SSZ0214,CS 04,SP,2025-11-14 16:41:00,2025-11-14 22:25:00,2025-11-19 03:15:00,Movimentação da Carga,Longo Curso,True,2.3,1586.7420000000002,0.0,0.0,0.0,10.0,0.0,22G0,2
1641109,1053315,DP World Santos,Santos,Terminal Autorizado,BRSP008,BRSP0085003,Berço 3,SP,2025-11-26 07:30:00,2025-11-26 12:40:00,2025-11-26 17:04:00,Movimentação da Carga,Longo Curso,True,0.0,1483.25,0.0,0.0,0.0,144.0,0.0,,3
1635267,1053315,DP World Santos,Santos,Terminal Autorizado,BRSP008,BRSP0085003,Berço 3,SP,2025-11-26 06:00:00,2025-11-26 13:00:00,2025-12-01 03:01:00,Movimentação da Carga,Apoio Portuário,True,72000.0,0.0,0.0,72000.0,0.0,0.0,0.0,4703,4
1649816,1053315,Itaguaí,Itaguaí,Porto Organizado,BRIGI,IGI5302,302,RJ,2025-12-04 01:36:00,2025-12-04 05:30:00,2025-12-05 01:45:00,Movimentação da Carga,Longo Curso,False,2527.1,0.0,0.0,2527.1,0.0,0.0,0.0,45G1,5
1651229,1053327,Santos,Santos,Porto Organizado,BRSSZ,SSZ0664,ARM 34,SP,2025-12-25 06:00:00,2025-12-28 13:25:00,2025-12-30 16:30:00,Movimentação da Carga,Longo Curso,True,22000.0,0.0,0.0,22000.0,0.0,0.0,0.0,3912,1
1661459,1053327,Santos,Santos,Porto Organizado,BRSSZ,SSZ0676,ARM 35P2,SP,2025-12-30 16:30:00,2025-12-30 17:10:00,2026-01-07 16:15:00,Movimentação da Carga,Longo Curso,True,49844.0,0.0,0.0,49844.0,0.0,0.0,0.0,4703,2
1661664,1053327,Itaguaí,Itaguaí,Porto Organizado,BRIGI,IGI5302,302,RJ,2026-01-08 08:00:00,2026-01-08 22:30:00,2026-01-09 16:05:00,Movimentação da Carga,Longo Curso,False,3701.4859999999994,0.0,0.0,3701.4859999999994,0.0,0.0,0.0,45G1,3
1645257,1057189,Terminal Integrador Portuário Luiz Antonio Mesquita - TIPLAM,Santos,Terminal Autorizado,BRSP001,BRSP0010004,TIP 4,SP,2025-11-21 07:15:00,2025-11-23 05:48:00,2025-11-28 00:09:00,Movimentação da Carga,Longo Curso,True,0.0,31747.0,0.0,0.0,0.0,0.0,0.0,,1
1645979,1057189,Rio de Janeiro,Rio de Janeiro -  Niterói,Porto Organizado,BRRIO,RIO2108,Pátio 9,RJ,2025-11-29 02:30:00,2025-11-29 03:15:00,2025-12-04 14:20:00,Movimentação da Carga,Longo Curso,False,0.0,6790.76,0.0,0.0,0.0,0.0,0.0,,2
1651771,1057189,Rio Grande,Rio Grande,Porto Organizado,BRRIG,RIG0047,BERÇO 7 (56 a 65),RS,2025-12-07 00:05:00,2025-12-08 14:20:00,2025-12-11 16:20:00,Movimentação da Carga,Cabotagem,False,0.0,8738.42,0.0,0.0,0.0,0.0,0.0,,3
1648990,1060435,Santos,Santos,Porto Organizado,BRSSZ,SSZ0737,ARMAZÉM 37.1,SP,2025-12-14 17:15:00,2025-12-24 17:21:00,2025-12-27 21:47:00,Movimentação da Carga,Longo Curso,True,71500.0,0.0,71500.0,71500.0,0.0,0.0,0.0,1005,1
1596821,1065590,São Francisco do Sul,São Francisco do Sul,Porto Organizado,BRSFS,SFS0201,BRP201,SC,2025-04-14 23:42:00,2025-07-05 08:40:00,2025-07-12 12:10:00,Movimentação da Carga,Longo Curso,False,0.0,34161.844000000005,0.0,0.0,0.0,0.0,0.0,,1
1605826,1065590,Santos,Santos,Porto Organizado,BRSSZ,SSZ0412,ARM 12A,SP,2025-07-13 09:30:00,2025-07-24 14:00:00,2025-08-03 01:20:00,Movimentação da Carga,Longo Curso,True,55156.508,0.0,55156.508,55156.508,0.0,0.0,0.0,1701,2
1638924,1082782,Santos,Santos,Porto Organizado,BRSSZ,SSZ0212,CS.2,SP,2025-11-12 12:40:00,2025-11-13 07:05:00,2025-11-19 15:55:00,Movimentação da Carga,Longo Curso,True,0.0,16473.05,0.0,0.0,0.0,0.0,0.0,,1
1638913,1082782,Santos,Santos,Porto Organizado,BRSSZ,SSZ0423,ARMAZEM 23,SP,2025-11-27 03:30:00,2025-11-27 04:15:00,2025-11-28 14:45:00,Movimentação da Carga,Longo Curso,True,0.0,16458.3,0.0,0.0,0.0,0.0,0.0,,2
1645083,1082782,Rio de Janeiro,Rio de Janeiro -  Niterói,Porto Organizado,BRRIO,RIO2105,Armazém 6 (Partes 1 e 2),RJ,2025-12-04 08:35:00,2025-12-04 09:15:00,2025-12-13 04:25:00,Movimentação da Carga,Longo Curso,False,13042.958,0.0,0.0,13042.958,0.0,0.0,0.0,7304,3
1661456,1084807,Santos,Santos,Porto Organizado,BRSSZ,SSZ0737,ARMAZÉM 37.1,SP,2025-12-18 23:00:00,2026-01-03 15:50:00,2026-01-08 01:03:00,Movimentação da Carga,Longo Curso,True,62916.15,0.0,62916.15,62916.15,0.0,0.0,0.0,2304,1
1661439,1089194,Santos,Santos,Porto Organizado,BRSSZ,SSZ0310,VALONGO,SP,2026-01-10 10:30:00,2026-01-11 06:14:00,2026-01-11 18:10:00,Movimentação da Carga,Longo Curso,True,0.0,348.728,0.0,0.0,0.0,26.0,0.0,,1
1643584,1094993,Vitória,Vitória,Porto Organizado,BRVIX,VIX0204,204,ES,2025-11-22 11:00:00,2025-11-25 07:50:00,2025-11-26 17:15:00,Reparo/Manutenção,Longo Curso,False,,,,,,,,,1
1650539,1094993,Vitória,Vitória,Porto Organizado,BRVIX,VIX0203,203,ES,2025-11-22 11:00:00,2025-11-25 08:15:00,2025-12-05 09:40:00,Movimentação da Carga,Cabotagem,False,13554.05,10793.542,0.0,11686.149999999998,0.0,1284.0,0.0,2516,2
1650699,1094993,Vitória,Vitória,Porto Organizado,BRVIX,VIX0206,206,ES,2025-11-22 11:00:00,2025-11-26 17:10:00,2025-11-28 11:55:00,Reparo/Manutenção,Longo Curso,False,,,,,,,,,3
1643565,1094993,Vitória,Vitória,Porto Organizado,BRVIX,VIX0207,207,ES,2025-11-22 11:00:00,2025-11-28 12:15:00,2025-11-29 10:30:00,Reparo/Manutenção,Longo Curso,False,,,,,,,,,4
1650637,1094993,Itaguaí,Itaguaí,Porto Organizado,BRIGI,IGI5302,302,RJ,2025-12-09 05:47:00,2025-12-09 09:01:00,2025-12-12 02:35:00,Movimentação da Carga,Longo Curso,False,0.0,6576.796,0.0,0.0,0.0,160.25,0.0,,5
1655678,1094993,Portocel - Terminal Especializado de Barra do Riacho,Barra do Riacho,Terminal Autorizado,BRES006,BRES0060101,Berço 2,ES,2025-12-13 07:00:00,2025-12-14 10:44:00,2025-12-17 16:16:00,Movimentação da Carga,Longo Curso,False,33760.0,0.0,0.0,33760.0,0.0,0.0,0.0,4703,6
1649005,1094993,Santos,Santos,Porto Organizado,BRSSZ,SSZ0676,ARM 35P2,SP,2025-12-19 08:00:00,2025-12-19 11:25:00,2025-12-21 02:35:00,Movimentação da Carga,Longo Curso,True,21000.0,0.0,0.0,21000.0,0.0,0.0,0.0,4703,7
1650554,1095002,Vitória,Vitória,Porto Organizado,BRVIX,VIX0203,203,ES,2025-12-26 06:00:00,2025-12-29 10:35:00,2025-12-31 09:15:00,Movimentação da Carga,Longo Curso,False,0.0,8803.857,0.0,0.0,0.0,1270.0,0.0,,1
1661699,1095002,Itaguaí,Itaguaí,Porto Organizado,BRIGI,IGI5302,302,RJ,2026-01-07 20:00:00,2026-01-07 22:38:00,2026-01-08 14:32:00,Movimentação da Carga,Longo Curso,False,0.0,1784.6200000000001,0.0,0.0,0.0,90.65,0.0,,2
1661447,1095002,Santos,Santos,Porto Organizado,BRSSZ,SSZ0664,ARM 34,SP,2026-01-09 06:50:00,2026-01-15 07:30:00,2026-01-17 09:50:00,Movimentação da Carga,Longo Curso,True,15000.0,0.0,0.0,15000.0,0.0,0.0,0.0,3912,3
1661482,1095002,Santos,Santos,Porto Organizado,BRSSZ,SSZ0676,ARM 35P2,SP,2026-01-17 09:50:00,2026-01-17 10:25:00,2026-01-25 14:30:00,Movimentação da Carga,Longo Curso,True,51000.0,0.0,0.0,51000.0,0.0,0.0,0.0,4703,4
1661693,1095002,Itaguaí,Itaguaí,Porto Organizado,BRIGI,IGI5303,303,RJ,2026-01-26 22:25:00,2026-01-27 02:30:00,2026-01-27 21:38:00,Movimentação da Carga,Longo Curso,False,1660.576,0.0,0.0,1660.576,0.0,0.0,0.0,45G1,5
1650579,1095014,Salvador,Aratu - Salvador,Porto Organizado,BRSSA,SSA0610,Cais Santa Dulce (610),BA,2026-01-08 07:00:00,2026-01-08 07:15:00,2026-01-08 19:35:00,Movimentação da Carga,Longo Curso,False,0.0,5110.043,0.0,0.0,0.0,704.0,0.0,,1
1665555,1095014,Vitória,Vitória,Porto Organizado,BRVIX,VIX0203,203,ES,2026-01-10 11:00:00,2026-01-13 11:30:00,2026-01-14 12:20:00,Movimentação da Carga,Longo Curso,False,0.0,8285.411999999997,0.0,0.0,0.0,915.0,0.0,,2
1664828,1095014,Portocel - Terminal Especializado de Barra do Riacho,Barra do Riacho,Terminal Autorizado,BRES006,BRES0060102,Berço 1,ES,2026-01-14 17:00:00,2026-01-27 07:47:00,2026-01-29 13:10:00,Movimentação da Carga,Longo Curso,False,28712.0,0.0,0.0,28712.0,0.0,0.0,0.0,4703,3
1660987,1095014,DP World Santos,Santos,Terminal Autorizado,BRSP008,BRSP0085003,Berço 3,SP,2026-01-31 02:18:00,2026-01-31 20:06:00,2026-02-03 13:01:00,Movimentação da Carga,Apoio Portuário,True,43288.0,0.0,0.0,43288.0,0.0,0.0,0.0,4703,4
1667731,1095014,Rio de Janeiro,Rio de Janeiro -  Niterói,Porto Organizado,BRRIO,RIO2C11,TECON - ICTSI 2,RJ,2026-02-04 10:27:00,2026-02-04 11:25:00,2026-02-06 14:30:00,Movimentação da Carga,Longo Curso,False,1901.98,0.0,0.0,1901.98,0.0,0.0,0.0,45G1,5
405174,1403201,Rio de Janeiro,Rio de Janeiro -  Niterói,Porto Organizado,BRRIO,RIO2F08,FUNDEADOURO 8,RJ,2011-11-18 15:50:00,2011-11-18 16:50:00,2011-11-20 16:35:00,Apoio,Cabotagem,False,,,,,,,,,1
416120,1403201,Santos,Santos,Porto Organizado,BRSSZ,SSZ0665,ARM 35.0,SP,2011-11-25 03:40:00,2011-11-30 00:10:00,2011-12-01 01:48:00,Movimentação da Carga,Longo Curso,True,7293.588999999999,0.0,0.0,0.0,502.0,0.0,7249.194999999999,42G0,2
417754,1403201,Paranaguá,Paranaguá - Antonina,Porto Organizado,BRPNG,PNG0216,Berço 216,PR,2011-12-01 11:30:00,2011-12-01 23:15:00,2011-12-02 10:40:00,Movimentação da Carga,Cabotagem,False,2874.1270000000004,23.0,0.0,229.492,199.0,0.0,2874.1270000000004,42G0,3
411755,1403201,Itajaí,Itajaí,Porto Organizado,BRITJ,ITJ0102,Berço 2,SC,2011-12-02 16:00:00,2011-12-02 19:40:00,2011-12-03 08:30:00,Movimentação da Carga,Cabotagem,False,4804.385999999998,22.099999999999998,0.0,0.0,248.0,0.0,4804.385999999998,42R0,4
413490,1403201,Suape,Suape - Recife,Porto Organizado,BRSUA,SUAPIB2,Cais02,PE,2011-12-06 11:15:00,2011-12-07 16:50:00,2011-12-09 18:00:00,Movimentação da Carga,Cabotagem,False,9549.169999999998,4440.9,0.0,0.0,758.0,289.0,9549.169999999998,42G0,5
412485,1403201,Terminal Portuário do Pecém,Pecém - Fortaleza,Terminal Autorizado,BRCE001,BRCE0010101,Pier 1- Berço nº 1,CE,2011-12-11 00:55:00,2011-12-11 09:53:00,2011-12-13 13:28:00,Movimentação da Carga,Cabotagem,False,5801.223,6490.414000000001,0.0,31.003,360.0,287.0,5801.223,42G0,6
413591,1403201,Porto Chibatão,Manaus,Terminal Autorizado,BRAM006,BRAM0060011,BERÇO EXT1,AM,2011-12-22 07:00:00,2011-12-22 07:00:00,2011-12-24 02:00:00,Movimentação da Carga,Longo Curso,False,3255.7300000000005,19690.69200000001,0.0,10.588,425.0,1365.0,3251.2200000000003,42G0,7
420792,1403201,Itajaí,Itajaí,Porto Organizado,BRITJ,ITJ0102,Berço 2,SC,2012-01-05 20:20:00,2012-01-06 21:15:00,2012-01-07 03:30:00,Movimentação da Carga,Cabotagem,False,1636.868,2356.274000000001,0.0,0.0,90.0,214.0,1636.868,42G0,8
423120,1403201,Suape,Suape - Recife,Porto Organizado,BRSUA,SUAPIB2,Cais02,PE,2012-01-25 22:30:00,2012-01-25 23:10:00,2012-01-26 18:45:00,Movimentação da Carga,Cabotagem,False,2831.73,3604.3299999999995,0.0,0.0,301.0,367.0,2831.73,42G0,9
426846,1403201,Porto Chibatão,Manaus,Terminal Autorizado,BRAM006,BRAM0060012,BERÇO EXT2,AM,2012-02-02 17:00:00,2012-02-02 17:10:00,2012-02-06 15:30:00,Movimentação da Carga,Longo Curso,False,12413.867000000004,28969.220000000012,0.0,16.63,963.0,1617.0,10046.487000000001,42G0,10
425285,1403201,Itajaí,Itajaí,Porto Organizado,BRITJ,ITJ0102,Berço 2,SC,2012-02-18 14:30:00,2012-02-18 15:40:00,2012-02-18 21:00:00,Movimentação da Carga,Cabotagem,False,435.88,1800.39,0.0,0.0,27.0,99.0,435.88,42R0,11
426407,1403201,Suape,Suape - Recife,Porto Organizado,BRSUA,SUAPIB3,Cais03,PE,2012-02-22 23:00:00,2012-02-23 00:10:00,2012-02-23 20:55:00,Movimentação da Carga,Cabotagem,False,1870.4500000000003,6707.200000000001,0.0,0.0,133.0,455.0,1870.4500000000003,42G0,12
376146,2803201,Portonave - Terminais Portuários de Navegantes,Itajaí,Terminal Autorizado,BRSC008,BRSC0080002,Berço 2,SC,2011-06-10 02:00:00,2011-06-10 11:30:00,2011-06-13 08:05:00,Movimentação da Carga,Longo Curso,False,0.0,97.74000000000002,0.0,0.0,0.0,0.0,0.0,,1
381683,2803201,Imbituba,Imbituba,Porto Organizado,BRIBB,IBB0003,Berço 3,SC,2011-06-18 11:00:00,2011-06-18 13:00:00,2011-07-01 12:30:00,Apoio,Cabotagem,False,,,,,,,,,2
382733,2803201,Portonave - Terminais Portuários de Navegantes,Itajaí,Terminal Autorizado,BRSC008,BRSC0080002,Berço 2,SC,2011-07-28 16:20:00,2011-07-28 19:30:00,2011-07-29 16:55:00,Movimentação da Carga,Cabotagem,False,368.52399999999994,0.0,0.0,0.0,25.0,0.0,368.52399999999994,49G9,3
381338,2803201,Rio de Janeiro,Rio de Janeiro -  Niterói,Porto Organizado,BRRIO,RIO2F6A,FUNDEADOURO 6A,RJ,2011-08-02 12:50:00,2011-08-02 13:35:00,2011-08-03 09:00:00,Reparo/Manutenção,Cabotagem,False,,,,,,,,,4
387313,2803201,Salvador,Aratu - Salvador,Porto Organizado,BRSSA,SSA0611,Cais Água de Meninos (611),BA,2011-08-06 01:00:00,2011-08-08 04:00:00,2011-08-08 12:10:00,Movimentação da Carga,Cabotagem,False,0.0,1076.9,0.0,0.0,0.0,4.0,0.0,,5
388235,2803201,Rio de Janeiro,Rio de Janeiro -  Niterói,Porto Organizado,BRRIO,RIO2F06,FUNDEADOURO 6,RJ,2011-08-29 22:00:00,2011-08-30 21:00:00,2011-08-31 11:35:00,Apoio,Cabotagem,False,,,,,,,,,6
388236,2803201,Rio de Janeiro,Rio de Janeiro -  Niterói,Porto Organizado,BRRIO,RIO2C12,TECON - ICTSI 1,RJ,2011-08-29 22:00:00,2011-08-30 21:00:00,2011-08-31 11:35:00,Apoio,Cabotagem,False,,,,,,,,,7
392022,2803201,Santos,Santos,Porto Organizado,BRSSZ,SSZ0211,CS 02 + CS 01,SP,2011-09-07 09:50:00,2011-09-08 06:15:00,2011-09-08 16:30:00,Movimentação da Carga,Cabotagem,True,1778.6670000000001,0.0,0.0,1778.6670000000001,152.0,0.0,1778.6670000000001,42G0,8
392072,2803201,Santos,Santos,Porto Organizado,BRSSZ,SSZ0212,CS.2,SP,2011-09-13 08:20:00,2011-09-14 17:00:00,2011-09-15 00:25:00,Movimentação da Carga,Cabotagem,True,747.344,0.0,0.0,747.344,56.0,0.0,747.344,42G0,9
395042,2803201,Salvador,Aratu - Salvador,Porto Organizado,BRSSA,SSA0611,Cais Água de Meninos (611),BA,2011-09-18 10:00:00,2011-09-18 12:03:00,2011-09-18 17:37:00,Movimentação da Carga,Cabotagem,False,1497.156,2743.515,0.0,0.0,100.0,89.0,1497.156,42G0,10
396509,2803201,Suape,Suape - Recife,Porto Organizado,BRSUA,SUAPIB2,Cais02,PE,2011-09-23 04:00:00,2011-09-23 16:43:00,2011-09-24 07:15:00,Movimentação da Carga,Cabotagem,False,0.0,3481.2,0.0,0.0,0.0,214.0,0.0,,11
394702,2803201,Santos,Santos,Porto Organizado,BRSSZ,SSZ0213,CS 03,SP,2011-09-27 17:30:00,2011-09-28 04:30:00,2011-09-28 12:55:00,Movimentação da Carga,Cabotagem,True,2577.833,0.0,0.0,0.0,187.0,0.0,2551.233,42G0,12
396650,2803201,Portonave - Terminais Portuários de Navegantes,Itajaí,Terminal Autorizado,BRSC008,BRSC0080001,Berço 1,SC,2011-09-29 04:30:00,2011-09-29 09:15:00,2011-09-29 20:35:00,Movimentação da Carga,Cabotagem,False,7029.060999999998,81.451,0.0,0.0,235.0,7.0,7029.060999999998,49G9,13
402907,2803201,Rio de Janeiro,Rio de Janeiro -  Niterói,Porto Organizado,BRRIO,RIO2C21,TECON - MULTI-RIO 2,RJ,2011-10-01 07:30:00,2011-10-01 08:30:00,2011-10-01 15:30:00,Movimentação da Carga,Cabotagem,False,1246.7559999999999,0.0,0.0,0.0,101.0,0.0,1246.7559999999999,42G0,14
400165,2803201,Vitória,Vitória,Porto Organizado,BRVIX,VIX0203,203,ES,2011-10-02 17:00:00,2011-10-02 19:35:00,2011-10-04 17:20:00,Movimentação da Carga,Cabotagem,False,417.3,677.317,0.0,0.0,0.0,84.0,0.0,49G9,15
401025,2803201,Salvador,Aratu - Salvador,Porto Organizado,BRSSA,SSA0611,Cais Água de Meninos (611),BA,2011-10-08 03:00:00,2011-10-08 14:10:00,2011-10-08 21:30:00,Movimentação da Carga,Longo Curso,False,1160.649,8753.311999999998,0.0,0.0,80.0,201.0,1160.649,42G0,16
400654,2803201,Recife,Suape - Recife,Porto Organizado,BRREC,RECA-03,RECA-03,PE,2011-10-10 05:15:00,2011-10-10 06:40:00,2011-10-11 03:15:00,Movimentação da Carga,Cabotagem,False,287.0,3815.0,0.0,0.0,0.0,254.0,0.0,22G0,17
403372,2803201,Suape,Suape - Recife,Porto Organizado,BRSUA,SUACMUe,CMU-b,PE,2011-10-11 05:20:00,2011-10-11 08:20:00,2011-10-12 00:45:00,Apoio,Cabotagem,False,370.881,0.0,0.0,0.0,0.0,0.0,0.0,9998,18
401878,2803201,Santos,Santos,Porto Organizado,BRSSZ,SSZ0212,CS.2,SP,2011-10-25 14:00:00,2011-10-27 05:30:00,2011-10-27 22:45:00,Movimentação da Carga,Cabotagem,True,0.0,1035.621,0.0,0.0,0.0,37.0,0.0,,19
408861,2803201,Santos,Santos,Porto Organizado,BRSSZ,SSZ0212,CS.2,SP,2011-11-09 07:30:00,2011-11-09 19:45:00,2011-11-10 02:40:00,Movimentação da Carga,Cabotagem,True,1963.328,0.0,0.0,0.0,114.0,0.0,1963.328,22G0,20
408202,2803201,Portonave - Terminais Portuários de Navegantes,Itajaí,Terminal Autorizado,BRSC008,BRSC0080003,Berço 3,SC,2011-11-10 17:00:00,2011-11-10 20:15:00,2011-11-11 21:57:00,Movimentação da Carga,Cabotagem,False,9963.94900000001,0.0,0.0,0.0,327.0,0.0,9772.74900000001,22G0,21
410427,2803201,Rio de Janeiro,Rio de Janeiro -  Niterói,Porto Organizado,BRRIO,RIO2C22,TECON - MULTI-RIO 1,RJ,2011-11-13 03:20:00,2011-11-13 03:20:00,2011-11-13 07:20:00,Movimentação da Carga,Cabotagem,False,1049.4720000000002,0.0,0.0,0.0,66.0,0.0,1049.4720000000002,42G0,22
410442,2803201,Rio de Janeiro,Rio de Janeiro -  Niterói,Porto Organizado,BRRIO,RIO2C22,TECON - MULTI-RIO 1,RJ,2011-11-23 19:10:00,2011-11-23 19:10:00,2011-11-24 10:35:00,Movimentação da Carga,Longo Curso,False,0.0,9413.513,0.0,0.0,0.0,456.0,0.0,,23
430071,2803201,Super Terminais Comércio e Indústria,Manaus,Terminal Autorizado,BRAM012,BRAM0120101,EXTERNO,AM,2012-03-17 08:37:00,2012-03-17 08:37:00,2012-03-18 10:01:00,Movimentação da Carga,Cabotagem,False,3251.570000000001,2510.9799999999996,0.0,0.0,243.0,201.0,3251.570000000001,42G0,24
430072,2803201,Super Terminais Comércio e Indústria,Manaus,Terminal Autorizado,BRAM012,BRAM0120101,EXTERNO,AM,2012-03-17 08:37:00,2012-03-17 08:37:00,2012-03-18 10:01:00,Movimentação da Carga,Longo Curso,False,14.28,1807.6800000000005,0.0,14.28,0.0,132.0,0.0,42G0,25
515737,3112200,Porto Chibatão,Manaus,Terminal Autorizado,BRAM006,BRAM0060011,BERÇO EXT1,AM,2013-03-06 16:05:00,2013-03-06 16:05:00,2013-03-08 10:00:00,Movimentação da Carga,Longo Curso,False,7290.31,0.0,0.0,0.0,707.0,0.0,6849.656000000002,42G0,1
522178,3112200,Santos,Santos,Porto Organizado,BRSSZ,SSZ0812,TECON 3,SP,2013-03-16 22:10:00,2013-03-17 16:45:00,2013-03-18 06:45:00,Movimentação da Carga,Longo Curso,True,8147.272,4280.805000000003,0.0,0.0,575.0,427.0,8147.272,42G0,2
516889,3112200,Porto Itapoá Terminais Portuários,São Francisco do Sul,Terminal Autorizado,BRSC011,BRSC0110002,Berço2,SC,2013-03-18 20:00:00,2013-03-18 22:18:00,2013-03-19 12:24:00,Movimentação da Carga,Cabotagem,False,6527.771,638.33,0.0,0.0,357.0,60.0,6527.771,22G0,3
520873,3112200,Itaguaí,Itaguaí,Porto Organizado,BRIGI,IGI5302,302,RJ,2013-03-20 10:00:00,2013-03-21 00:05:00,2013-03-21 22:15:00,Movimentação da Carga,Apoio Portuário,False,10267.304999999998,4656.525,0.0,0.0,654.0,355.0,10033.289999999999,22G0,4
520217,3112200,Suape,Suape - Recife,Porto Organizado,BRSUA,SUAPIB1,Cais01,PE,2013-03-24 19:50:00,2013-03-24 21:00:00,2013-03-25 16:55:00,Movimentação da Carga,Cabotagem,False,6784.0,10080.0,0.0,0.0,360.0,604.0,6184.0,42G0,5
515723,3112200,Terminal Portuário do Pecém,Pecém - Fortaleza,Terminal Autorizado,BRCE001,BRCE0010101,Pier 1- Berço nº 1,CE,2013-03-26 22:00:00,2013-03-26 23:10:00,2013-03-27 16:00:00,Movimentação da Carga,Cabotagem,False,2548.036,6335.089000000001,0.0,0.0,191.0,353.0,2548.036,42G0,6
520288,3112200,Porto Chibatão,Manaus,Terminal Autorizado,BRAM006,BRAM0060011,BERÇO EXT1,AM,2013-04-01 10:00:00,2013-04-01 10:00:00,2013-04-03 13:28:00,Movimentação da Carga,Longo Curso,False,8830.007000000003,15777.936999999994,0.0,0.0,799.0,1050.0,8449.939000000002,42G0,7
523090,3112200,Terminal Portuário do Pecém,Pecém - Fortaleza,Terminal Autorizado,BRCE001,BRCE0010101,Pier 1- Berço nº 1,CE,2013-04-07 18:47:00,2013-04-07 19:00:00,2013-04-08 05:53:00,Movimentação da Carga,Cabotagem,False,1553.4650000000001,1320.4850000000001,0.0,600.721,69.0,77.0,1169.025,22G0,8
528107,3112200,Suape,Suape - Recife,Porto Organizado,BRSUA,SUAPIB2,Cais02,PE,2013-04-09 13:10:00,2013-04-10 10:20:00,2013-04-10 15:25:00,Movimentação da Carga,Cabotagem,False,901.0,1041.0,0.0,0.0,44.0,132.0,893.0,22G0,9
526556,3112200,Santos,Santos,Porto Organizado,BRSSZ,SSZ0811,TECON 1.2,SP,2013-04-13 18:50:00,2013-04-14 20:35:00,2013-04-15 13:18:00,Movimentação da Carga,Longo Curso,True,7873.09,4603.663999999999,0.0,0.0,547.0,341.0,7792.090000000001,42G0,10
522654,3112200,Porto Itapoá Terminais Portuários,São Francisco do Sul,Terminal Autorizado,BRSC011,BRSC0110001,Berço1,SC,2013-04-16 02:00:00,2013-04-16 03:54:00,2013-04-16 09:48:00,Movimentação da Carga,Longo Curso,False,6072.257999999999,2334.8279999999995,0.0,0.0,412.0,224.0,6072.257999999999,42G0,11
526271,3112200,Itaguaí,Itaguaí,Porto Organizado,BRIGI,IGI5303,303,RJ,2013-04-17 05:00:00,2013-04-17 15:50:00,2013-04-18 17:45:00,Movimentação da Carga,Apoio Portuário,False,8677.316,1786.19,0.0,0.0,627.0,144.0,8677.316,22G0,12
528149,3112200,Suape,Suape - Recife,Porto Organizado,BRSUA,SUAPIB1,Cais01,PE,2013-04-21 15:30:00,2013-04-21 16:35:00,2013-04-22 12:10:00,Movimentação da Carga,Cabotagem,False,6667.0,10291.0,0.0,0.0,435.0,705.0,6667.0,22G0,13
523939,3112200,Porto Chibatão,Manaus,Terminal Autorizado,BRAM006,BRAM0060012,BERÇO EXT2,AM,2013-04-29 07:00:00,2013-04-29 09:00:00,2013-05-01 11:45:00,Movimentação da Carga,Longo Curso,False,9088.092,14886.169999999998,0.0,0.0,928.0,1068.0,8642.259000000002,42G0,14
529545,3112200,Terminal Portuário do Pecém,Pecém - Fortaleza,Terminal Autorizado,BRCE001,BRCE0010101,Pier 1- Berço nº 1,CE,2013-05-05 13:00:00,2013-05-05 14:28:00,2013-05-06 06:26:00,Movimentação da Carga,Cabotagem,False,1913.9710000000005,1843.606,0.0,742.2320000000001,67.0,118.0,1288.257,22G0,15
529989,3112200,Suape,Suape - Recife,Porto Organizado,BRSUA,SUAPIB2,Cais02,PE,2013-05-07 16:00:00,2013-05-08 06:35:00,2013-05-08 14:35:00,Movimentação da Carga,Cabotagem,False,1573.0,1190.0,0.0,0.0,65.0,145.0,1517.0,22G0,16
529113,3112200,Porto Itapoá Terminais Portuários,São Francisco do Sul,Terminal Autorizado,BRSC011,BRSC0110001,Berço1,SC,2013-05-13 06:00:00,2013-05-13 15:12:00,2013-05-14 06:00:00,Movimentação da Carga,Longo Curso,False,7977.089999999998,2991.05,0.0,0.0,392.0,191.0,7785.73,22G0,17
530030,3112200,Suape,Suape - Recife,Porto Organizado,BRSUA,SUAPIB1,Cais01,PE,2013-05-20 01:00:00,2013-05-20 01:10:00,2013-05-20 17:05:00,Movimentação da Carga,Cabotagem,False,4066.0,8921.0,0.0,0.0,284.0,561.0,3985.0,42G0,18
529716,3112200,Terminal Portuário do Pecém,Pecém - Fortaleza,Terminal Autorizado,BRCE001,BRCE0010101,Pier 1- Berço nº 1,CE,2013-05-21 21:30:00,2013-05-21 23:11:00,2013-05-22 19:57:00,Movimentação da Carga,Cabotagem,False,2212.43,9293.590999999999,0.0,0.0,154.0,549.0,2212.43,42G0,19
528636,3112200,Porto Chibatão,Manaus,Terminal Autorizado,BRAM006,BRAM0060011,BERÇO EXT1,AM,2013-05-27 12:00:00,2013-05-27 12:20:00,2013-05-29 19:55:00,Movimentação da Carga,Longo Curso,False,9922.881000000003,11546.633999999996,0.0,0.0,1043.0,906.0,9367.362000000003,42G0,20
658485,3813880,Base Logística de Dutos,Santos,Terminal Autorizado,BRSP009,BRSP0090002,Cais 2,SP,2014-05-09 05:20:00,2014-05-10 10:40:00,2014-05-11 21:30:00,Apoio,Apoio Marítimo,True,521.4,415.0,0.0,0.0,0.0,0.0,0.0,CA01,1
333082,4444008,Santos,Santos,Porto Organizado,BRSSZ,SSZ0911,COSIPA,SP,2010-12-22 11:00:00,2010-12-22 11:00:00,2010-12-22 18:30:00,Reparo/Manutenção,Cabotagem,True,,,,,,,,,1
361608,4444008,Santos,Santos,Porto Organizado,BRSSZ,SSZ0322,ARMAZEM 12,SP,2011-02-02 07:20:00,2011-02-02 07:20:00,2011-02-02 10:34:00,Reparo/Manutenção,Cabotagem,True,,,,,,,,,2
728827,5542247,Vila do Conde,Vila do Conde - Belém,Porto Organizado,BRVDC,VDC0102,Berço 102,PA,2015-11-10 14:10:00,2015-11-10 14:10:00,2015-11-14 02:40:00,Movimentação da Carga,Longo Curso,False,36749.37,0.0,36746.83,36746.83,0.0,0.0,0.0,2818,1
827926,5542247,Terminal Portuário Privativo da Alumar,Itaqui,Terminal Autorizado,BRMA001,BRMA0010001,Berço 1,MA,2017-03-18 09:12:00,2017-03-25 06:36:00,2017-03-27 18:42:00,Movimentação da Carga,Longo Curso,False,36750.0,0.0,36750.0,36750.0,0.0,0.0,0.0,2818,2
940796,5542247,Santarém,Santarém,Porto Organizado,BRSTM,STM0401,401,PA,2018-08-03 16:00:00,2018-08-03 16:00:00,2018-08-05 18:12:00,Movimentação da Carga,Longo Curso,False,37250.97,0.0,37250.97,37250.97,0.0,0.0,0.0,1005,3
960514,5542247,Sucocítrico Cutrale,Santos,Terminal Autorizado,BRSP004,BRSP0048932,Cutrale,SP,2018-11-14 18:42:00,2018-11-17 16:40:00,2018-11-20 19:35:00,Movimentação da Carga,Longo Curso,True,33440.18,0.0,33440.18,33440.18,0.0,0.0,0.0,2106,4
1139953,5542247,Vila do Conde,Vila do Conde - Belém,Porto Organizado,BRVDC,VDC0201,Berço 201,PA,2021-02-20 04:18:00,2021-02-20 04:18:00,2021-02-22 23:58:00,Movimentação da Carga,Longo Curso,False,36449.34,0.0,36449.34,36449.34,0.0,0.0,0.0,2818,5
254399,6417097,Santarém,Santarém,Porto Organizado,BRSTM,STM0501,101,PA,2010-02-22 06:55:00,2010-02-22 06:55:00,2010-02-22 21:00:00,Passageiro,Longo Curso,False,,,,,,,,,1
254367,6417097,Santana,Macapá,Porto Organizado,BRMCP,MCP0001,PIER 01,AP,2010-02-23 22:00:00,2010-02-23 22:05:00,2010-02-24 18:00:00,Passageiro,Longo Curso,False,,,,,,,,,2
338172,6417097,Santarém,Santarém,Porto Organizado,BRSTM,STM0501,101,PA,2011-01-27 20:20:00,2011-01-27 20:20:00,2011-01-28 18:00:00,Passageiro,Longo Curso,False,,,,,,,,,3
500771,6417097,Santarém,Santarém,Porto Organizado,BRSTM,STM0501,101,PA,2012-01-27 07:00:00,2012-01-27 07:00:00,2012-01-27 21:00:00,Passageiro,Longo Curso,False,,,,,,,,,4
515735,6417097,Santana,Macapá,Porto Organizado,BRMCP,MCP0002,PIER 02,AP,2013-01-25 13:50:00,2013-01-25 14:00:00,2013-01-25 15:00:00,Passageiro,Longo Curso,False,,,,,,,,,5
584119,6417097,Santarém,Santarém,Porto Organizado,BRSTM,STM0501,101,PA,2014-01-21 08:56:00,2014-01-21 08:56:00,2014-01-21 17:57:00,Passageiro,Longo Curso,False,,,,,,,,,6
587898,6417097,Santana,Macapá,Porto Organizado,BRMCP,MCP0002,PIER 02,AP,2014-01-27 10:00:00,2014-01-27 10:16:00,2014-01-28 14:30:00,Passageiro,Apoio Portuário,False,,,,,,,,,7
664752,6417097,Santarém,Santarém,Porto Organizado,BRSTM,STM0401,401,PA,2015-01-21 08:00:00,2015-01-21 08:00:00,2015-01-21 18:11:00,Passageiro,Longo Curso,False,,,,,,,,,8
737434,6417097,Manaus,Manaus,Porto Organizado,BRMAO,MAORO01,ROADWAY,AM,2015-01-23 11:00:00,2015-01-23 12:00:00,2015-01-24 16:30:00,Passageiro,Longo Curso,False,,,,,,,,,9
673013,6417097,Santana,Macapá,Porto Organizado,BRMCP,MCP0002,PIER 02,AP,2015-01-27 06:30:00,2015-01-27 07:45:00,2015-01-28 07:45:00,Passageiro,Longo Curso,False,,,,,,,,,10
743148,6417097,Recife,Suape - Recife,Porto Organizado,BRREC,RECA-02,RECA-02,PE,2016-01-18 07:20:00,2016-01-18 07:50:00,2016-01-18 18:40:00,Passageiro,Longo Curso,False,,,,,,,,,11
747419,6417097,Ilhéus,Ilhéus,Porto Organizado,BRIOS,IOS0102,Berço 102,BA,2016-01-20 08:00:00,2016-01-20 08:05:00,2016-01-20 15:00:00,Passageiro,Longo Curso,False,,,,,,,,,12
752181,6417097,Rio de Janeiro,Rio de Janeiro -  Niterói,Porto Organizado,BRRIO,RIO2103,Terminal de Passageiros 2,RJ,2016-01-22 08:00:00,2016-01-22 08:40:00,2016-01-23 23:05:00,Passageiro,Longo Curso,False,,,,,,,,,13
750369,6417097,Rio Grande,Rio Grande,Porto Organizado,BRRIG,RIG2126,Granel Sólido 3 PN,RS,2016-02-09 06:05:00,2016-02-09 08:30:00,2016-02-09 17:00:00,Passageiro,Longo Curso,False,,,,,,,,,14
832473,6417097,Santos,Santos,Porto Organizado,BRSSZ,SSZ0525,ARM FRIG/25,SP,2016-02-11 07:30:00,2016-02-11 08:55:00,2016-02-11 18:35:00,Passageiro,Cabotagem,True,,,,,,,,,15
747193,6417097,Salvador,Aratu - Salvador,Porto Organizado,BRSSA,SSA0203,202 (antigo 203/204),BA,2016-02-14 07:00:00,2016-02-14 07:45:00,2016-02-14 20:17:00,Passageiro,Cabotagem,False,,,,,,,,,16
750668,6417097,Natal,Natal,Porto Organizado,BRNAT,NAT0103,B3,RN,2016-02-16 11:00:00,2016-02-16 11:50:00,2016-02-16 16:40:00,Passageiro,Longo Curso,False,,,,,,,,,17
759850,6417097,Ilhéus,Ilhéus,Porto Organizado,BRIOS,IOS0101,Berço 101,BA,2016-03-17 07:30:00,2016-03-17 09:30:00,2016-03-17 18:30:00,Passageiro,Longo Curso,False,,,,,,,,,18
814947,6417097,Manaus,Manaus,Porto Organizado,BRMAO,MAOTO02,TORRES,AM,2017-01-21 12:00:00,2017-01-21 13:00:00,2017-01-22 17:30:00,Passageiro,Longo Curso,False,,,,,,,,,19
896747,6417097,Santarém,Santarém,Porto Organizado,BRSTM,STM0501,101,PA,2017-01-24 08:00:00,2017-01-24 08:00:00,2017-01-24 15:00:00,Passageiro,Longo Curso,False,,,,,,,,,20
896710,6417097,Belém,Vila do Conde - Belém,Porto Organizado,BRBEL,BELFund,Fundeio,PA,2017-01-26 11:30:00,2017-01-26 11:30:00,2017-01-26 22:02:00,Passageiro,Longo Curso,False,,,,,,,,,21
993804,6417097,Natal,Natal,Porto Organizado,BRNAT,NAT0103,B3,RN,2019-01-20 06:30:00,2019-01-20 07:00:00,2019-01-20 17:30:00,Passageiro,Longo Curso,False,,,,,,,,,22
976442,6417097,Recife,Suape - Recife,Porto Organizado,BRREC,RECA-05,RECA-05,PE,2019-01-21 05:30:00,2019-01-21 06:20:00,2019-01-21 17:00:00,Passageiro,Longo Curso,False,,,,,,,,,23
979408,6417097,Rio de Janeiro,Rio de Janeiro -  Niterói,Porto Organizado,BRRIO,RIO2103,Terminal de Passageiros 2,RJ,2019-01-24 14:40:00,2019-01-24 15:40:00,2019-01-26 00:00:00,Passageiro,Longo Curso,False,,,,,,,,,24
359269,7046936,Terminal Marítimo Privativo de Cubatão - TMPC,Santos,Terminal Autorizado,BRSP002,BRSP0020005,Cais II #5,SP,2011-03-26 01:00:00,2011-04-09 05:20:00,2011-04-11 19:30:00,Movimentação da Carga,Cabotagem,True,0.0,48095.306,0.0,0.0,0.0,0.0,0.0,,1
603761,7046936,Terminal Marítimo Privativo de Cubatão - TMPC,Santos,Terminal Autorizado,BRSP002,BRSP0020005,Cais II #5,SP,2014-04-20 21:18:00,2014-04-22 00:05:00,2014-04-24 03:38:00,Movimentação da Carga,Longo Curso,True,0.0,40441.255,0.0,0.0,0.0,0.0,0.0,,2
482848,7121621,Terminal Marítimo Dow,Santos,Terminal Autorizado,BRSP005,BRSP0050077,DOW,SP,2012-11-10 11:42:00,2012-11-10 16:18:00,2012-11-11 15:15:00,Movimentação da Carga,Cabotagem,True,0.0,6105.0,0.0,0.0,0.0,0.0,0.0,,1
478716,7319008,Santos,Santos,Porto Organizado,BRSSZ,SSZ0317,ARMAZÉM 7,SP,2012-05-30 13:45:00,2012-05-30 14:35:00,2012-09-20 10:00:00,Movimentação da Carga,Longo Curso,True,,,,,,,,,1
485787,7319008,Santos,Santos,Porto Organizado,BRSSZ,SSZ0317,ARMAZÉM 7,SP,2012-05-13 08:00:00,2012-09-20 10:00:00,2012-10-31 18:20:00,Movimentação da Carga,Cabotagem,True,,,,,,,,,2
490673,7319008,Santos,Santos,Porto Organizado,BRSSZ,SSZ0317,ARMAZÉM 7,SP,2012-11-07 08:30:00,2012-11-07 10:40:00,2012-11-15 17:10:00,Movimentação da Carga,Cabotagem,True,,,,,,,,,3
