quarter_ending_date,year,quarter,commodity,port,destination,truck,ocean,total_transportation_costs,farm_value,landed_cost,year_quarter,rail,barge,dataset,dataset_nome
2025-09-30T00:00:00.000,2025,3,soybeans,Southwest Pl - Sao Luis,"Shanghai, China",43.68,42.4,86.08,375.49,461.56,2025Q3,,,j7xv-dz9h,Transportation and Landed Costs of Brazilian Soybeans to China and Germany
2025-09-30T00:00:00.000,2025,3,soybeans,South MA - Sao Luis,"Shanghai, China",37.6,42.4,80,370.83,450.83,2025Q3,,,j7xv-dz9h,Transportation and Landed Costs of Brazilian Soybeans to China and Germany
2025-09-30T00:00:00.000,2025,3,soybeans,Northwest RS - Rio Grande,"Shanghai, China",31.13,39.5,70.63,373.71,444.34,2025Q3,,,j7xv-dz9h,Transportation and Landed Costs of Brazilian Soybeans to China and Germany
2025-09-30T00:00:00.000,2025,3,soybeans,North MT - Santos by truck,"Shanghai, China",92.1,39,131.1,361.89,492.99,2025Q3,,,j7xv-dz9h,Transportation and Landed Costs of Brazilian Soybeans to China and Germany
2025-09-30T00:00:00.000,2025,3,soybeans,North MT - Santos by rail,"Shanghai, China",32.7,39,122.04,361.89,483.93,2025Q3,50.34,,j7xv-dz9h,Transportation and Landed Costs of Brazilian Soybeans to China and Germany
2025-09-30T00:00:00.000,2025,3,soybeans,North MT - Santarem,"Shanghai, China",60.16,41.95,102.11,361.89,463.99,2025Q3,,,j7xv-dz9h,Transportation and Landed Costs of Brazilian Soybeans to China and Germany
2025-09-30T00:00:00.000,2025,3,soybeans,North MT - Paranagua,"Shanghai, China",91.19,40.5,131.69,361.89,493.58,2025Q3,,,j7xv-dz9h,Transportation and Landed Costs of Brazilian Soybeans to China and Germany
2025-09-30T00:00:00.000,2025,3,soybeans,North MT - Barcarena,"Shanghai, China",55.03,42.75,122.01,361.89,483.9,2025Q3,,24.23,j7xv-dz9h,Transportation and Landed Costs of Brazilian Soybeans to China and Germany
2025-09-30T00:00:00.000,2025,3,soybeans,Southwest Pl - Sao Luis,"Hamburg, Germany",43.68,38.9,82.58,375.49,458.06,2025Q3,,,j7xv-dz9h,Transportation and Landed Costs of Brazilian Soybeans to China and Germany
2025-09-30T00:00:00.000,2025,3,soybeans,South MA - Sao Luis,"Hamburg, Germany",37.6,38.9,76.5,370.83,447.33,2025Q3,,,j7xv-dz9h,Transportation and Landed Costs of Brazilian Soybeans to China and Germany
2025-09-30T00:00:00.000,2025,3,soybeans,Northwest RS - Rio Grande,"Hamburg, Germany",31.13,37.3,68.43,373.71,442.14,2025Q3,,,j7xv-dz9h,Transportation and Landed Costs of Brazilian Soybeans to China and Germany
2025-09-30T00:00:00.000,2025,3,soybeans,North MT - Santos by truck,"Hamburg, Germany",92.1,36.5,128.6,361.89,490.49,2025Q3,,,j7xv-dz9h,Transportation and Landed Costs of Brazilian Soybeans to China and Germany
2025-09-30T00:00:00.000,2025,3,soybeans,North MT - Santos by rail,"Hamburg, Germany",32.7,36.5,119.54,361.89,481.43,2025Q3,50.34,,j7xv-dz9h,Transportation and Landed Costs of Brazilian Soybeans to China and Germany
2025-09-30T00:00:00.000,2025,3,soybeans,North MT - Santarem,"Hamburg, Germany",60.16,33.75,93.91,361.89,455.79,2025Q3,,,j7xv-dz9h,Transportation and Landed Costs of Brazilian Soybeans to China and Germany
2025-09-30T00:00:00.000,2025,3,soybeans,North MT - Paranagua,"Hamburg, Germany",91.19,36.3,127.49,361.89,489.38,2025Q3,,,j7xv-dz9h,Transportation and Landed Costs of Brazilian Soybeans to China and Germany
2025-09-30T00:00:00.000,2025,3,soybeans,North MT - Barcarena,"Hamburg, Germany",55.03,32.8,112.06,361.89,473.95,2025Q3,,24.23,j7xv-dz9h,Transportation and Landed Costs of Brazilian Soybeans to China and Germany
2025-06-30T00:00:00.000,2025,2,soybeans,Southwest Pl - Sao Luis,"Shanghai, China",39.97,40.5,80.47,336.73,417.2,2025Q2,,,j7xv-dz9h,Transportation and Landed Costs of Brazilian Soybeans to China and Germany
2025-06-30T00:00:00.000,2025,2,soybeans,South MA - Sao Luis,"Shanghai, China",36.35,40.5,76.85,343.28,420.13,2025Q2,,,j7xv-dz9h,Transportation and Landed Costs of Brazilian Soybeans to China and Germany
2025-06-30T00:00:00.000,2025,2,soybeans,Northwest RS - Rio Grande,"Shanghai, China",27.96,37.5,65.46,367.15,432.61,2025Q2,,,j7xv-dz9h,Transportation and Landed Costs of Brazilian Soybeans to China and Germany
2025-06-30T00:00:00.000,2025,2,soybeans,North MT - Santos by truck,"Shanghai, China",87.35,37,124.35,325.53,449.88,2025Q2,,,j7xv-dz9h,Transportation and Landed Costs of Brazilian Soybeans to China and Germany
2025-06-30T00:00:00.000,2025,2,soybeans,North MT - Santos by rail,"Shanghai, China",30.27,37,113.86,325.53,439.39,2025Q2,46.59,,j7xv-dz9h,Transportation and Landed Costs of Brazilian Soybeans to China and Germany
2025-06-30T00:00:00.000,2025,2,soybeans,North MT - Santarem,"Shanghai, China",56.01,40,96.01,325.53,421.54,2025Q2,,,j7xv-dz9h,Transportation and Landed Costs of Brazilian Soybeans to China and Germany
2025-06-30T00:00:00.000,2025,2,soybeans,North MT - Paranagua,"Shanghai, China",85.75,38.5,124.25,325.53,449.77,2025Q2,,,j7xv-dz9h,Transportation and Landed Costs of Brazilian Soybeans to China and Germany
2025-06-30T00:00:00.000,2025,2,soybeans,North MT - Barcarena,"Shanghai, China",49.74,40.75,114.57,325.53,440.09,2025Q2,,24.08,j7xv-dz9h,Transportation and Landed Costs of Brazilian Soybeans to China and Germany
2025-06-30T00:00:00.000,2025,2,soybeans,Southwest Pl - Sao Luis,"Hamburg, Germany",39.97,37,76.97,336.73,413.7,2025Q2,,,j7xv-dz9h,Transportation and Landed Costs of Brazilian Soybeans to China and Germany
2025-06-30T00:00:00.000,2025,2,soybeans,South MA - Sao Luis,"Hamburg, Germany",36.35,37,73.35,343.28,416.63,2025Q2,,,j7xv-dz9h,Transportation and Landed Costs of Brazilian Soybeans to China and Germany
2025-06-30T00:00:00.000,2025,2,soybeans,Northwest RS - Rio Grande,"Hamburg, Germany",27.96,35.5,63.46,367.15,430.61,2025Q2,,,j7xv-dz9h,Transportation and Landed Costs of Brazilian Soybeans to China and Germany
2025-06-30T00:00:00.000,2025,2,soybeans,North MT - Santos by truck,"Hamburg, Germany",87.35,34.75,122.1,325.53,447.63,2025Q2,,,j7xv-dz9h,Transportation and Landed Costs of Brazilian Soybeans to China and Germany
2025-06-30T00:00:00.000,2025,2,soybeans,North MT - Santos by rail,"Hamburg, Germany",30.27,34.75,111.61,325.53,437.14,2025Q2,46.59,,j7xv-dz9h,Transportation and Landed Costs of Brazilian Soybeans to China and Germany
2025-06-30T00:00:00.000,2025,2,soybeans,North MT - Santarem,"Hamburg, Germany",56.01,32.1,88.11,325.53,413.64,2025Q2,,,j7xv-dz9h,Transportation and Landed Costs of Brazilian Soybeans to China and Germany
2025-06-30T00:00:00.000,2025,2,soybeans,North MT - Paranagua,"Hamburg, Germany",85.75,34.5,120.25,325.53,445.77,2025Q2,,,j7xv-dz9h,Transportation and Landed Costs of Brazilian Soybeans to China and Germany
2025-06-30T00:00:00.000,2025,2,soybeans,North MT - Barcarena,"Hamburg, Germany",49.74,31.2,105.02,325.53,430.54,2025Q2,,24.08,j7xv-dz9h,Transportation and Landed Costs of Brazilian Soybeans to China and Germany
2025-03-31T00:00:00.000,2025,1,soybeans,Southwest Pl - Sao Luis,"Shanghai, China",39.63,39.65,79.28,338.33,417.61,2025Q1,,,j7xv-dz9h,Transportation and Landed Costs of Brazilian Soybeans to China and Germany
2025-03-31T00:00:00.000,2025,1,soybeans,South MA - Sao Luis,"Shanghai, China",33.64,39.65,73.29,333.41,406.7,2025Q1,,,j7xv-dz9h,Transportation and Landed Costs of Brazilian Soybeans to China and Germany
2025-03-31T00:00:00.000,2025,1,soybeans,Northwest RS - Rio Grande,"Shanghai, China",28.81,36.5,65.31,359.26,424.57,2025Q1,,,j7xv-dz9h,Transportation and Landed Costs of Brazilian Soybeans to China and Germany
2025-03-31T00:00:00.000,2025,1,soybeans,North MT - Santos by truck,"Shanghai, China",83.54,36,119.54,317.36,436.89,2025Q1,,,j7xv-dz9h,Transportation and Landed Costs of Brazilian Soybeans to China and Germany
2025-03-31T00:00:00.000,2025,1,soybeans,North MT - Santos by rail,"Shanghai, China",29.29,36,114.19,317.36,431.55,2025Q1,48.9,,j7xv-dz9h,Transportation and Landed Costs of Brazilian Soybeans to China and Germany
2025-03-31T00:00:00.000,2025,1,soybeans,North MT - Santarem,"Shanghai, China",54.63,39,93.63,317.36,410.99,2025Q1,,,j7xv-dz9h,Transportation and Landed Costs of Brazilian Soybeans to China and Germany
2025-03-31T00:00:00.000,2025,1,soybeans,North MT - Paranagua,"Shanghai, China",82.41,37.5,119.91,317.36,437.26,2025Q1,,,j7xv-dz9h,Transportation and Landed Costs of Brazilian Soybeans to China and Germany
2025-03-31T00:00:00.000,2025,1,soybeans,North MT - Barcarena,"Shanghai, China",45.99,39.75,108.82,317.36,426.18,2025Q1,,23.08,j7xv-dz9h,Transportation and Landed Costs of Brazilian Soybeans to China and Germany
2025-03-31T00:00:00.000,2025,1,soybeans,Southwest Pl - Sao Luis,"Hamburg, Germany",39.63,36.2,75.83,338.33,414.16,2025Q1,,,j7xv-dz9h,Transportation and Landed Costs of Brazilian Soybeans to China and Germany
2025-03-31T00:00:00.000,2025,1,soybeans,South MA - Sao Luis,"Hamburg, Germany",33.64,36.2,69.84,333.41,403.25,2025Q1,,,j7xv-dz9h,Transportation and Landed Costs of Brazilian Soybeans to China and Germany
2025-03-31T00:00:00.000,2025,1,soybeans,Northwest RS - Rio Grande,"Hamburg, Germany",28.81,34.6,63.41,359.26,422.67,2025Q1,,,j7xv-dz9h,Transportation and Landed Costs of Brazilian Soybeans to China and Germany
2025-03-31T00:00:00.000,2025,1,soybeans,North MT - Santos by truck,"Hamburg, Germany",83.54,33.9,117.44,317.36,434.79,2025Q1,,,j7xv-dz9h,Transportation and Landed Costs of Brazilian Soybeans to China and Germany
2025-03-31T00:00:00.000,2025,1,soybeans,North MT - Santos by rail,"Hamburg, Germany",29.29,33.9,112.09,317.36,429.45,2025Q1,48.9,,j7xv-dz9h,Transportation and Landed Costs of Brazilian Soybeans to China and Germany
2025-03-31T00:00:00.000,2025,1,soybeans,North MT - Santarem,"Hamburg, Germany",54.63,31.3,85.93,317.36,403.29,2025Q1,,,j7xv-dz9h,Transportation and Landed Costs of Brazilian Soybeans to China and Germany
2025-03-31T00:00:00.000,2025,1,soybeans,North MT - Paranagua,"Hamburg, Germany",82.41,33.6,116.01,317.36,433.36,2025Q1,,,j7xv-dz9h,Transportation and Landed Costs of Brazilian Soybeans to China and Germany
2025-03-31T00:00:00.000,2025,1,soybeans,North MT - Barcarena,"Hamburg, Germany",49.61,30.4,103.09,317.36,420.45,2025Q1,,23.08,j7xv-dz9h,Transportation and Landed Costs of Brazilian Soybeans to China and Germany
2024-12-31T00:00:00.000,2024,4,soybeans,Southwest Pl - Sao Luis,"Shanghai, China",31.93,37.8,69.73,370.02,439.74,2024Q4,,,j7xv-dz9h,Transportation and Landed Costs of Brazilian Soybeans to China and Germany
2024-12-31T00:00:00.000,2024,4,soybeans,South MA - Sao Luis,"Shanghai, China",30.26,37.8,68.06,357.11,425.17,2024Q4,,,j7xv-dz9h,Transportation and Landed Costs of Brazilian Soybeans to China and Germany
2024-12-31T00:00:00.000,2024,4,soybeans,Northwest RS - Rio Grande,"Shanghai, China",24.03,34.7,58.73,358.32,417.05,2024Q4,,,j7xv-dz9h,Transportation and Landed Costs of Brazilian Soybeans to China and Germany
2024-12-31T00:00:00.000,2024,4,soybeans,North MT - Santos by truck,"Shanghai, China",70.75,34.4,105.15,386.58,491.73,2024Q4,,,j7xv-dz9h,Transportation and Landed Costs of Brazilian Soybeans to China and Germany
2024-12-31T00:00:00.000,2024,4,soybeans,North MT - Santos by rail,"Shanghai, China",24.37,34.4,99.19,386.58,485.77,2024Q4,40.42,,j7xv-dz9h,Transportation and Landed Costs of Brazilian Soybeans to China and Germany
2024-12-31T00:00:00.000,2024,4,soybeans,North MT - Santarem,"Shanghai, China",45.14,37.3,82.44,386.58,469.01,2024Q4,,,j7xv-dz9h,Transportation and Landed Costs of Brazilian Soybeans to China and Germany
2024-12-31T00:00:00.000,2024,4,soybeans,North MT - Paranagua,"Shanghai, China",69.35,35.8,105.15,386.58,491.72,2024Q4,,,j7xv-dz9h,Transportation and Landed Costs of Brazilian Soybeans to China and Germany
2024-12-31T00:00:00.000,2024,4,soybeans,North MT - Barcarena,"Shanghai, China",35.61,38,89.45,386.58,476.02,2024Q4,,15.84,j7xv-dz9h,Transportation and Landed Costs of Brazilian Soybeans to China and Germany
2024-12-31T00:00:00.000,2024,4,soybeans,Southwest PI - Sao Luis,"Hamburg, Germany",31.93,34.5,66.43,370.02,436.44,2024Q4,,,j7xv-dz9h,Transportation and Landed Costs of Brazilian Soybeans to China and Germany
2024-12-31T00:00:00.000,2024,4,soybeans,South MA - Sao Luis,"Hamburg, Germany",30.26,34.5,64.76,357.11,421.87,2024Q4,,,j7xv-dz9h,Transportation and Landed Costs of Brazilian Soybeans to China and Germany
2024-12-31T00:00:00.000,2024,4,soybeans,Northwest RS - Rio Grande,"Hamburg, Germany",24.03,33,57.03,358.32,415.35,2024Q4,,,j7xv-dz9h,Transportation and Landed Costs of Brazilian Soybeans to China and Germany
2024-12-31T00:00:00.000,2024,4,soybeans,North MT - Santos by truck,"Hamburg, Germany",70.75,32.2,102.95,386.58,489.53,2024Q4,,,j7xv-dz9h,Transportation and Landed Costs of Brazilian Soybeans to China and Germany
2024-12-31T00:00:00.000,2024,4,soybeans,North MT - Santos by rail,"Hamburg, Germany",24.37,32.2,96.99,386.58,483.57,2024Q4,40.42,,j7xv-dz9h,Transportation and Landed Costs of Brazilian Soybeans to China and Germany
2024-12-31T00:00:00.000,2024,4,soybeans,North MT- Santarem,"Hamburg, Germany",45.14,29.7,74.84,386.58,461.41,2024Q4,,,j7xv-dz9h,Transportation and Landed Costs of Brazilian Soybeans to China and Germany
2024-12-31T00:00:00.000,2024,4,soybeans,North MT - Paranagua,"Hamburg, Germany",69.35,32.1,101.45,386.58,488.02,2024Q4,,,j7xv-dz9h,Transportation and Landed Costs of Brazilian Soybeans to China and Germany
2024-12-31T00:00:00.000,2024,4,soybeans,North MT - Barcarena,"Hamburg, Germany",35.61,29.1,80.55,386.58,467.12,2024Q4,,15.84,j7xv-dz9h,Transportation and Landed Costs of Brazilian Soybeans to China and Germany
2024-09-30T00:00:00.000,2024,3,soybeans,Southwest Pl - Sao Luis,"Shanghai, China",38.46,39.5,77.96,363.76,441.72,2024Q3,,,j7xv-dz9h,Transportation and Landed Costs of Brazilian Soybeans to China and Germany
2024-09-30T00:00:00.000,2024,3,soybeans,South MA - Sao Luis,"Shanghai, China",37.01,39.5,76.51,357.15,433.67,2024Q3,,,j7xv-dz9h,Transportation and Landed Costs of Brazilian Soybeans to China and Germany
2024-09-30T00:00:00.000,2024,3,soybeans,Northwest RS - Rio Grande,"Shanghai, China",26.79,36.5,63.29,358.95,422.24,2024Q3,,,j7xv-dz9h,Transportation and Landed Costs of Brazilian Soybeans to China and Germany
2024-09-30T00:00:00.000,2024,3,soybeans,North MT - Santos by truck,"Shanghai, China",82.31,36,118.31,366.6,484.091,2024Q3,,,j7xv-dz9h,Transportation and Landed Costs of Brazilian Soybeans to China and Germany
2024-09-30T00:00:00.000,2024,3,soybeans,North MT - Santos by rail,"Shanghai, China",28.22,36,107.23,366.6,473.83,2024Q3,43.01,,j7xv-dz9h,Transportation and Landed Costs of Brazilian Soybeans to China and Germany
2024-09-30T00:00:00.000,2024,3,soybeans,North MT - Santarem,"Shanghai, China",58.7,39,97.7,366.6,464.29,2024Q3,,,j7xv-dz9h,Transportation and Landed Costs of Brazilian Soybeans to China and Germany
2024-09-30T00:00:00.000,2024,3,soybeans,North MT - Paranagua,"Shanghai, China",80.92,37.5,118.42,366.6,485.02,2024Q3,,,j7xv-dz9h,Transportation and Landed Costs of Brazilian Soybeans to China and Germany
2024-09-30T00:00:00.000,2024,3,soybeans,North MT - Barcarena,"Shanghai, China",44.96,39.75,102.12,366.6,468.72,2024Q3,,17.42,j7xv-dz9h,Transportation and Landed Costs of Brazilian Soybeans to China and Germany
2024-09-30T00:00:00.000,2024,3,soybeans,Southwest Pl - Sao Luis,"Hamburg, Germany",38.46,36.1,74.56,363.76,438.32,2024Q3,,,j7xv-dz9h,Transportation and Landed Costs of Brazilian Soybeans to China and Germany
2024-09-30T00:00:00.000,2024,3,soybeans,South MA - Sao Luis,"Hamburg, Germany",37.01,36.1,73.11,357.15,430.27,2024Q3,,,j7xv-dz9h,Transportation and Landed Costs of Brazilian Soybeans to China and Germany
2024-09-30T00:00:00.000,2024,3,soybeans,Northwest RS - Rio Grande,"Hamburg, Germany",26.79,34.6,61.39,358.95,420.34,2024Q3,,,j7xv-dz9h,Transportation and Landed Costs of Brazilian Soybeans to China and Germany
2024-09-30T00:00:00.000,2024,3,soybeans,North MT - Santos by truck,"Hamburg, Germany",82.31,33.8,116.11,366.6,482.71,2024Q3,,,j7xv-dz9h,Transportation and Landed Costs of Brazilian Soybeans to China and Germany
2024-09-30T00:00:00.000,2024,3,soybeans,North MT - Santos by rail,"Hamburg, Germany",28.22,33.8,105.03,366.6,471.63,2024Q3,,43.01,j7xv-dz9h,Transportation and Landed Costs of Brazilian Soybeans to China and Germany
2024-09-30T00:00:00.000,2024,3,soybeans,North MT - Santarem,"Hamburg, Germany",58.7,31.2,89.9,366.6,456.49,2024Q3,,,j7xv-dz9h,Transportation and Landed Costs of Brazilian Soybeans to China and Germany
2024-09-30T00:00:00.000,2024,3,soybeans,North MT - Paranagua,"Hamburg, Germany",80.92,33.5,114.42,366.6,481.02,2024Q3,,,j7xv-dz9h,Transportation and Landed Costs of Brazilian Soybeans to China and Germany
2024-09-30T00:00:00.000,2024,3,soybeans,North MT - Barcarena,"Hamburg, Germany",44.96,30.6,92.97,366.6,459.57,2024Q3,,17.42,j7xv-dz9h,Transportation and Landed Costs of Brazilian Soybeans to China and Germany
2024-06-30T00:00:00.000,2024,2,soybeans,Southwest Pl - Sao Luis,"Shanghai, China",41.21,37.1,78.31,369.3,447.6,2024Q2,,,j7xv-dz9h,Transportation and Landed Costs of Brazilian Soybeans to China and Germany
2024-06-30T00:00:00.000,2024,2,soybeans,South MA - Sao Luis,"Shanghai, China",36.78,37.1,73.88,369.07,442.95,2024Q2,,,j7xv-dz9h,Transportation and Landed Costs of Brazilian Soybeans to China and Germany
2024-06-30T00:00:00.000,2024,2,soybeans,Northwest RS - Rio Grande,"Shanghai, China",29.1,33.8,62.9,381.34,444.25,2024Q2,,,j7xv-dz9h,Transportation and Landed Costs of Brazilian Soybeans to China and Germany
2024-06-30T00:00:00.000,2024,2,soybeans,North MT - Santos by truck,"Shanghai, China",91.1,33.3,124.4,366.79,491.19,2024Q2,,,j7xv-dz9h,Transportation and Landed Costs of Brazilian Soybeans to China and Germany
2024-06-30T00:00:00.000,2024,2,soybeans,North MT - Santos by rail,"Shanghai, China",29.89,33.3,111.76,366.79,478.54,2024Q2,48.56,,j7xv-dz9h,Transportation and Landed Costs of Brazilian Soybeans to China and Germany
2024-06-30T00:00:00.000,2024,2,soybeans,North MT - Santarem,"Shanghai, China",67.3,36.5,103.8,366.79,470.58,2024Q2,,,j7xv-dz9h,Transportation and Landed Costs of Brazilian Soybeans to China and Germany
2024-06-30T00:00:00.000,2024,2,soybeans,North MT - Paranagua,"Shanghai, China",90.18,34.8,124.98,366.79,491.76,2024Q2,,,j7xv-dz9h,Transportation and Landed Costs of Brazilian Soybeans to China and Germany
2024-06-30T00:00:00.000,2024,2,soybeans,North MT - Barcarena,"Shanghai, China",46.45,37.4,104.27,366.79,471.06,2024Q2,,20.42,j7xv-dz9h,Transportation and Landed Costs of Brazilian Soybeans to China and Germany
2024-06-30T00:00:00.000,2024,2,soybeans,Southwest Pl - Sao Luis,"Hamburg, Germany",41.21,33.8,75.01,369.3,444.3,2024Q2,,,j7xv-dz9h,Transportation and Landed Costs of Brazilian Soybeans to China and Germany
2024-06-30T00:00:00.000,2024,2,soybeans,South MA - Sao Luis,"Hamburg, Germany",36.78,33.8,70.58,369.07,439.65,2024Q2,,,j7xv-dz9h,Transportation and Landed Costs of Brazilian Soybeans to China and Germany
2024-06-30T00:00:00.000,2024,2,soybeans,Northwest RS - Rio Grande,"Hamburg, Germany",29.1,32,61.1,381.34,442.45,2024Q2,,,j7xv-dz9h,Transportation and Landed Costs of Brazilian Soybeans to China and Germany
2024-06-30T00:00:00.000,2024,2,soybeans,North MT - Santos by truck,"Hamburg, Germany",91.1,31.3,122.4,366.79,489.19,2024Q2,,,j7xv-dz9h,Transportation and Landed Costs of Brazilian Soybeans to China and Germany
2024-06-30T00:00:00.000,2024,2,soybeans,North MT - Santos by rail,"Hamburg, Germany",29.89,31.3,109.76,366.79,476.54,2024Q2,48.56,,j7xv-dz9h,Transportation and Landed Costs of Brazilian Soybeans to China and Germany
2024-06-30T00:00:00.000,2024,2,soybeans,North MT - Santarem,"Hamburg, Germany",67.3,29.2,96.5,366.79,463.28,2024Q2,,,j7xv-dz9h,Transportation and Landed Costs of Brazilian Soybeans to China and Germany
2024-06-30T00:00:00.000,2024,2,soybeans,North MT - Paranagua,"Hamburg, Germany",90.18,31,121.18,366.79,487.96,2024Q2,,,j7xv-dz9h,Transportation and Landed Costs of Brazilian Soybeans to China and Germany
2024-06-30T00:00:00.000,2024,2,soybeans,North MT - Barcarena,"Hamburg, Germany",46.45,28.7,95.57,366.79,462.36,2024Q2,,20.42,j7xv-dz9h,Transportation and Landed Costs of Brazilian Soybeans to China and Germany
2024-03-31T00:00:00.000,2024,1,soybeans,Southwest PI - Sao Luis,"Shanghai, China",43.54,38.3,81.84,390.34,472.17,2024Q1,,,j7xv-dz9h,Transportation and Landed Costs of Brazilian Soybeans to China and Germany
2024-03-31T00:00:00.000,2024,1,soybeans,South MA - Sao Luis,"Shanghai, China",39.56,38.3,77.86,373.82,451.67,2024Q1,,,j7xv-dz9h,Transportation and Landed Costs of Brazilian Soybeans to China and Germany
2024-03-31T00:00:00.000,2024,1,soybeans,Northwest RS - Rio Grande,"Shanghai, China",32.07,35.2,67.27,383.05,450.32,2024Q1,,,j7xv-dz9h,Transportation and Landed Costs of Brazilian Soybeans to China and Germany
2024-03-31T00:00:00.000,2024,1,soybeans,North MT - Santos by truck,"Shanghai, China",91.79,34.7,126.49,349.39,475.88,2024Q1,,,j7xv-dz9h,Transportation and Landed Costs of Brazilian Soybeans to China and Germany
2024-03-31T00:00:00.000,2024,1,soybeans,North MT - Santos by rail,"Shanghai, China",32.64,34.7,120.63,349.39,470.02,2024Q1,53.29,,j7xv-dz9h,Transportation and Landed Costs of Brazilian Soybeans to China and Germany
2024-03-31T00:00:00.000,2024,1,soybeans,North MT - Santarem,"Shanghai, China",64.2,38,102.2,349.39,451.59,2024Q1,,,j7xv-dz9h,Transportation and Landed Costs of Brazilian Soybeans to China and Germany
2024-03-31T00:00:00.000,2024,1,soybeans,North MT - Paranagua,"Shanghai, China",89.66,36.2,125.86,349.39,475.25,2024Q1,,,j7xv-dz9h,Transportation and Landed Costs of Brazilian Soybeans to China and Germany
2024-03-31T00:00:00.000,2024,1,soybeans,North MT - Barcarena,"Shanghai, China",49.61,38.5,111.68,349.39,461.06,2024Q1,,23.56,j7xv-dz9h,Transportation and Landed Costs of Brazilian Soybeans to China and Germany
2024-03-31T00:00:00.000,2024,1,soybeans,Southwest PI - Sao Luis,"Hamburg, Germany",43.54,35.2,78.74,390.34,469.07,2024Q1,,,j7xv-dz9h,Transportation and Landed Costs of Brazilian Soybeans to China and Germany
2024-03-31T00:00:00.000,2024,1,soybeans,South MA - Sao Luis,"Hamburg, Germany",39.56,35.2,74.76,373.82,448.57,2024Q1,,,j7xv-dz9h,Transportation and Landed Costs of Brazilian Soybeans to China and Germany
2024-03-31T00:00:00.000,2024,1,soybeans,North MT - Santos by truck,"Hamburg, Germany",91.79,32.6,124.39,349.39,473.78,2024Q1,,,j7xv-dz9h,Transportation and Landed Costs of Brazilian Soybeans to China and Germany
2024-03-31T00:00:00.000,2024,1,soybeans,North MT - Santos by rail,"Hamburg, Germany",32.64,32.6,118.53,349.39,467.92,2024Q1,53.29,,j7xv-dz9h,Transportation and Landed Costs of Brazilian Soybeans to China and Germany
2024-03-31T00:00:00.000,2024,1,soybeans,North MT - Santarem,"Hamburg, Germany",64.2,30.4,94.6,349.39,443.99,2024Q1,,,j7xv-dz9h,Transportation and Landed Costs of Brazilian Soybeans to China and Germany
2024-03-31T00:00:00.000,2024,1,soybeans,North MT - Paranagua,"Hamburg, Germany",89.66,32.2,121.86,349.39,471.25,2024Q1,,,j7xv-dz9h,Transportation and Landed Costs of Brazilian Soybeans to China and Germany
2024-03-31T00:00:00.000,2024,1,soybeans,North MT - Barcarena,"Hamburg, Germany",49.61,29.9,103.08,349.39,452.46,2024Q1,,23.56,j7xv-dz9h,Transportation and Landed Costs of Brazilian Soybeans to China and Germany
2024-03-31T00:00:00.000,2024,1,soybeans,Norhtwest RS - Rio Grande,"Hamburg, Germany",32.07,33.4,65.47,383.05,448.52,2024Q1,,,j7xv-dz9h,Transportation and Landed Costs of Brazilian Soybeans to China and Germany
2023-12-31T00:00:00.000,2023,4,soybeans,Southwest PI - Sao Luis,"Shanghai, China",48.74,39.5,88.24,440.89,529.13,2023Q4,,,j7xv-dz9h,Transportation and Landed Costs of Brazilian Soybeans to China and Germany
2023-12-31T00:00:00.000,2023,4,soybeans,South MA - Sao Luis,"Shanghai, China",43.63,39.5,83.13,426.71,509.84,2023Q4,,,j7xv-dz9h,Transportation and Landed Costs of Brazilian Soybeans to China and Germany
2023-12-31T00:00:00.000,2023,4,soybeans,Northwest RS - Rio Grande,"Shanghai, China",35.16,35.5,70.66,457.2,527.85,2023Q4,,,j7xv-dz9h,Transportation and Landed Costs of Brazilian Soybeans to China and Germany
2023-12-31T00:00:00.000,2023,4,soybeans,North MT - Santos by truck,"Shanghai, China",103.06,35,138.06,406.91,544.97,2023Q4,,,j7xv-dz9h,Transportation and Landed Costs of Brazilian Soybeans to China and Germany
2023-12-31T00:00:00.000,2023,4,soybeans,North MT - Santos by rail,"Shanghai, China",36.72,35,128.33,406.91,535.24,2023Q4,56.61,,j7xv-dz9h,Transportation and Landed Costs of Brazilian Soybeans to China and Germany
2023-12-31T00:00:00.000,2023,4,soybeans,North MT - Santarem,"Shanghai, China",66.05,39,105.05,406.91,511.96,2023Q4,,,j7xv-dz9h,Transportation and Landed Costs of Brazilian Soybeans to China and Germany
2023-12-31T00:00:00.000,2023,4,soybeans,North MT - Paranagua,"Shanghai, China",101.19,35.5,136.69,406.91,543.6,2023Q4,,,j7xv-dz9h,Transportation and Landed Costs of Brazilian Soybeans to China and Germany
2023-12-31T00:00:00.000,2023,4,soybeans,North MT - Barcarena,"Shanghai, China",51.36,39.6,117.29,406.91,524.19,2023Q4,,26.33,j7xv-dz9h,Transportation and Landed Costs of Brazilian Soybeans to China and Germany
2023-12-31T00:00:00.000,2023,4,soybeans,Southwest PI - Sao Luis,"Hamburg, Germany",48.74,36,84.74,440.89,525.63,2023Q4,,,j7xv-dz9h,Transportation and Landed Costs of Brazilian Soybeans to China and Germany
2023-12-31T00:00:00.000,2023,4,soybeans,South MA - Sao Luis,"Hamburg, Germany",43.63,36,79.63,426.71,506.34,2023Q4,,,j7xv-dz9h,Transportation and Landed Costs of Brazilian Soybeans to China and Germany
2023-12-31T00:00:00.000,2023,4,soybeans,Northwest RS - Rio Grande,"Hamburg, Germany",35.16,33.8,68.96,457.2,526.15,2023Q4,,,j7xv-dz9h,Transportation and Landed Costs of Brazilian Soybeans to China and Germany
2023-12-31T00:00:00.000,2023,4,soybeans,North MT - Santos by truck,"Hamburg, Germany",103.06,33,136.06,406.91,542.97,2023Q4,,,j7xv-dz9h,Transportation and Landed Costs of Brazilian Soybeans to China and Germany
2023-12-31T00:00:00.000,2023,4,soybeans,North MT - Santos by rail,"Hamburg, Germany",36.72,33,126.33,406.91,533.24,2023Q4,56.61,,j7xv-dz9h,Transportation and Landed Costs of Brazilian Soybeans to China and Germany
2023-12-31T00:00:00.000,2023,4,soybeans,North MT - Santarem,"Hamburg, Germany",66.05,31,97.05,406.91,503.96,2023Q4,,,j7xv-dz9h,Transportation and Landed Costs of Brazilian Soybeans to China and Germany
2023-12-31T00:00:00.000,2023,4,soybeans,North MT - Paranagua,"Hamburg, Germany",101.19,32,133.29,406.91,540.2,2023Q4,,,j7xv-dz9h,Transportation and Landed Costs of Brazilian Soybeans to China and Germany
2023-12-31T00:00:00.000,2023,4,soybeans,North MT - Barcarena,"Hamburg, Germany",51.36,30.5,108.19,406.91,515.09,2023Q4,,26.33,j7xv-dz9h,Transportation and Landed Costs of Brazilian Soybeans to China and Germany
2023-09-30T00:00:00.000,2023,3,soybeans,Southwest PI - Sao Luis,"Shanghai, China",52.28,42,94.28,432.42,526.7,2023Q3,,,j7xv-dz9h,Transportation and Landed Costs of Brazilian Soybeans to China and Germany
2023-09-30T00:00:00.000,2023,3,soybeans,South MA - Sao Luis,"Shanghai, China",48.72,42,90.72,428.33,519.05,2023Q3,,,j7xv-dz9h,Transportation and Landed Costs of Brazilian Soybeans to China and Germany
2023-09-30T00:00:00.000,2023,3,soybeans,Northwest RS - Rio Grande,"Shanghai, China",35.89,38.5,74.39,469.48,543.87,2023Q3,,,j7xv-dz9h,Transportation and Landed Costs of Brazilian Soybeans to China and Germany
2023-09-30T00:00:00.000,2023,3,soybeans,North MT - Santos by truck,"Shanghai, China",113.56,37,150.56,399.94,550.51,2023Q3,,,j7xv-dz9h,Transportation and Landed Costs of Brazilian Soybeans to China and Germany
2023-09-30T00:00:00.000,2023,3,soybeans,North MT - Santos by rail,"Shanghai, China",40.22,37,135.66,399.94,535.6,2023Q3,58.44,,j7xv-dz9h,Transportation and Landed Costs of Brazilian Soybeans to China and Germany
2023-09-30T00:00:00.000,2023,3,soybeans,North MT - Santarem,"Shanghai, China",73.96,41.4,115.36,399.94,515.3,2023Q3,,,j7xv-dz9h,Transportation and Landed Costs of Brazilian Soybeans to China and Germany
2023-09-30T00:00:00.000,2023,3,soybeans,North MT - Paranagua,"Shanghai, China",112.54,37.5,150.04,399.94,549.99,2023Q3,,,j7xv-dz9h,Transportation and Landed Costs of Brazilian Soybeans to China and Germany
2023-09-30T00:00:00.000,2023,3,soybeans,North MT - Barcarena,"Shanghai, China",61.36,42.2,134.03,399.94,533.97,2023Q3,,30.47,j7xv-dz9h,Transportation and Landed Costs of Brazilian Soybeans to China and Germany
2023-09-30T00:00:00.000,2023,3,soybeans,Southwest PI - Sao Luis,"Hamburg, Germany",52.28,38.2,90.48,432.42,522.9,2023Q3,,,j7xv-dz9h,Transportation and Landed Costs of Brazilian Soybeans to China and Germany
2023-09-30T00:00:00.000,2023,3,soybeans,South MA - Sao Luis,"Hamburg, Germany",48.72,38.2,86.92,428.33,515.25,2023Q3,,,j7xv-dz9h,Transportation and Landed Costs of Brazilian Soybeans to China and Germany
2023-09-30T00:00:00.000,2023,3,soybeans,Northwest RS - Rio Grande,"Hamburg, Germany",35.89,36,71.89,469.48,541.37,2023Q3,,,j7xv-dz9h,Transportation and Landed Costs of Brazilian Soybeans to China and Germany
2023-09-30T00:00:00.000,2023,3,soybeans,North MT - Santos by truck,"Hamburg, Germany",113.56,35,148.56,399.94,548.51,2023Q3,,,j7xv-dz9h,Transportation and Landed Costs of Brazilian Soybeans to China and Germany
2023-09-30T00:00:00.000,2023,3,soybeans,North MT - Santos by rail,"Hamburg, Germany",40.22,35,133.66,399.94,533.6,2023Q3,58.44,,j7xv-dz9h,Transportation and Landed Costs of Brazilian Soybeans to China and Germany
2023-09-30T00:00:00.000,2023,3,soybeans,North MT - Santarem,"Hamburg, Germany",73.96,33,106.96,399.94,506.9,2023Q3,,,j7xv-dz9h,Transportation and Landed Costs of Brazilian Soybeans to China and Germany
2023-09-30T00:00:00.000,2023,3,soybeans,North MT - Paranagua,"Hamburg, Germany",112.54,34.2,146.74,399.94,546.69,2023Q3,,,j7xv-dz9h,Transportation and Landed Costs of Brazilian Soybeans to China and Germany
2023-09-30T00:00:00.000,2023,3,soybeans,North MT - Barcarena,"Hamburg, Germany",61.36,32.5,124.33,399.94,524.27,2023Q3,,30.47,j7xv-dz9h,Transportation and Landed Costs of Brazilian Soybeans to China and Germany
2023-06-30T00:00:00.000,2023,2,soybeans,Southwest PI - Sao Luis,"Shanghai, China",46.41,40,86.41,406.67,493.08,2023Q2,,,j7xv-dz9h,Transportation and Landed Costs of Brazilian Soybeans to China and Germany
2023-06-30T00:00:00.000,2023,2,soybeans,South MA - Sao Luis,"Shanghai, China",41.07,40,81.07,420.39,501.46,2023Q2,,,j7xv-dz9h,Transportation and Landed Costs of Brazilian Soybeans to China and Germany
2023-06-30T00:00:00.000,2023,2,soybeans,Northwest RS - Rio Grande,"Shanghai, China",33.7,35.7,69.40,437.8,507.2,2023Q2,,,j7xv-dz9h,Transportation and Landed Costs of Brazilian Soybeans to China and Germany
2023-06-30T00:00:00.000,2023,2,soybeans,North MT - Santos by truck,"Shanghai, China",100.36,35.2,135.56,384.93,520.49,2023Q2,,,j7xv-dz9h,Transportation and Landed Costs of Brazilian Soybeans to China and Germany
2023-06-30T00:00:00.000,2023,2,soybeans,North MT - Santos by rail,"Shanghai, China",35.89,35.2,125.56,384.93,510.49,2023Q2,54.47,,j7xv-dz9h,Transportation and Landed Costs of Brazilian Soybeans to China and Germany
2023-06-30T00:00:00.000,2023,2,soybeans,North MT - Santarem,"Shanghai, China",68.56,39.4,107.96,384.93,492.89,2023Q2,,,j7xv-dz9h,Transportation and Landed Costs of Brazilian Soybeans to China and Germany
2023-06-30T00:00:00.000,2023,2,soybeans,North MT - Paranagua,"Shanghai, China",98.9,36.7,135.60,384.93,520.53,2023Q2,,,j7xv-dz9h,Transportation and Landed Costs of Brazilian Soybeans to China and Germany
2023-06-30T00:00:00.000,2023,2,soybeans,North MT - Barcarena,"Shanghai, China",58.45,40.2,126.12,384.93,511.05,2023Q2,,27.47,j7xv-dz9h,Transportation and Landed Costs of Brazilian Soybeans to China and Germany
2023-06-30T00:00:00.000,2023,2,soybeans,Southwest PI - Sao Luis,"Hamburg, Germany",46.41,36.3,82.71,406.67,489.38,2023Q2,,,j7xv-dz9h,Transportation and Landed Costs of Brazilian Soybeans to China and Germany
2023-06-30T00:00:00.000,2023,2,soybeans,South MA - Sao Luis,"Hamburg, Germany",41.07,36.3,77.37,420.39,497.76,2023Q2,,,j7xv-dz9h,Transportation and Landed Costs of Brazilian Soybeans to China and Germany
2023-06-30T00:00:00.000,2023,2,soybeans,Northwest RS - Rio Grande,"Hamburg, Germany",33.7,34.2,67.90,437.8,505.7,2023Q2,,,j7xv-dz9h,Transportation and Landed Costs of Brazilian Soybeans to China and Germany
2023-06-30T00:00:00.000,2023,2,soybeans,North MT - Santos by truck,"Hamburg, Germany",100.36,33.2,133.56,384.93,518.49,2023Q2,,,j7xv-dz9h,Transportation and Landed Costs of Brazilian Soybeans to China and Germany
2023-06-30T00:00:00.000,2023,2,soybeans,North MT - Santos by rail,"Hamburg, Germany",35.89,33.2,123.56,384.93,508.49,2023Q2,54.47,,j7xv-dz9h,Transportation and Landed Costs of Brazilian Soybeans to China and Germany
2023-06-30T00:00:00.000,2023,2,soybeans,North MT - Santarem,"Hamburg, Germany",68.56,31.5,100.06,384.93,484.99,2023Q2,,,j7xv-dz9h,Transportation and Landed Costs of Brazilian Soybeans to China and Germany
2023-06-30T00:00:00.000,2023,2,soybeans,North MT - Paranagua,"Hamburg, Germany",98.9,32.5,131.40,384.93,516.33,2023Q2,,,j7xv-dz9h,Transportation and Landed Costs of Brazilian Soybeans to China and Germany
2023-06-30T00:00:00.000,2023,2,soybeans,North MT - Barcarena,"Hamburg, Germany",58.45,31,116.92,384.93,501.85,2023Q2,,27.47,j7xv-dz9h,Transportation and Landed Costs of Brazilian Soybeans to China and Germany
2023-03-31T00:00:00.000,2023,1,soybeans,Southwest PI - Sao Luis,"Shanghai, China",46.93,38,84.93,499.05,583.97,2023Q1,,,j7xv-dz9h,Transportation and Landed Costs of Brazilian Soybeans to China and Germany
2023-03-31T00:00:00.000,2023,1,soybeans,South MA - Sao Luis,"Shanghai, China",41.03,38,79.03,508.13,587.16,2023Q1,,,j7xv-dz9h,Transportation and Landed Costs of Brazilian Soybeans to China and Germany
2023-03-31T00:00:00.000,2023,1,soybeans,Northwest RS - Rio Grande,"Shanghai, China",33.02,34,67.02,525.8,592.81,2023Q1,,,j7xv-dz9h,Transportation and Landed Costs of Brazilian Soybeans to China and Germany
2023-03-31T00:00:00.000,2023,1,soybeans,North MT - Santos by truck,"Shanghai, China",96.25,33.5,129.75,472.04,601.78,2023Q1,,,j7xv-dz9h,Transportation and Landed Costs of Brazilian Soybeans to China and Germany
2023-03-31T00:00:00.000,2023,1,soybeans,North MT - Santos by rail,"Shanghai, China",34.85,33.5,117.97,472.04,590,2023Q1,49.62,,j7xv-dz9h,Transportation and Landed Costs of Brazilian Soybeans to China and Germany
2023-03-31T00:00:00.000,2023,1,soybeans,North MT - Santarem,"Shanghai, China",62.23,37.5,99.73,472.04,571.76,2023Q1,,,j7xv-dz9h,Transportation and Landed Costs of Brazilian Soybeans to China and Germany
2023-03-31T00:00:00.000,2023,1,soybeans,North MT - Paranagua,"Shanghai, China",95.66,35,130.66,472.04,602.7,2023Q1,,,j7xv-dz9h,Transportation and Landed Costs of Brazilian Soybeans to China and Germany
2023-03-31T00:00:00.000,2023,1,soybeans,North MT - Barcarena,"Shanghai, China",53.34,38.25,112.83,472.04,584.86,2023Q1,,21.24,j7xv-dz9h,Transportation and Landed Costs of Brazilian Soybeans to China and Germany
2023-03-31T00:00:00.000,2023,1,soybeans,Southwest PI - Sao Luis,"Hamburg, Germany",46.93,34.5,81.43,499.05,580.47,2023Q1,,,j7xv-dz9h,Transportation and Landed Costs of Brazilian Soybeans to China and Germany
2023-03-31T00:00:00.000,2023,1,soybeans,South MA - Sao Luis,"Hamburg, Germany",41.03,34.5,75.53,508.13,583.66,2023Q1,,,j7xv-dz9h,Transportation and Landed Costs of Brazilian Soybeans to China and Germany
2023-03-31T00:00:00.000,2023,1,soybeans,Northwest RS - Rio Grande,"Hamburg, Germany",33.02,32.5,65.52,525.8,591.31,2023Q1,,,j7xv-dz9h,Transportation and Landed Costs of Brazilian Soybeans to China and Germany
2023-03-31T00:00:00.000,2023,1,soybeans,North MT - Santos by truck,"Hamburg, Germany",96.25,31.65,127.9,472.04,599.93,2023Q1,,,j7xv-dz9h,Transportation and Landed Costs of Brazilian Soybeans to China and Germany
2023-03-31T00:00:00.000,2023,1,soybeans,North MT - Santos by rail,"Hamburg, Germany",34.85,31.65,116.12,472.04,588.15,2023Q1,49.62,,j7xv-dz9h,Transportation and Landed Costs of Brazilian Soybeans to China and Germany
2023-03-31T00:00:00.000,2023,1,soybeans,North MT - Santarem,"Hamburg, Germany",62.23,30,92.23,472.04,564.26,2023Q1,,,j7xv-dz9h,Transportation and Landed Costs of Brazilian Soybeans to China and Germany
2023-03-31T00:00:00.000,2023,1,soybeans,North MT - Paranagua,"Hamburg, Germany",95.66,31,126.66,472.04,598.7,2023Q1,,,j7xv-dz9h,Transportation and Landed Costs of Brazilian Soybeans to China and Germany
2023-03-31T00:00:00.000,2023,1,soybeans,North MT - Barcarena,"Hamburg, Germany",53.34,29.4,103.98,472.04,576.01,2023Q1,,21.24,j7xv-dz9h,Transportation and Landed Costs of Brazilian Soybeans to China and Germany
2022-12-31T00:00:00.000,2022,4,soybeans,Southwest PI - Sao Luis,"Shanghai, China",40.38,55,95.38,510.35,605.72,2022Q4,,,j7xv-dz9h,Transportation and Landed Costs of Brazilian Soybeans to China and Germany
2022-12-31T00:00:00.000,2022,4,soybeans,South MA - Sao Luis,"Shanghai, China",33.88,55,88.88,537,625.88,2022Q4,,,j7xv-dz9h,Transportation and Landed Costs of Brazilian Soybeans to China and Germany
2022-12-31T00:00:00.000,2022,4,soybeans,Northwest RS - Rio Grande,"Shanghai, China",27.61,48.4,76.01,544.28,620.29,2022Q4,,,j7xv-dz9h,Transportation and Landed Costs of Brazilian Soybeans to China and Germany
2022-12-31T00:00:00.000,2022,4,soybeans,North MT - Santos by truck,"Shanghai, China",90.13,47.7,137.83,515.89,653.73,2022Q4,,,j7xv-dz9h,Transportation and Landed Costs of Brazilian Soybeans to China and Germany
2022-12-31T00:00:00.000,2022,4,soybeans,North MT - Santos by rail,"Shanghai, China",30.7,47.7,125.85,515.89,641.74,2022Q4,47.45,,j7xv-dz9h,Transportation and Landed Costs of Brazilian Soybeans to China and Germany
2022-12-31T00:00:00.000,2022,4,soybeans,North MT - Santarem,"Shanghai, China",55.64,54.8,110.44,515.89,626.33,2022Q4,,,j7xv-dz9h,Transportation and Landed Costs of Brazilian Soybeans to China and Germany
2022-12-31T00:00:00.000,2022,4,soybeans,North MT - Paranagua,"Shanghai, China",89.22,48.6,137.82,515.89,653.71,2022Q4,,,j7xv-dz9h,Transportation and Landed Costs of Brazilian Soybeans to China and Germany
2022-12-31T00:00:00.000,2022,4,soybeans,North MT - Barcarena,"Shanghai, China",45.72,55.5,118.84,515.89,634.73,2022Q4,,17.62,j7xv-dz9h,Transportation and Landed Costs of Brazilian Soybeans to China and Germany
2022-12-31T00:00:00.000,2022,4,soybeans,Southwest PI - Sao Luis,"Hamburg, Germany",40.38,39.8,80.18,510.35,590.52,2022Q4,,,j7xv-dz9h,Transportation and Landed Costs of Brazilian Soybeans to China and Germany
2022-12-31T00:00:00.000,2022,4,soybeans,South MA - Sao Luis,"Hamburg, Germany",33.88,39.8,73.68,537,610.68,2022Q4,,,j7xv-dz9h,Transportation and Landed Costs of Brazilian Soybeans to China and Germany
2022-12-31T00:00:00.000,2022,4,soybeans,Northwest RS - Rio Grande,"Hamburg, Germany",27.61,43.1,70.71,544.28,614.99,2022Q4,,,j7xv-dz9h,Transportation and Landed Costs of Brazilian Soybeans to China and Germany
2022-12-31T00:00:00.000,2022,4,soybeans,North MT - Santos by truck,"Hamburg, Germany",90.13,42.2,132.33,515.89,648.23,2022Q4,,,j7xv-dz9h,Transportation and Landed Costs of Brazilian Soybeans to China and Germany
2022-12-31T00:00:00.000,2022,4,soybeans,North MT - Santos by rail,"Hamburg, Germany",30.7,42.2,120.35,515.89,636.24,2022Q4,47.45,,j7xv-dz9h,Transportation and Landed Costs of Brazilian Soybeans to China and Germany
2022-12-31T00:00:00.000,2022,4,soybeans,North MT - Santarem,"Hamburg, Germany",55.64,39.6,95.24,515.89,611.13,2022Q4,,,j7xv-dz9h,Transportation and Landed Costs of Brazilian Soybeans to China and Germany
2022-12-31T00:00:00.000,2022,4,soybeans,North MT - Paranagua,"Hamburg, Germany",89.22,41.2,130.42,515.89,646.31,2022Q4,,,j7xv-dz9h,Transportation and Landed Costs of Brazilian Soybeans to China and Germany
2022-12-31T00:00:00.000,2022,4,soybeans,North MT - Barcarena,"Hamburg, Germany",45.72,39.2,102.54,515.89,618.43,2022Q4,,17.62,j7xv-dz9h,Transportation and Landed Costs of Brazilian Soybeans to China and Germany
2022-09-30T00:00:00.000,2022,3,soybeans,Southwest PI - Sao Luis,"Shanghai, China",47.29,56,103.29,529.04,632.33,2022Q3,,,j7xv-dz9h,Transportation and Landed Costs of Brazilian Soybeans to China and Germany
2022-09-30T00:00:00.000,2022,3,soybeans,South MA - Sao Luis,"Shanghai, China",44.47,56,100.47,545.43,645.91,2022Q3,,,j7xv-dz9h,Transportation and Landed Costs of Brazilian Soybeans to China and Germany
2022-09-30T00:00:00.000,2022,3,soybeans,Northwest RS - Rio Grande,"Shanghai, China",30.05,50.3,80.35,552.66,633.01,2022Q3,,,j7xv-dz9h,Transportation and Landed Costs of Brazilian Soybeans to China and Germany
2022-09-30T00:00:00.000,2022,3,soybeans,North MT - Santos by truck,"Shanghai, China",99.71,48.7,148.41,514.98,663.39,2022Q3,,,j7xv-dz9h,Transportation and Landed Costs of Brazilian Soybeans to China and Germany
2022-09-30T00:00:00.000,2022,3,soybeans,North MT - Santos by rail,"Shanghai, China",32.45,48.7,127.71,514.98,642.69,2022Q3,46.56,,j7xv-dz9h,Transportation and Landed Costs of Brazilian Soybeans to China and Germany
2022-09-30T00:00:00.000,2022,3,soybeans,North MT - Santarem,"Shanghai, China",63.19,56,119.19,514.98,634.17,2022Q3,,,j7xv-dz9h,Transportation and Landed Costs of Brazilian Soybeans to China and Germany
2022-09-30T00:00:00.000,2022,3,soybeans,North MT - Paranagua,"Shanghai, China",98.83,49,147.83,514.98,662.81,2022Q3,,,j7xv-dz9h,Transportation and Landed Costs of Brazilian Soybeans to China and Germany
2022-09-30T00:00:00.000,2022,3,soybeans,North MT - Barcarena,"Shanghai, China",52.49,55.4,127.32,514.98,642.29,2022Q3,,19.43,j7xv-dz9h,Transportation and Landed Costs of Brazilian Soybeans to China and Germany
2022-09-30T00:00:00.000,2022,3,soybeans,Southwest PI - Sao Luis,"Hamburg, Germany",47.29,40,87.29,529.04,616.33,2022Q3,,,j7xv-dz9h,Transportation and Landed Costs of Brazilian Soybeans to China and Germany
2022-09-30T00:00:00.000,2022,3,soybeans,South MA - Sao Luis,"Hamburg, Germany",44.47,40,84.47,545.43,629.91,2022Q3,,,j7xv-dz9h,Transportation and Landed Costs of Brazilian Soybeans to China and Germany
2022-09-30T00:00:00.000,2022,3,soybeans,Northwest RS - Rio Grande,"Hamburg, Germany",30.05,43.6,73.65,552.66,626.31,2022Q3,,,j7xv-dz9h,Transportation and Landed Costs of Brazilian Soybeans to China and Germany
2022-09-30T00:00:00.000,2022,3,soybeans,North MT - Santos by truck,"Hamburg, Germany",99.71,42.6,142.31,514.98,657.29,2022Q3,,,j7xv-dz9h,Transportation and Landed Costs of Brazilian Soybeans to China and Germany
2022-09-30T00:00:00.000,2022,3,soybeans,North MT - Santos by rail,"Hamburg, Germany",32.45,42.6,121.61,514.98,636.59,2022Q3,46.56,,j7xv-dz9h,Transportation and Landed Costs of Brazilian Soybeans to China and Germany
2022-09-30T00:00:00.000,2022,3,soybeans,North MT - Santarem,"Hamburg, Germany",63.19,46,109.19,514.98,624.17,2022Q3,,,j7xv-dz9h,Transportation and Landed Costs of Brazilian Soybeans to China and Germany
2022-09-30T00:00:00.000,2022,3,soybeans,North MT - Paranagua,"Hamburg, Germany",98.83,41.6,140.43,514.98,655.41,2022Q3,,,j7xv-dz9h,Transportation and Landed Costs of Brazilian Soybeans to China and Germany
2022-09-30T00:00:00.000,2022,3,soybeans,North MT - Barcarena,"Hamburg, Germany",52.49,39.7,111.62,514.98,626.59,2022Q3,,19.43,j7xv-dz9h,Transportation and Landed Costs of Brazilian Soybeans to China and Germany
2022-06-30T00:00:00.000,2022,2,soybeans,Southwest PI - Sao Luis,"Shanghai, China",51.28,70,121.28,585.8,707.08,2022Q2,,,j7xv-dz9h,Transportation and Landed Costs of Brazilian Soybeans to China and Germany
2022-06-30T00:00:00.000,2022,2,soybeans,South MA - Sao Luis,"Shanghai, China",46.68,70,116.68,591.24,707.92,2022Q2,,,j7xv-dz9h,Transportation and Landed Costs of Brazilian Soybeans to China and Germany
2022-06-30T00:00:00.000,2022,2,soybeans,Northwest RS - Rio Grande,"Shanghai, China",32.57,66.5,99.07,617.87,716.94,2022Q2,,,j7xv-dz9h,Transportation and Landed Costs of Brazilian Soybeans to China and Germany
2022-06-30T00:00:00.000,2022,2,soybeans,North MT - Santos by truck,"Shanghai, China",102.44,65.75,168.19,566.29,734.48,2022Q2,,,j7xv-dz9h,Transportation and Landed Costs of Brazilian Soybeans to China and Germany
2022-06-30T00:00:00.000,2022,2,soybeans,North MT - Santos by rail,"Shanghai, China",34.83,65.75,146.12,566.29,712.41,2022Q2,45.54,,j7xv-dz9h,Transportation and Landed Costs of Brazilian Soybeans to China and Germany
2022-06-30T00:00:00.000,2022,2,soybeans,North MT - Santarem,"Shanghai, China",64.82,69.9,134.72,566.29,701.01,2022Q2,,,j7xv-dz9h,Transportation and Landed Costs of Brazilian Soybeans to China and Germany
2022-06-30T00:00:00.000,2022,2,soybeans,North MT - Paranagua,"Shanghai, China",101.5,67.75,169.25,566.29,735.55,2022Q2,,,j7xv-dz9h,Transportation and Landed Costs of Brazilian Soybeans to China and Germany
2022-06-30T00:00:00.000,2022,2,soybeans,North MT - Barcarena,"Shanghai, China",52.63,72,144.56,566.29,710.86,2022Q2,,19.93,j7xv-dz9h,Transportation and Landed Costs of Brazilian Soybeans to China and Germany
2022-06-30T00:00:00.000,2022,2,soybeans,Southwest PI - Sao Luis,"Hamburg, Germany",51.28,60,111.28,585.8,697.08,2022Q2,,,j7xv-dz9h,Transportation and Landed Costs of Brazilian Soybeans to China and Germany
2022-06-30T00:00:00.000,2022,2,soybeans,South MA - Sao Luis,"Hamburg, Germany",46.88,60,106.68,591.24,697.92,2022Q2,,,j7xv-dz9h,Transportation and Landed Costs of Brazilian Soybeans to China and Germany
2022-06-30T00:00:00.000,2022,2,soybeans,Northwest RS - Rio Grande,"Hamburg, Germany",32.57,57.2,89.77,617.87,707.64,2022Q2,,,j7xv-dz9h,Transportation and Landed Costs of Brazilian Soybeans to China and Germany
2022-06-30T00:00:00.000,2022,2,soybeans,North MT - Santos by truck,"Hamburg, Germany",102.44,55.85,158.29,566.29,724.58,2022Q2,,,j7xv-dz9h,Transportation and Landed Costs of Brazilian Soybeans to China and Germany
2022-06-30T00:00:00.000,2022,2,soybeans,North MT - Santos by rail,"Hamburg, Germany",34.83,55.85,136.22,566.29,702.51,2022Q2,45.54,,j7xv-dz9h,Transportation and Landed Costs of Brazilian Soybeans to China and Germany
2022-06-30T00:00:00.000,2022,2,soybeans,North MT - Santarem,"Hamburg, Germany",64.82,52,116.82,566.29,683.11,2022Q2,,,j7xv-dz9h,Transportation and Landed Costs of Brazilian Soybeans to China and Germany
2022-06-30T00:00:00.000,2022,2,soybeans,North MT - Paranagua,"Hamburg, Germany",101.5,54.6,156.1,566.29,722.4,2022Q2,,,j7xv-dz9h,Transportation and Landed Costs of Brazilian Soybeans to China and Germany
2022-06-30T00:00:00.000,2022,2,soybeans,North MT - Barcarena,"Hamburg, Germany",52.63,50.8,123.36,566.29,689.66,2022Q2,,19.93,j7xv-dz9h,Transportation and Landed Costs of Brazilian Soybeans to China and Germany
2022-03-31T00:00:00.000,2022,1,soybeans,Southwest PI - Sao Luis,"Shanghai, China",38.32,66.2,104.52,543.56,648.08,2022Q1,,,j7xv-dz9h,Transportation and Landed Costs of Brazilian Soybeans to China and Germany
2022-03-31T00:00:00.000,2022,1,soybeans,South MA - Sao Luis,"Shanghai, China",38.28,66.2,104.48,558.85,663.33,2022Q1,,,j7xv-dz9h,Transportation and Landed Costs of Brazilian Soybeans to China and Germany
2022-03-31T00:00:00.000,2022,1,soybeans,Northwest RS - Rio Grande,"Shanghai, China",27.55,62.75,90.3,604.37,694.66,2022Q1,,,j7xv-dz9h,Transportation and Landed Costs of Brazilian Soybeans to China and Germany
2022-03-31T00:00:00.000,2022,1,soybeans,North MT - Santos by truck,"Shanghai, China",83.64,62,145.64,550.71,696.34,2022Q1,,,j7xv-dz9h,Transportation and Landed Costs of Brazilian Soybeans to China and Germany
2022-03-31T00:00:00.000,2022,1,soybeans,North MT - Santos by rail,"Shanghai, China",27.91,62,127.6,550.71,678.31,2022Q1,37.69,,j7xv-dz9h,Transportation and Landed Costs of Brazilian Soybeans to China and Germany
2022-03-31T00:00:00.000,2022,1,soybeans,North MT - Santarem,"Shanghai, China",53.57,66,119.57,550.71,670.27,2022Q1,,,j7xv-dz9h,Transportation and Landed Costs of Brazilian Soybeans to China and Germany
2022-03-31T00:00:00.000,2022,1,soybeans,North MT - Paranagua,"Shanghai, China",82.88,64,146.88,550.71,697.58,2022Q1,,,j7xv-dz9h,Transportation and Landed Costs of Brazilian Soybeans to China and Germany
2022-03-31T00:00:00.000,2022,1,soybeans,North MT - Barcarena,"Shanghai, China",46.94,68,131.22,550.71,681.92,2022Q1,,16.28,j7xv-dz9h,Transportation and Landed Costs of Brazilian Soybeans to China and Germany
2022-03-31T00:00:00.000,2022,1,soybeans,Southwest PI - Sao Luis,"Hamburg, Germany",38.32,56.5,94.82,543.56,638.38,2022Q1,,,j7xv-dz9h,Transportation and Landed Costs of Brazilian Soybeans to China and Germany
2022-03-31T00:00:00.000,2022,1,soybeans,South MA - Sao Luis,"Hamburg, Germany",38.28,56.5,94.78,558.85,653.63,2022Q1,,,j7xv-dz9h,Transportation and Landed Costs of Brazilian Soybeans to China and Germany
2022-03-31T00:00:00.000,2022,1,soybeans,Northwest RS - Rio Grande,"Hamburg, Germany",27.55,54,81.55,604.37,685.91,2022Q1,,,j7xv-dz9h,Transportation and Landed Costs of Brazilian Soybeans to China and Germany
2022-03-31T00:00:00.000,2022,1,soybeans,North MT - Santos by truck,"Hamburg, Germany",83.64,52.7,136.34,550.71,687.04,2022Q1,,,j7xv-dz9h,Transportation and Landed Costs of Brazilian Soybeans to China and Germany
2022-03-31T00:00:00.000,2022,1,soybeans,North MT - Santos by rail,"Hamburg, Germany",27.91,52.7,118.3,550.71,669.01,2022Q1,37.69,,j7xv-dz9h,Transportation and Landed Costs of Brazilian Soybeans to China and Germany
2022-03-31T00:00:00.000,2022,1,soybeans,North MT - Santarem,"Hamburg, Germany",53.57,49.1,102.67,550.71,653.37,2022Q1,,,j7xv-dz9h,Transportation and Landed Costs of Brazilian Soybeans to China and Germany
2022-03-31T00:00:00.000,2022,1,soybeans,North MT - Paranagua,"Hamburg, Germany",82.88,51.5,134.38,550.71,685.08,2022Q1,,,j7xv-dz9h,Transportation and Landed Costs of Brazilian Soybeans to China and Germany
2022-03-31T00:00:00.000,2022,1,soybeans,North MT - Barcarena,"Hamburg, Germany",46.94,48,111.22,550.71,661.92,2022Q1,,16.28,j7xv-dz9h,Transportation and Landed Costs of Brazilian Soybeans to China and Germany
2021-12-31T00:00:00.000,2021,4,soybeans,Southwest PI - Sao Luis,"Shanghai, China",25.22,66,91.22,445.58,536.8,2021Q4,,,j7xv-dz9h,Transportation and Landed Costs of Brazilian Soybeans to China and Germany
2021-12-31T00:00:00.000,2021,4,soybeans,South MA - Sao Luis,"Shanghai, China",20.06,66,86.06,468.17,554.23,2021Q4,,,j7xv-dz9h,Transportation and Landed Costs of Brazilian Soybeans to China and Germany
2021-12-31T00:00:00.000,2021,4,soybeans,Northwest RS - Rio Grande,"Shanghai, China",16.06,62.75,78.81,478.45,557.26,2021Q4,,,j7xv-dz9h,Transportation and Landed Costs of Brazilian Soybeans to China and Germany
2021-12-31T00:00:00.000,2021,4,soybeans,North MT - Santos by truck,"Shanghai, China",50.42,62,112.42,457.88,570.3,2021Q4,,,j7xv-dz9h,Transportation and Landed Costs of Brazilian Soybeans to China and Germany
2021-12-31T00:00:00.000,2021,4,soybeans,North MT - Santos by rail,"Shanghai, China",17.44,62,106.71,457.88,564.59,2021Q4,27.27,,j7xv-dz9h,Transportation and Landed Costs of Brazilian Soybeans to China and Germany
2021-12-31T00:00:00.000,2021,4,soybeans,North MT - Santarem,"Shanghai, China",32.06,65.6,97.66,457.88,555.54,2021Q4,,,j7xv-dz9h,Transportation and Landed Costs of Brazilian Soybeans to China and Germany
2021-12-31T00:00:00.000,2021,4,soybeans,North MT - Paranagua,"Shanghai, China",50.39,64,114.39,457.88,572.28,2021Q4,,,j7xv-dz9h,Transportation and Landed Costs of Brazilian Soybeans to China and Germany
2021-12-31T00:00:00.000,2021,4,soybeans,North MT - Barcarena,"Shanghai, China",24.71,68,104.95,457.88,562.83,2021Q4,,12.24,j7xv-dz9h,Transportation and Landed Costs of Brazilian Soybeans to China and Germany
2021-12-31T00:00:00.000,2021,4,soybeans,Southwest PI - Sao Luis,"Hamburg, Germany",25.22,56.3,81.52,445.58,527.1,2021Q4,,,j7xv-dz9h,Transportation and Landed Costs of Brazilian Soybeans to China and Germany
2021-12-31T00:00:00.000,2021,4,soybeans,South MA - Sao Luis,"Hamburg, Germany",20.06,56.3,76.36,468.17,544.53,2021Q4,,,j7xv-dz9h,Transportation and Landed Costs of Brazilian Soybeans to China and Germany
2021-12-31T00:00:00.000,2021,4,soybeans,Northwest RS - Rio Grande,"Hamburg, Germany",16.06,53.8,69.86,478.45,548.31,2021Q4,,,j7xv-dz9h,Transportation and Landed Costs of Brazilian Soybeans to China and Germany
2021-12-31T00:00:00.000,2021,4,soybeans,North MT - Santos by truck,"Hamburg, Germany",50.42,52.5,102.92,457.88,560.8,2021Q4,,,j7xv-dz9h,Transportation and Landed Costs of Brazilian Soybeans to China and Germany
2021-12-31T00:00:00.000,2021,4,soybeans,North MT - Santos by rail,"Hamburg, Germany",17.44,52.5,97.21,457.88,555.09,2021Q4,27.27,,j7xv-dz9h,Transportation and Landed Costs of Brazilian Soybeans to China and Germany
2021-12-31T00:00:00.000,2021,4,soybeans,North MT - Santarem,"Hamburg, Germany",32.06,49.1,81.16,457.88,539.04,2021Q4,,,j7xv-dz9h,Transportation and Landed Costs of Brazilian Soybeans to China and Germany
2021-12-31T00:00:00.000,2021,4,soybeans,North MT - Paranagua,"Hamburg, Germany",50.39,51.5,101.89,457.88,559.78,2021Q4,,,j7xv-dz9h,Transportation and Landed Costs of Brazilian Soybeans to China and Germany
2021-12-31T00:00:00.000,2021,4,soybeans,North MT - Barcarena,"Hamburg, Germany",24.71,47.8,84.75,457.88,542.63,2021Q4,,12.24,j7xv-dz9h,Transportation and Landed Costs of Brazilian Soybeans to China and Germany
2021-09-30T00:00:00.000,2021,3,soybeans,Southwest PI - Sao Luis,"Shanghai, China",27.33,68,95.33,483.65,578.98,2021Q3,,,j7xv-dz9h,Transportation and Landed Costs of Brazilian Soybeans to China and Germany
2021-09-30T00:00:00.000,2021,3,soybeans,South MA - Sao Luis,"Shanghai, China",25.51,68,93.51,501.47,594.97,2021Q3,,,j7xv-dz9h,Transportation and Landed Costs of Brazilian Soybeans to China and Germany
2021-09-30T00:00:00.000,2021,3,soybeans,Northwest RS - Rio Grande,"Shanghai, China",18.32,64.75,83.07,497.59,580.66,2021Q3,,,j7xv-dz9h,Transportation and Landed Costs of Brazilian Soybeans to China and Germany
2021-09-30T00:00:00.000,2021,3,soybeans,North MT - Santos by truck,"Shanghai, China",59.59,64,123.59,513.31,636.91,2021Q3,,,j7xv-dz9h,Transportation and Landed Costs of Brazilian Soybeans to China and Germany
2021-09-30T00:00:00.000,2021,3,soybeans,North MT - Santos by rail,"Shanghai, China",19.88,64,113.97,513.31,627.28,2021Q3,30.09,,j7xv-dz9h,Transportation and Landed Costs of Brazilian Soybeans to China and Germany
2021-09-30T00:00:00.000,2021,3,soybeans,North MT - Santarem,"Shanghai, China",37.51,67.5,105.01,513.31,618.32,2021Q3,,,j7xv-dz9h,Transportation and Landed Costs of Brazilian Soybeans to China and Germany
2021-09-30T00:00:00.000,2021,3,soybeans,North MT - Paranagua,"Shanghai, China",59.53,66,125.53,513.31,638.84,2021Q3,,,j7xv-dz9h,Transportation and Landed Costs of Brazilian Soybeans to China and Germany
2021-09-30T00:00:00.000,2021,3,soybeans,North MT - Barcarena,"Shanghai, China",29.35,70,111.46,513.31,624.78,2021Q3,,12.11,j7xv-dz9h,Transportation and Landed Costs of Brazilian Soybeans to China and Germany
2021-09-30T00:00:00.000,2021,3,soybeans,Southwest PI - Sao Luis,"Hamburg, Germany",27.33,58,85.33,483.65,568.98,2021Q3,,,j7xv-dz9h,Transportation and Landed Costs of Brazilian Soybeans to China and Germany
2021-09-30T00:00:00.000,2021,3,soybeans,South MA - Sao Luis,"Hamburg, Germany",25.51,58,83.51,501.47,584.97,2021Q3,,,j7xv-dz9h,Transportation and Landed Costs of Brazilian Soybeans to China and Germany
2021-09-30T00:00:00.000,2021,3,soybeans,Northwest RS - Rio Grande,"Hamburg, Germany",18.32,55.5,73.82,497.59,571.41,2021Q3,,,j7xv-dz9h,Transportation and Landed Costs of Brazilian Soybeans to China and Germany
2021-09-30T00:00:00.000,2021,3,soybeans,North MT - Santos by truck,"Hamburg, Germany",59.59,54,113.59,513.31,626.91,2021Q3,,,j7xv-dz9h,Transportation and Landed Costs of Brazilian Soybeans to China and Germany
2021-09-30T00:00:00.000,2021,3,soybeans,North MT - Santos by rail,"Hamburg, Germany",19.88,54,103.97,513.31,617.28,2021Q3,30.09,,j7xv-dz9h,Transportation and Landed Costs of Brazilian Soybeans to China and Germany
2021-09-30T00:00:00.000,2021,3,soybeans,North MT - Santarem,"Hamburg, Germany",37.51,50.6,88.11,513.31,601.42,2021Q3,,,j7xv-dz9h,Transportation and Landed Costs of Brazilian Soybeans to China and Germany
2021-09-30T00:00:00.000,2021,3,soybeans,North MT - Paranagua,"Hamburg, Germany",59.53,53,112.53,513.31,625.84,2021Q3,,,j7xv-dz9h,Transportation and Landed Costs of Brazilian Soybeans to China and Germany
2021-09-30T00:00:00.000,2021,3,soybeans,North MT - Barcarena,"Hamburg, Germany",29.35,49.2,90.66,513.31,603.98,2021Q3,,12.11,j7xv-dz9h,Transportation and Landed Costs of Brazilian Soybeans to China and Germany
2021-06-30T00:00:00.000,2021,2,soybeans,Southwest PI - Sao Luis,"Shanghai, China",34.77,55.6,90.37,489.79,580.17,2021Q2,,,j7xv-dz9h,Transportation and Landed Costs of Brazilian Soybeans to China and Germany
2021-06-30T00:00:00.000,2021,2,soybeans,South MA - Sao Luis,"Shanghai, China",28.77,55.6,84.37,503.18,587.55,2021Q2,,,j7xv-dz9h,Transportation and Landed Costs of Brazilian Soybeans to China and Germany
2021-06-30T00:00:00.000,2021,2,soybeans,Northwest RS - Rio Grande,"Shanghai, China",21.09,51,72.09,505.86,577.95,2021Q2,,,j7xv-dz9h,Transportation and Landed Costs of Brazilian Soybeans to China and Germany
2021-06-30T00:00:00.000,2021,2,soybeans,North MT - Santos by truck,"Shanghai, China",66.24,50.6,116.84,495.57,612.41,2021Q2,,,j7xv-dz9h,Transportation and Landed Costs of Brazilian Soybeans to China and Germany
2021-06-30T00:00:00.000,2021,2,soybeans,North MT - Santos by rail,"Shanghai, China",23.05,50.6,104.1,495.57,599.67,2021Q2,30.44,,j7xv-dz9h,Transportation and Landed Costs of Brazilian Soybeans to China and Germany
2021-06-30T00:00:00.000,2021,2,soybeans,North MT - Santarem,"Shanghai, China",42.08,55.6,97.68,495.57,593.25,2021Q2,,,j7xv-dz9h,Transportation and Landed Costs of Brazilian Soybeans to China and Germany
2021-06-30T00:00:00.000,2021,2,soybeans,North MT - Paranagua,"Shanghai, China",65.99,52.4,118.39,495.57,613.96,2021Q2,,,j7xv-dz9h,Transportation and Landed Costs of Brazilian Soybeans to China and Germany
2021-06-30T00:00:00.000,2021,2,soybeans,North MT - Barcarena,"Shanghai, China",38.44,58.2,109.49,495.57,605.06,2021Q2,,12.85,j7xv-dz9h,Transportation and Landed Costs of Brazilian Soybeans to China and Germany
2021-06-30T00:00:00.000,2021,2,soybeans,Southwest PI - Sao Luis,"Hamburg, Germany",34.77,45.9,80.67,489.79,570.47,2021Q2,,,j7xv-dz9h,Transportation and Landed Costs of Brazilian Soybeans to China and Germany
2021-06-30T00:00:00.000,2021,2,soybeans,South MA - Sao Luis,"Hamburg, Germany",28.77,45.9,74.67,503.18,577.85,2021Q2,,,j7xv-dz9h,Transportation and Landed Costs of Brazilian Soybeans to China and Germany
2021-06-30T00:00:00.000,2021,2,soybeans,Northwest RS - Rio Grande,"Hamburg, Germany",21.09,43.8,64.89,505.86,570.75,2021Q2,,,j7xv-dz9h,Transportation and Landed Costs of Brazilian Soybeans to China and Germany
2021-06-30T00:00:00.000,2021,2,soybeans,North MT - Santos by truck,"Hamburg, Germany",66.24,42.7,108.94,495.57,604.51,2021Q2,,,j7xv-dz9h,Transportation and Landed Costs of Brazilian Soybeans to China and Germany
2021-06-30T00:00:00.000,2021,2,soybeans,North MT - Santos by rail,"Hamburg, Germany",23.05,42.7,96.2,495.57,591.77,2021Q2,30.44,,j7xv-dz9h,Transportation and Landed Costs of Brazilian Soybeans to China and Germany
2021-06-30T00:00:00.000,2021,2,soybeans,North MT - Santarem,"Hamburg, Germany",42.08,40,82.08,495.57,577.65,2021Q2,,,j7xv-dz9h,Transportation and Landed Costs of Brazilian Soybeans to China and Germany
2021-06-30T00:00:00.000,2021,2,soybeans,North MT - Paranagua,"Hamburg, Germany",65.99,41.9,107.89,495.57,603.46,2021Q2,,,j7xv-dz9h,Transportation and Landed Costs of Brazilian Soybeans to China and Germany
2021-06-30T00:00:00.000,2021,2,soybeans,North MT - Barcarena,"Hamburg, Germany",38.44,38.9,90.19,495.57,585.76,2021Q2,,12.85,j7xv-dz9h,Transportation and Landed Costs of Brazilian Soybeans to China and Germany
2021-03-31T00:00:00.000,2021,1,soybeans,Southwest PI - Sao Luis,"Shanghai, China",29.27,41,70.27,484.07,554.34,2021Q1,,,j7xv-dz9h,Transportation and Landed Costs of Brazilian Soybeans to China and Germany
2021-03-31T00:00:00.000,2021,1,soybeans,South MA - Sao Luis,"Shanghai, China",25.06,41,66.06,466.73,532.79,2021Q1,,,j7xv-dz9h,Transportation and Landed Costs of Brazilian Soybeans to China and Germany
2021-03-31T00:00:00.000,2021,1,soybeans,Northwest RS - Rio Grande,"Shanghai, China",19.91,37.25,57.16,475.64,532.8,2021Q1,,,j7xv-dz9h,Transportation and Landed Costs of Brazilian Soybeans to China and Germany
2021-03-31T00:00:00.000,2021,1,soybeans,North MT - Santos by truck,"Shanghai, China",60.94,37,97.94,463.1,561.04,2021Q1,,,j7xv-dz9h,Transportation and Landed Costs of Brazilian Soybeans to China and Germany
2021-03-31T00:00:00.000,2021,1,soybeans,North MT - Santos by rail,"Shanghai, China",22.18,27,90.13,463.1,553.22,2021Q1,30.95,,j7xv-dz9h,Transportation and Landed Costs of Brazilian Soybeans to China and Germany
2021-03-31T00:00:00.000,2021,1,soybeans,North MT - Santarem,"Shanghai, China",40.01,40.54,80.55,463.1,543.64,2021Q1,,,j7xv-dz9h,Transportation and Landed Costs of Brazilian Soybeans to China and Germany
2021-03-31T00:00:00.000,2021,1,soybeans,North MT - Paranagua,"Shanghai, China",58.57,38.75,97.32,463.1,560.42,2021Q1,,,j7xv-dz9h,Transportation and Landed Costs of Brazilian Soybeans to China and Germany
2021-03-31T00:00:00.000,2021,1,soybeans,North MT - Barcarena,"Shanghai, China",34.86,42,90.18,463.1,553.27,2021Q1,,13.32,j7xv-dz9h,Transportation and Landed Costs of Brazilian Soybeans to China and Germany
2021-03-31T00:00:00.000,2021,1,soybeans,Southwest PI - Sao Luis,"Hamburg, Germany",29.27,33.25,62.52,484.07,546.59,2021Q1,,,j7xv-dz9h,Transportation and Landed Costs of Brazilian Soybeans to China and Germany
2021-03-31T00:00:00.000,2021,1,soybeans,South MA - Sao Luis,"Hamburg, Germany",25.06,33.25,58.31,466.73,525.04,2021Q1,,,j7xv-dz9h,Transportation and Landed Costs of Brazilian Soybeans to China and Germany
2021-03-31T00:00:00.000,2021,1,soybeans,Northwest RS - Rio Grande,"Hamburg, Germany",19.91,32,51.91,475.64,527.55,2021Q1,,,j7xv-dz9h,Transportation and Landed Costs of Brazilian Soybeans to China and Germany
2021-03-31T00:00:00.000,2021,1,soybeans,North MT - Santos by truck,"Hamburg, Germany",60.94,31.25,92.19,463.1,555.29,2021Q1,,,j7xv-dz9h,Transportation and Landed Costs of Brazilian Soybeans to China and Germany
2021-03-31T00:00:00.000,2021,1,soybeans,North MT - Santos by rail,"Hamburg, Germany",22.18,31.25,84.38,463.1,547.47,2021Q1,30.95,,j7xv-dz9h,Transportation and Landed Costs of Brazilian Soybeans to China and Germany
2021-03-31T00:00:00.000,2021,1,soybeans,North MT - Santarem,"Hamburg, Germany",40.01,28.65,68.66,463.1,531.75,2021Q1,,,j7xv-dz9h,Transportation and Landed Costs of Brazilian Soybeans to China and Germany
2021-03-31T00:00:00.000,2021,1,soybeans,North MT - Paranagua,"Hamburg, Germany",58.57,31,89.57,463.1,552.67,2021Q1,,,j7xv-dz9h,Transportation and Landed Costs of Brazilian Soybeans to China and Germany
2021-03-31T00:00:00.000,2021,1,soybeans,North MT - Barcarena,"Hamburg, Germany",34.86,28.1,76.28,463.1,539.37,2021Q1,,13.32,j7xv-dz9h,Transportation and Landed Costs of Brazilian Soybeans to China and Germany
2020-12-31T00:00:00.000,2020,4,soybeans,Southwest PI - Sao Luis,"Shanghai, China",24.94,35.67,60.61,436.03,496.64,2020Q4,,,j7xv-dz9h,Transportation and Landed Costs of Brazilian Soybeans to China and Germany
2020-12-31T00:00:00.000,2020,4,soybeans,South MA - Sao Luis,"Shanghai, China",23.82,35.67,59.49,458.37,517.86,2020Q4,,,j7xv-dz9h,Transportation and Landed Costs of Brazilian Soybeans to China and Germany
2020-12-31T00:00:00.000,2020,4,soybeans,Northwest RS - Rio Grande,"Shanghai, China",16.16,33.17,49.33,453.49,502.82,2020Q4,,,j7xv-dz9h,Transportation and Landed Costs of Brazilian Soybeans to China and Germany
2020-12-31T00:00:00.000,2020,4,soybeans,North MT - Santos by truck,"Shanghai, China",54.2,31.67,85.87,490.89,576.76,2020Q4,,,j7xv-dz9h,Transportation and Landed Costs of Brazilian Soybeans to China and Germany
2020-12-31T00:00:00.000,2020,4,soybeans,North MT - Santos by rail,"Shanghai, China",17.8,31.67,78.67,490.89,569.57,2020Q4,29.2,,j7xv-dz9h,Transportation and Landed Costs of Brazilian Soybeans to China and Germany
2020-12-31T00:00:00.000,2020,4,soybeans,North MT - Santarem,"Shanghai, China",33.44,35.21,68.65,490.89,559.54,2020Q4,,,j7xv-dz9h,Transportation and Landed Costs of Brazilian Soybeans to China and Germany
2020-12-31T00:00:00.000,2020,4,soybeans,North MT - Paranagua,"Shanghai, China",53.74,33.42,87.16,490.89,578.05,2020Q4,,,j7xv-dz9h,Transportation and Landed Costs of Brazilian Soybeans to China and Germany
2020-12-31T00:00:00.000,2020,4,soybeans,North MT - Barcarena,"Shanghai, China",25.6,36.67,73.24,490.89,564.14,2020Q4,,10.97,j7xv-dz9h,Transportation and Landed Costs of Brazilian Soybeans to China and Germany
2020-12-31T00:00:00.000,2020,4,soybeans,Southwest PI - Sao Luis,"Hamburg, Germany",24.94,26.3,51.24,436.03,487.27,2020Q4,,,j7xv-dz9h,Transportation and Landed Costs of Brazilian Soybeans to China and Germany
2020-12-31T00:00:00.000,2020,4,soybeans,South MA - Sao Luis,"Hamburg, Germany",23.82,26.3,50.12,458.37,508.49,2020Q4,,,j7xv-dz9h,Transportation and Landed Costs of Brazilian Soybeans to China and Germany
2020-12-31T00:00:00.000,2020,4,soybeans,Northwest RS - Rio Grande,"Hamburg, Germany",16.16,25.75,41.91,453.49,495.4,2020Q4,,,j7xv-dz9h,Transportation and Landed Costs of Brazilian Soybeans to China and Germany
2020-12-31T00:00:00.000,2020,4,soybeans,North MT - Santos by truck,"Hamburg, Germany",54.2,25.25,79.45,490.89,570.34,2020Q4,,,j7xv-dz9h,Transportation and Landed Costs of Brazilian Soybeans to China and Germany
2020-12-31T00:00:00.000,2020,4,soybeans,North MT - Santos by rail,"Hamburg, Germany",17.8,25.25,72.25,490.89,563.15,2020Q4,29.2,,j7xv-dz9h,Transportation and Landed Costs of Brazilian Soybeans to China and Germany
2020-12-31T00:00:00.000,2020,4,soybeans,North MT - Santarem,"Hamburg, Germany",33.44,22,55.44,490.89,546.33,2020Q4,,,j7xv-dz9h,Transportation and Landed Costs of Brazilian Soybeans to China and Germany
2020-12-31T00:00:00.000,2020,4,soybeans,North MT - Paranagua,"Hamburg, Germany",53.74,25.35,79.09,490.89,569.98,2020Q4,,,j7xv-dz9h,Transportation and Landed Costs of Brazilian Soybeans to China and Germany
2020-12-31T00:00:00.000,2020,4,soybeans,North MT - Barcarena,"Hamburg, Germany",25.6,21.75,58.32,490.89,549.22,2020Q4,,10.97,j7xv-dz9h,Transportation and Landed Costs of Brazilian Soybeans to China and Germany
2020-09-30T00:00:00.000,2020,3,soybeans,Southwest PI - Sao Luis,"Shanghai, China",31.84,35.33,67.17,344.92,412.1,2020Q3,,,j7xv-dz9h,Transportation and Landed Costs of Brazilian Soybeans to China and Germany
2020-09-30T00:00:00.000,2020,3,soybeans,South MA - Sao Luis,"Shanghai, China",27.62,35.33,62.95,359.63,422.58,2020Q3,,,j7xv-dz9h,Transportation and Landed Costs of Brazilian Soybeans to China and Germany
2020-09-30T00:00:00.000,2020,3,soybeans,Northwest RS - Rio Grande,"Shanghai, China",18.84,32.83,51.67,367.58,419.26,2020Q3,,,j7xv-dz9h,Transportation and Landed Costs of Brazilian Soybeans to China and Germany
2020-09-30T00:00:00.000,2020,3,soybeans,North MT - Santos by truck,"Shanghai, China",60.52,31.33,91.85,367.89,459.74,2020Q3,,,j7xv-dz9h,Transportation and Landed Costs of Brazilian Soybeans to China and Germany
2020-09-30T00:00:00.000,2020,3,soybeans,North MT - Santos by rail,"Shanghai, China",21.47,31.33,83.82,367.89,451.71,2020Q3,31.02,,j7xv-dz9h,Transportation and Landed Costs of Brazilian Soybeans to China and Germany
2020-09-30T00:00:00.000,2020,3,soybeans,North MT - Santarem,"Shanghai, China",41.03,34.83,75.86,367.89,443.75,2020Q3,,,j7xv-dz9h,Transportation and Landed Costs of Brazilian Soybeans to China and Germany
2020-09-30T00:00:00.000,2020,3,soybeans,North MT - Paranagua,"Shanghai, China",60.22,32.83,93.05,367.89,460.94,2020Q3,,,j7xv-dz9h,Transportation and Landed Costs of Brazilian Soybeans to China and Germany
2020-09-30T00:00:00.000,2020,3,soybeans,North MT - Barcarena,"Shanghai, China",30.89,36.33,81.67,367.89,449.56,2020Q3,,14.45,j7xv-dz9h,Transportation and Landed Costs of Brazilian Soybeans to China and Germany
2020-09-30T00:00:00.000,2020,3,soybeans,Southwest PI - Sao Luis,"Hamburg, Germany",31.84,25,56.84,344.92,401.77,2020Q3,,,j7xv-dz9h,Transportation and Landed Costs of Brazilian Soybeans to China and Germany
2020-09-30T00:00:00.000,2020,3,soybeans,South MA - Sao Luis,"Hamburg, Germany",27.62,25,52.62,359.63,412.25,2020Q3,,,j7xv-dz9h,Transportation and Landed Costs of Brazilian Soybeans to China and Germany
2020-09-30T00:00:00.000,2020,3,soybeans,Northwest RS - Rio Grande,"Hamburg, Germany",18.84,24.5,43.34,367.58,410.95,2020Q3,,,j7xv-dz9h,Transportation and Landed Costs of Brazilian Soybeans to China and Germany
2020-09-30T00:00:00.000,2020,3,soybeans,North MT - Santos by truck,"Hamburg, Germany",60.52,24,84.52,367.89,452.41,2020Q3,,,j7xv-dz9h,Transportation and Landed Costs of Brazilian Soybeans to China and Germany
2020-09-30T00:00:00.000,2020,3,soybeans,North MT - Santos by rail,"Hamburg, Germany",21.47,24,76.49,367.89,444.38,2020Q3,31.02,,j7xv-dz9h,Transportation and Landed Costs of Brazilian Soybeans to China and Germany
2020-09-30T00:00:00.000,2020,3,soybeans,North MT - Santarem,"Hamburg, Germany",41.03,20.75,61.78,367.89,429.67,2020Q3,,,j7xv-dz9h,Transportation and Landed Costs of Brazilian Soybeans to China and Germany
2020-09-30T00:00:00.000,2020,3,soybeans,North MT - Paranagua,"Hamburg, Germany",60.22,25,85.22,367.89,455.11,2020Q3,,,j7xv-dz9h,Transportation and Landed Costs of Brazilian Soybeans to China and Germany
2020-09-30T00:00:00.000,2020,3,soybeans,North MT - Barcarena,"Hamburg, Germany",30.89,20.5,65.84,367.89,433.73,2020Q3,,14.45,j7xv-dz9h,Transportation and Landed Costs of Brazilian Soybeans to China and Germany
2020-06-30T00:00:00.000,2020,2,soybeans,Southwest PI - Sao Luis,"Shanghai, China",29.98,28.33,58.31,286.59,344.9,2020Q2,,,j7xv-dz9h,Transportation and Landed Costs of Brazilian Soybeans to China and Germany
2020-06-30T00:00:00.000,2020,2,soybeans,South MA - Sao Luis,"Shanghai, China",27.02,28.33,55.35,294.95,350.31,2020Q2,,,j7xv-dz9h,Transportation and Landed Costs of Brazilian Soybeans to China and Germany
2020-06-30T00:00:00.000,2020,2,soybeans,Northwest RS - Rio Grande,"Shanghai, China",19.03,28.58,47.61,297.17,344.78,2020Q2,,,j7xv-dz9h,Transportation and Landed Costs of Brazilian Soybeans to China and Germany
2020-06-30T00:00:00.000,2020,2,soybeans,North MT - Santos by truck,"Shanghai, China",59.53,27.08,86.61,287.53,374.13,2020Q2,,,j7xv-dz9h,Transportation and Landed Costs of Brazilian Soybeans to China and Germany
2020-06-30T00:00:00.000,2020,2,soybeans,North MT - Santos by rail,"Shanghai, China",21.82,27.08,79.48,287.53,367,2020Q2,30.58,,j7xv-dz9h,Transportation and Landed Costs of Brazilian Soybeans to China and Germany
2020-06-30T00:00:00.000,2020,2,soybeans,North MT - Santarem,"Shanghai, China",38.23,28.08,66.31,287.53,353.84,2020Q2,,,j7xv-dz9h,Transportation and Landed Costs of Brazilian Soybeans to China and Germany
2020-06-30T00:00:00.000,2020,2,soybeans,North MT - Paranagua,"Shanghai, China",58.03,28.83,86.86,287.53,374.39,2020Q2,,,j7xv-dz9h,Transportation and Landed Costs of Brazilian Soybeans to China and Germany
2020-06-30T00:00:00.000,2020,2,soybeans,North MT - Barcarena,"Shanghai, China",33.27,28.33,75.96,287.53,363.48,2020Q2,,14.36,j7xv-dz9h,Transportation and Landed Costs of Brazilian Soybeans to China and Germany
2020-06-30T00:00:00.000,2020,2,soybeans,Southwest PI - Sao Luis,"Hamburg, Germany",29.98,17.5,47.48,286.59,334.07,2020Q2,,,j7xv-dz9h,Transportation and Landed Costs of Brazilian Soybeans to China and Germany
2020-06-30T00:00:00.000,2020,2,soybeans,South MA - Sao Luis,"Hamburg, Germany",27.02,17.5,44.52,294.95,339.48,2020Q2,,,j7xv-dz9h,Transportation and Landed Costs of Brazilian Soybeans to China and Germany
2020-06-30T00:00:00.000,2020,2,soybeans,Northwest RS - Rio Grande,"Hamburg, Germany",19.03,20.75,39.78,297.17,336.95,2020Q2,,,j7xv-dz9h,Transportation and Landed Costs of Brazilian Soybeans to China and Germany
2020-06-30T00:00:00.000,2020,2,soybeans,North MT - Santos by truck,"Hamburg, Germany",59.53,20.5,80.03,287.53,367.55,2020Q2,,,j7xv-dz9h,Transportation and Landed Costs of Brazilian Soybeans to China and Germany
2020-06-30T00:00:00.000,2020,2,soybeans,North MT - Santos by rail,"Hamburg, Germany",21.82,20.5,72.9,287.53,360.42,2020Q2,30.58,,j7xv-dz9h,Transportation and Landed Costs of Brazilian Soybeans to China and Germany
2020-06-30T00:00:00.000,2020,2,soybeans,North MT - Santarem,"Hamburg, Germany",38.23,16,54.23,287.53,341.76,2020Q2,,,j7xv-dz9h,Transportation and Landed Costs of Brazilian Soybeans to China and Germany
2020-06-30T00:00:00.000,2020,2,soybeans,North MT - Paranagua,"Hamburg, Germany",58.03,21.5,79.53,287.53,367.06,2020Q2,,,j7xv-dz9h,Transportation and Landed Costs of Brazilian Soybeans to China and Germany
2020-06-30T00:00:00.000,2020,2,soybeans,North MT - Barcarena,"Hamburg, Germany",33.27,15,62.63,287.53,350.15,2020Q2,,14.36,j7xv-dz9h,Transportation and Landed Costs of Brazilian Soybeans to China and Germany
2020-03-31T00:00:00.000,2020,1,soybeans,Southwest PI - Sao Luis,"Shanghai, China",32.49,36.75,69.24,302.03,371.27,2020Q1,,,j7xv-dz9h,Transportation and Landed Costs of Brazilian Soybeans to China and Germany
2020-03-31T00:00:00.000,2020,1,soybeans,South MA - Sao Luis,"Shanghai, China",28.86,36.75,65.61,300.23,365.83,2020Q1,,,j7xv-dz9h,Transportation and Landed Costs of Brazilian Soybeans to China and Germany
2020-03-31T00:00:00.000,2020,1,soybeans,Northwest RS - Rio Grande,"Shanghai, China",22.92,37,59.92,300.04,359.97,2020Q1,,,j7xv-dz9h,Transportation and Landed Costs of Brazilian Soybeans to China and Germany
2020-03-31T00:00:00.000,2020,1,soybeans,North MT - Santos by truck,"Shanghai, China",68.33,35.5,103.83,282.59,386.43,2020Q1,,,j7xv-dz9h,Transportation and Landed Costs of Brazilian Soybeans to China and Germany
2020-03-31T00:00:00.000,2020,1,soybeans,North MT - Santos by rail,"Shanghai, China",24.79,35.5,98.02,282.59,380.61,2020Q1,37.73,,j7xv-dz9h,Transportation and Landed Costs of Brazilian Soybeans to China and Germany
2020-03-31T00:00:00.000,2020,1,soybeans,North MT - Santarem,"Shanghai, China",44.1,36.5,80.6,282.59,363.2,2020Q1,,,j7xv-dz9h,Transportation and Landed Costs of Brazilian Soybeans to China and Germany
2020-03-31T00:00:00.000,2020,1,soybeans,North MT - Paranagua,"Shanghai, China",67.48,37.25,104.73,282.59,387.32,2020Q1,,,j7xv-dz9h,Transportation and Landed Costs of Brazilian Soybeans to China and Germany
2020-03-31T00:00:00.000,2020,1,soybeans,North MT - Barcarena,"Shanghai, China",37.11,38.5,92.03,282.59,374.62,2020Q1,,16.42,j7xv-dz9h,Transportation and Landed Costs of Brazilian Soybeans to China and Germany
2020-03-31T00:00:00.000,2020,1,soybeans,Southwest PI - Sao Luis,"Hamburg, Germany",32.49,22.25,54.74,302.03,356.77,2020Q1,,,j7xv-dz9h,Transportation and Landed Costs of Brazilian Soybeans to China and Germany
2020-03-31T00:00:00.000,2020,1,soybeans,South MA - Sao Luis,"Hamburg, Germany",28.86,22.25,51.11,300.23,351.33,2020Q1,,,j7xv-dz9h,Transportation and Landed Costs of Brazilian Soybeans to China and Germany
2020-03-31T00:00:00.000,2020,1,soybeans,Northwest RS - Rio Grande,"Hamburg, Germany",22.92,29.5,52.42,300.04,352.47,2020Q1,,,j7xv-dz9h,Transportation and Landed Costs of Brazilian Soybeans to China and Germany
2020-03-31T00:00:00.000,2020,1,soybeans,North MT - Santos,"Hamburg, Germany",68.33,29.25,97.58,282.59,380.18,2020Q1,,,j7xv-dz9h,Transportation and Landed Costs of Brazilian Soybeans to China and Germany
2020-03-31T00:00:00.000,2020,1,soybeans,North MT - Santos,"Hamburg, Germany",24.79,29.25,91.77,282.59,374.36,2020Q1,37.73,,j7xv-dz9h,Transportation and Landed Costs of Brazilian Soybeans to China and Germany
2020-03-31T00:00:00.000,2020,1,soybeans,North MT - Santarem,"Hamburg, Germany",44.1,25,69.1,282.59,351.7,2020Q1,,,j7xv-dz9h,Transportation and Landed Costs of Brazilian Soybeans to China and Germany
2020-03-31T00:00:00.000,2020,1,soybeans,North MT - Paranagua,"Hamburg, Germany",67.48,30,97.48,282.59,380.07,2020Q1,,,j7xv-dz9h,Transportation and Landed Costs of Brazilian Soybeans to China and Germany
2020-03-31T00:00:00.000,2020,1,soybeans,North MT - Barcarena,"Hamburg, Germany",37.11,24,77.53,282.59,360.12,2020Q1,,16.42,j7xv-dz9h,Transportation and Landed Costs of Brazilian Soybeans to China and Germany
2019-12-31T00:00:00.000,2019,4,soybeans,Southwest PI - Sao Luis,"Shanghai, China",32.28,39.42,71.7,316.88,388.58,2019Q4,,,j7xv-dz9h,Transportation and Landed Costs of Brazilian Soybeans to China and Germany
2019-12-31T00:00:00.000,2019,4,soybeans,South MA - Sao Luis,"Shanghai, China",26.89,39.42,66.31,310.87,377.18,2019Q4,,,j7xv-dz9h,Transportation and Landed Costs of Brazilian Soybeans to China and Germany
2019-12-31T00:00:00.000,2019,4,soybeans,Northwest RS - Rio Grande,"Shanghai, China",22.5,39.67,62.17,314.81,376.98,2019Q4,,,j7xv-dz9h,Transportation and Landed Costs of Brazilian Soybeans to China and Germany
2019-12-31T00:00:00.000,2019,4,soybeans,North MT - Santos by truck and rail,"Shanghai, China",24.07,38.17,101.53,307.47,409,2019Q4,39.28,,j7xv-dz9h,Transportation and Landed Costs of Brazilian Soybeans to China and Germany
2019-12-31T00:00:00.000,2019,4,soybeans,North MT - Santos by truck,"Shanghai, China",72.86,38.17,111.03,307.47,418.5,2019Q4,,,j7xv-dz9h,Transportation and Landed Costs of Brazilian Soybeans to China and Germany
2019-12-31T00:00:00.000,2019,4,soybeans,North MT - Santarem,"Shanghai, China",45.74,39.17,84.91,307.47,392.39,2019Q4,,,j7xv-dz9h,Transportation and Landed Costs of Brazilian Soybeans to China and Germany
2019-12-31T00:00:00.000,2019,4,soybeans,North MT - Paranagua,"Shanghai, China",71.77,39.5,111.27,307.47,418.74,2019Q4,,,j7xv-dz9h,Transportation and Landed Costs of Brazilian Soybeans to China and Germany
2019-12-31T00:00:00.000,2019,4,soybeans,North MT - Barcarena,"Shanghai, China",37.43,39.42,93.64,307.47,401.11,2019Q4,,16.79,j7xv-dz9h,Transportation and Landed Costs of Brazilian Soybeans to China and Germany
2019-12-31T00:00:00.000,2019,4,soybeans,Southwest PI - Sao Luis,"Hamburg, Germany",32.28,23.5,55.78,316.88,372.66,2019Q4,,,j7xv-dz9h,Transportation and Landed Costs of Brazilian Soybeans to China and Germany
2019-12-31T00:00:00.000,2019,4,soybeans,South MA - Sao Luis,"Hamburg, Germany",26.89,23.5,50.39,310.87,361.26,2019Q4,,,j7xv-dz9h,Transportation and Landed Costs of Brazilian Soybeans to China and Germany
2019-12-31T00:00:00.000,2019,4,soybeans,Northwest RS - Rio Grande,"Hamburg, Germany",22.5,31.25,53.75,314.81,368.56,2019Q4,,,j7xv-dz9h,Transportation and Landed Costs of Brazilian Soybeans to China and Germany
2019-12-31T00:00:00.000,2019,4,soybeans,North MT - Santos by truck and rail,"Hamburg, Germany",24.07,31,94.36,307.47,401.83,2019Q4,39.28,,j7xv-dz9h,Transportation and Landed Costs of Brazilian Soybeans to China and Germany
2019-12-31T00:00:00.000,2019,4,soybeans,North MT - Santos by truck,"Hamburg, Germany",72.86,31,103.86,307.47,411.33,2019Q4,,,j7xv-dz9h,Transportation and Landed Costs of Brazilian Soybeans to China and Germany
2019-12-31T00:00:00.000,2019,4,soybeans,North MT - Santarem,"Hamburg, Germany",45.74,26.5,72.24,307.47,379.72,2019Q4,,,j7xv-dz9h,Transportation and Landed Costs of Brazilian Soybeans to China and Germany
2019-12-31T00:00:00.000,2019,4,soybeans,North MT - Paranagua,"Hamburg, Germany",71.77,30.75,102.52,307.47,409.99,2019Q4,,,j7xv-dz9h,Transportation and Landed Costs of Brazilian Soybeans to China and Germany
2019-12-31T00:00:00.000,2019,4,soybeans,North MT - Barcarena,"Hamburg, Germany",37.43,24.25,78.47,307.47,385.94,2019Q4,,16.79,j7xv-dz9h,Transportation and Landed Costs of Brazilian Soybeans to China and Germany
2019-09-30T00:00:00.000,2019,3,soybeans,Southwest PI - Sao Luis,"Shanghai, China",41.42,38.25,79.67,288.35,368.03,2019Q3,,,j7xv-dz9h,Transportation and Landed Costs of Brazilian Soybeans to China and Germany
2019-09-30T00:00:00.000,2019,3,soybeans,South MA - Sao Luis,"Shanghai, China",36.22,38.25,74.47,300.2,374.67,2019Q3,,,j7xv-dz9h,Transportation and Landed Costs of Brazilian Soybeans to China and Germany
2019-09-30T00:00:00.000,2019,3,soybeans,Northwest RS - Rio Grande,"Shanghai, China",26.82,34.25,61.07,304.2,365.27,2019Q3,,,j7xv-dz9h,Transportation and Landed Costs of Brazilian Soybeans to China and Germany
2019-09-30T00:00:00.000,2019,3,soybeans,North MT - Santos by truck and rail,"Shanghai, China",30.03,33.25,111.25,286.87,398.19,2019Q3,48.04,,j7xv-dz9h,Transportation and Landed Costs of Brazilian Soybeans to China and Germany
2019-09-30T00:00:00.000,2019,3,soybeans,North MT - Santos by truck,"Shanghai, China",88.37,33.25,121.62,286.87,408.48,2019Q3,,,j7xv-dz9h,Transportation and Landed Costs of Brazilian Soybeans to China and Germany
2019-09-30T00:00:00.000,2019,3,soybeans,North MT - Santarem,"Shanghai, China",55.66,38.25,93.91,286.87,380.78,2019Q3,,,j7xv-dz9h,Transportation and Landed Costs of Brazilian Soybeans to China and Germany
2019-09-30T00:00:00.000,2019,3,soybeans,North MT - Paranagua,"Shanghai, China",87.49,34.75,122.24,286.87,409.1,2019Q3,,,j7xv-dz9h,Transportation and Landed Costs of Brazilian Soybeans to China and Germany
2019-09-30T00:00:00.000,2019,3,soybeans,North MT - Barcarena,"Shanghai, China",49.49,38.25,108.37,286.87,395.24,2019Q3,,20.63,j7xv-dz9h,Transportation and Landed Costs of Brazilian Soybeans to China and Germany
2019-09-30T00:00:00.000,2019,3,soybeans,Southwest PI - Sao Luis,"Hamburg, Germany",41.42,22.77,64.19,288.35,352.55,2019Q3,,,j7xv-dz9h,Transportation and Landed Costs of Brazilian Soybeans to China and Germany
2019-09-30T00:00:00.000,2019,3,soybeans,South MA - Sao Luis,"Hamburg, Germany",36.22,22.77,58.99,300.2,359.19,2019Q3,,,j7xv-dz9h,Transportation and Landed Costs of Brazilian Soybeans to China and Germany
2019-09-30T00:00:00.000,2019,3,soybeans,Northwest RS - Rio Grande,"Hamburg, Germany",26.82,27,53.82,304.2,358.02,2019Q3,,,j7xv-dz9h,Transportation and Landed Costs of Brazilian Soybeans to China and Germany
2019-09-30T00:00:00.000,2019,3,soybeans,North MT - Santos by truck and rail,"Hamburg, Germany",30.03,27,105.07,286.87,391.94,2019Q3,48.04,,j7xv-dz9h,Transportation and Landed Costs of Brazilian Soybeans to China and Germany
2019-09-30T00:00:00.000,2019,3,soybeans,North MT - Santos by truck,"Hamburg, Germany",88.37,27,115.37,286.87,402.23,2019Q3,,,j7xv-dz9h,Transportation and Landed Costs of Brazilian Soybeans to China and Germany
2019-09-30T00:00:00.000,2019,3,soybeans,North MT - Santarem,"Hamburg, Germany",55.66,25.92,81.58,286.87,368.45,2019Q3,,,j7xv-dz9h,Transportation and Landed Costs of Brazilian Soybeans to China and Germany
2019-09-30T00:00:00.000,2019,3,soybeans,North MT - Paranagua,"Hamburg, Germany",87.49,27,114.49,286.87,401.35,2019Q3,,,j7xv-dz9h,Transportation and Landed Costs of Brazilian Soybeans to China and Germany
2019-09-30T00:00:00.000,2019,3,soybeans,North MT - Barcarena,"Hamburg, Germany",49.49,23.52,93.64,286.87,380.51,2019Q3,,20.63,j7xv-dz9h,Transportation and Landed Costs of Brazilian Soybeans to China and Germany
2019-06-30T00:00:00.000,2019,2,soybeans,Southwest PI - Sao Luis,"Shanghai, China",38.41,30.58,68.99,285.28,354.27,2019Q2,,,j7xv-dz9h,Transportation and Landed Costs of Brazilian Soybeans to China and Germany
2019-06-30T00:00:00.000,2019,2,soybeans,South MA - Sao Luis,"Shanghai, China",31.8,30.58,62.38,278.7,341.08,2019Q2,,,j7xv-dz9h,Transportation and Landed Costs of Brazilian Soybeans to China and Germany
2019-06-30T00:00:00.000,2019,2,soybeans,Northwest RS - Rio Grande,"Shanghai, China",24.86,30.25,55.11,294.72,349.83,2019Q2,,,j7xv-dz9h,Transportation and Landed Costs of Brazilian Soybeans to China and Germany
2019-06-30T00:00:00.000,2019,2,soybeans,North MT - Santos by truck and rail,"Shanghai, China",26.49,30.92,88.8,271.7,369.5,2019Q2,31.39,,j7xv-dz9h,Transportation and Landed Costs of Brazilian Soybeans to China and Germany
2019-06-30T00:00:00.000,2019,2,soybeans,North MT - Santos by truck,"Shanghai, China",73.96,30.92,104.88,271.7,376.58,2019Q2,,,j7xv-dz9h,Transportation and Landed Costs of Brazilian Soybeans to China and Germany
2019-06-30T00:00:00.000,2019,2,soybeans,North MT - Santarem,"Shanghai, China",47.34,30.58,77.92,271.7,349.62,2019Q2,,,j7xv-dz9h,Transportation and Landed Costs of Brazilian Soybeans to China and Germany
2019-06-30T00:00:00.000,2019,2,soybeans,North MT - Paranagua,"Shanghai, China",72.82,31.42,104.24,271.7,375.94,2019Q2,,,j7xv-dz9h,Transportation and Landed Costs of Brazilian Soybeans to China and Germany
2019-06-30T00:00:00.000,2019,2,soybeans,North MT - Barcarena,"Shanghai, China",45.66,29.92,93.89,271.7,365.59,2019Q2,,18.3,j7xv-dz9h,Transportation and Landed Costs of Brazilian Soybeans to China and Germany
2019-06-30T00:00:00.000,2019,2,soybeans,Southwest PI - Sao Luis,"Hamburg, Germany",38.41,17.1,55.51,285.28,340.79,2019Q2,,,j7xv-dz9h,Transportation and Landed Costs of Brazilian Soybeans to China and Germany
2019-06-30T00:00:00.000,2019,2,soybeans,South MA - Sao Luis,"Hamburg, Germany",31.8,17.1,48.9,278.7,327.6,2019Q2,,,j7xv-dz9h,Transportation and Landed Costs of Brazilian Soybeans to China and Germany
2019-06-30T00:00:00.000,2019,2,soybeans,Northwest RS - Rio Grande,"Hamburg, Germany",24.86,21.25,46.11,294.72,340.83,2019Q2,,,j7xv-dz9h,Transportation and Landed Costs of Brazilian Soybeans to China and Germany
2019-06-30T00:00:00.000,2019,2,soybeans,North MT - Santos by truck and rail,"Hamburg, Germany",26.49,21.5,79.38,271.7,351.08,2019Q2,31.39,,j7xv-dz9h,Transportation and Landed Costs of Brazilian Soybeans to China and Germany
2019-06-30T00:00:00.000,2019,2,soybeans,North MT - Santos by truck,"Hamburg, Germany",73.96,21.5,95.46,271.7,367.16,2019Q2,,,j7xv-dz9h,Transportation and Landed Costs of Brazilian Soybeans to China and Germany
2019-06-30T00:00:00.000,2019,2,soybeans,North MT - Santarem,"Hamburg, Germany",47.34,20.25,67.59,271.7,339.29,2019Q2,,,j7xv-dz9h,Transportation and Landed Costs of Brazilian Soybeans to China and Germany
2019-06-30T00:00:00.000,2019,2,soybeans,North MT - Paranagua,"Hamburg, Germany",72.82,21.25,94.07,271.7,365.77,2019Q2,,,j7xv-dz9h,Transportation and Landed Costs of Brazilian Soybeans to China and Germany
2019-06-30T00:00:00.000,2019,2,soybeans,North MT - Barcarena,"Hamburg, Germany",45.66,17.85,81.82,271.7,353.52,2019Q2,,18.3,j7xv-dz9h,Transportation and Landed Costs of Brazilian Soybeans to China and Germany
2019-03-31T00:00:00.000,2019,1,soybeans,Southwest PI - Sao Luis,"Shanghai, China",45.24,31,76.24,292.96,369.2,2019Q1,,,j7xv-dz9h,Transportation and Landed Costs of Brazilian Soybeans to China and Germany
2019-03-31T00:00:00.000,2019,1,soybeans,South MA - Sao Luis,"Shanghai, China",37.04,31,68.04,298.43,366.47,2019Q1,,,j7xv-dz9h,Transportation and Landed Costs of Brazilian Soybeans to China and Germany
2019-03-31T00:00:00.000,2019,1,soybeans,Northwest RS - Rio Grande,"Shanghai, China",26.05,31.58,57.63,308.52,366.2,2019Q1,,,j7xv-dz9h,Transportation and Landed Costs of Brazilian Soybeans to China and Germany
2019-03-31T00:00:00.000,2019,1,soybeans,North MT - Santos by truck and rail,"Shanghai, China",29.89,32.25,103.36,275.38,378.73,2019Q1,41.21,,j7xv-dz9h,Transportation and Landed Costs of Brazilian Soybeans to China and Germany
2019-03-31T00:00:00.000,2019,1,soybeans,North MT - Santos by truck,"Shanghai, China",81.92,32.25,114.17,275.38,389.54,2019Q1,,,j7xv-dz9h,Transportation and Landed Costs of Brazilian Soybeans to China and Germany
2019-03-31T00:00:00.000,2019,1,soybeans,North MT - Santarem,"Shanghai, China",59.4,32.25,91.65,275.38,367.03,2019Q1,,,j7xv-dz9h,Transportation and Landed Costs of Brazilian Soybeans to China and Germany
2019-03-31T00:00:00.000,2019,1,soybeans,North MT - Paranagua,"Shanghai, China",71.05,33.75,104.8,275.38,380.18,2019Q1,,,j7xv-dz9h,Transportation and Landed Costs of Brazilian Soybeans to China and Germany
2019-03-31T00:00:00.000,2019,1,soybeans,North MT - Barcarena,"Shanghai, China",53.99,32.25,105.9,275.38,381.28,2019Q1,,19.66,j7xv-dz9h,Transportation and Landed Costs of Brazilian Soybeans to China and Germany
2019-03-31T00:00:00.000,2019,1,soybeans,Southwest PI - Sao Luis,"Hamburg, Germany",45.24,18,63.24,292.96,356.2,2019Q1,,,j7xv-dz9h,Transportation and Landed Costs of Brazilian Soybeans to China and Germany
2019-03-31T00:00:00.000,2019,1,soybeans,South MA - Sao Luis,"Hamburg, Germany",37.04,18,55.04,298.43,353.47,2019Q1,,,j7xv-dz9h,Transportation and Landed Costs of Brazilian Soybeans to China and Germany
2019-03-31T00:00:00.000,2019,1,soybeans,Northwest RS - Rio Grande,"Hamburg, Germany",26.05,23,49.05,308.52,357.57,2019Q1,,,j7xv-dz9h,Transportation and Landed Costs of Brazilian Soybeans to China and Germany
2019-03-31T00:00:00.000,2019,1,soybeans,North MT - Santos by truck and rail,"Hamburg, Germany",29.89,23,94.11,275.38,369.48,2019Q1,41.21,,j7xv-dz9h,Transportation and Landed Costs of Brazilian Soybeans to China and Germany
2019-03-31T00:00:00.000,2019,1,soybeans,North MT - Santos by truck,"Hamburg, Germany",81.92,23,104.92,275.38,380.29,2019Q1,,,j7xv-dz9h,Transportation and Landed Costs of Brazilian Soybeans to China and Germany
2019-03-31T00:00:00.000,2019,1,soybeans,North MT - Santarem,"Hamburg, Germany",59.4,21,80.4,275.38,355.78,2019Q1,,,j7xv-dz9h,Transportation and Landed Costs of Brazilian Soybeans to China and Germany
2019-03-31T00:00:00.000,2019,1,soybeans,North MT - Paranagua,"Hamburg, Germany",71.05,23,94.05,275.38,369.43,2019Q1,,,j7xv-dz9h,Transportation and Landed Costs of Brazilian Soybeans to China and Germany
2019-03-31T00:00:00.000,2019,1,soybeans,North MT - Barcarena,"Hamburg, Germany",53.99,19,92.65,275.38,368.03,2019Q1,,19.66,j7xv-dz9h,Transportation and Landed Costs of Brazilian Soybeans to China and Germany
2018-12-31T00:00:00.000,2018,4,soybeans,Southwest PI - Sao Luis,"Shanghai, China",46.52,33.89,80.41,306.26,386.67,2018Q4,,,j7xv-dz9h,Transportation and Landed Costs of Brazilian Soybeans to China and Germany
2018-12-31T00:00:00.000,2018,4,soybeans,South MA - Sao Luis,"Shanghai, China",37.6,33.89,71.48,333.03,404.51,2018Q4,,,j7xv-dz9h,Transportation and Landed Costs of Brazilian Soybeans to China and Germany
2018-12-31T00:00:00.000,2018,4,soybeans,South GO - Santos,"Shanghai, China",43.25,30.31,73.56,312.31,385.88,2018Q4,,,j7xv-dz9h,Transportation and Landed Costs of Brazilian Soybeans to China and Germany
2018-12-31T00:00:00.000,2018,4,soybeans,Northwest RS - Rio Grande,"Shanghai, China",29.2,31.06,60.27,333.21,393.48,2018Q4,,,j7xv-dz9h,Transportation and Landed Costs of Brazilian Soybeans to China and Germany
2018-12-31T00:00:00.000,2018,4,soybeans,North MT - Santos by rail,"Shanghai, China",33.49,30.31,107.1,306.03,413.13,2018Q4,43.29,,j7xv-dz9h,Transportation and Landed Costs of Brazilian Soybeans to China and Germany
2018-12-31T00:00:00.000,2018,4,soybeans,North MT - Santos,"Shanghai, China",91.76,30.31,122.08,306.03,428.11,2018Q4,,,j7xv-dz9h,Transportation and Landed Costs of Brazilian Soybeans to China and Germany
2018-12-31T00:00:00.000,2018,4,soybeans,North MT - Santarem,"Shanghai, China",58.86,34.81,93.67,306.03,399.7,2018Q4,,,j7xv-dz9h,Transportation and Landed Costs of Brazilian Soybeans to China and Germany
2018-12-31T00:00:00.000,2018,4,soybeans,Southwest PI - Sao Luis,"Hamburg, Germany",46.52,19.4,65.92,306.26,372.18,2018Q4,,,j7xv-dz9h,Transportation and Landed Costs of Brazilian Soybeans to China and Germany
2018-12-31T00:00:00.000,2018,4,soybeans,South MA - Sao Luis,"Hamburg, Germany",37.6,19.4,57,333.03,390.02,2018Q4,,,j7xv-dz9h,Transportation and Landed Costs of Brazilian Soybeans to China and Germany
2018-12-31T00:00:00.000,2018,4,soybeans,South GO - Santos,"Hamburg, Germany",43.25,25.25,68.5,312.31,380.81,2018Q4,,,j7xv-dz9h,Transportation and Landed Costs of Brazilian Soybeans to China and Germany
2018-12-31T00:00:00.000,2018,4,soybeans,Northwest RS - Rio Grande,"Hamburg, Germany",29.2,26.25,55.45,333.21,388.66,2018Q4,,,j7xv-dz9h,Transportation and Landed Costs of Brazilian Soybeans to China and Germany
2018-12-31T00:00:00.000,2018,4,soybeans,North MT - Santos by rail,"Hamburg, Germany",33.49,25.25,102.03,306.03,408.07,2018Q4,43.29,,j7xv-dz9h,Transportation and Landed Costs of Brazilian Soybeans to China and Germany
2018-12-31T00:00:00.000,2018,4,soybeans,North MT - Santos,"Hamburg, Germany",91.76,25.25,117.01,306.03,423.05,2018Q4,,,j7xv-dz9h,Transportation and Landed Costs of Brazilian Soybeans to China and Germany
2018-12-31T00:00:00.000,2018,4,soybeans,North MT - Santarem,"Hamburg, Germany",58.86,23.35,82.21,306.03,388.24,2018Q4,,,j7xv-dz9h,Transportation and Landed Costs of Brazilian Soybeans to China and Germany
2018-09-30T00:00:00.000,2018,3,soybeans,Southwest PI - Sao Luis,"Shanghai, China",44.56,30.75,75.31,290.62,365.93,2018Q3,,,j7xv-dz9h,Transportation and Landed Costs of Brazilian Soybeans to China and Germany
2018-09-30T00:00:00.000,2018,3,soybeans,South MA - Sao Luis,"Shanghai, China",37.04,30.75,67.79,305.07,372.86,2018Q3,,,j7xv-dz9h,Transportation and Landed Costs of Brazilian Soybeans to China and Germany
2018-09-30T00:00:00.000,2018,3,soybeans,Northwest RS - Rio Grande,"Shanghai, China",27.79,28.25,56.04,326.13,382.17,2018Q3,,,j7xv-dz9h,Transportation and Landed Costs of Brazilian Soybeans to China and Germany
2018-09-30T00:00:00.000,2018,3,soybeans,North MT - Santos by rail,"Shanghai, China",32.31,27.75,102.84,301.39,404.23,2018Q3,42.77,,j7xv-dz9h,Transportation and Landed Costs of Brazilian Soybeans to China and Germany
2018-09-30T00:00:00.000,2018,3,soybeans,North MT - Santos,"Shanghai, China",92.79,27.75,120.54,301.39,421.93,2018Q3,,,j7xv-dz9h,Transportation and Landed Costs of Brazilian Soybeans to China and Germany
2018-09-30T00:00:00.000,2018,3,soybeans,North MT - Santarem,"Shanghai, China",58.29,31.25,89.54,301.39,390.93,2018Q3,,,j7xv-dz9h,Transportation and Landed Costs of Brazilian Soybeans to China and Germany
2018-09-30T00:00:00.000,2018,3,soybeans,North MT - Paranagua,"Shanghai, China",91.43,28.75,120.18,301.39,421.57,2018Q3,,,j7xv-dz9h,Transportation and Landed Costs of Brazilian Soybeans to China and Germany
2018-09-30T00:00:00.000,2018,3,soybeans,Southwest PI - Sao Luis,"Hamburg, Germany",44.6,18.5,63.1,290.06,353.7,2018Q3,,,j7xv-dz9h,Transportation and Landed Costs of Brazilian Soybeans to China and Germany
2018-09-30T00:00:00.000,2018,3,soybeans,South MA - Sao Luis,"Hamburg, Germany",37.04,18.5,55.54,305.07,360.61,2018Q3,,,j7xv-dz9h,Transportation and Landed Costs of Brazilian Soybeans to China and Germany
2018-09-30T00:00:00.000,2018,3,soybeans,Northwest RS - Rio Grande,"Hamburg, Germany",27.79,25,52.79,326.13,378.92,2018Q3,,,j7xv-dz9h,Transportation and Landed Costs of Brazilian Soybeans to China and Germany
2018-09-30T00:00:00.000,2018,3,soybeans,North MT - Santos by rail,"Hamburg, Germany",32.31,24,99.09,301.39,400.48,2018Q3,42.77,,j7xv-dz9h,Transportation and Landed Costs of Brazilian Soybeans to China and Germany
2018-09-30T00:00:00.000,2018,3,soybeans,North MT - Santos,"Hamburg, Germany",92.79,24,116.79,301.39,418.18,2018Q3,,,j7xv-dz9h,Transportation and Landed Costs of Brazilian Soybeans to China and Germany
2018-09-30T00:00:00.000,2018,3,soybeans,North MT - Santarem,"Hamburg, Germany",58.29,22.5,80.79,301.39,382.18,2018Q3,,,j7xv-dz9h,Transportation and Landed Costs of Brazilian Soybeans to China and Germany
2018-09-30T00:00:00.000,2018,3,soybeans,North MT - Paranagua,"Hamburg, Germany",91.43,25,116.43,301.39,417.82,2018Q3,,,j7xv-dz9h,Transportation and Landed Costs of Brazilian Soybeans to China and Germany
2018-06-30T00:00:00.000,2018,2,soybeans,Southwest PI - Sao Luis,"Shanghai, China",50.61,34.8,85.41,320.7,406.11,2018Q2,,,j7xv-dz9h,Transportation and Landed Costs of Brazilian Soybeans to China and Germany
2018-06-30T00:00:00.000,2018,2,soybeans,South MA - Sao Luis,"Shanghai, China",38.89,34.8,73.69,342.78,416.47,2018Q2,,,j7xv-dz9h,Transportation and Landed Costs of Brazilian Soybeans to China and Germany
2018-06-30T00:00:00.000,2018,2,soybeans,Northwest RS - Rio Grande,"Shanghai, China",31.29,31.5,62.79,343.9,406.68,2018Q2,,,j7xv-dz9h,Transportation and Landed Costs of Brazilian Soybeans to China and Germany
2018-06-30T00:00:00.000,2018,2,soybeans,North MT - Santos by rail,"Shanghai, China",32.93,31,107.82,323.46,431.28,2018Q2,43.89,,j7xv-dz9h,Transportation and Landed Costs of Brazilian Soybeans to China and Germany
2018-06-30T00:00:00.000,2018,2,soybeans,North MT - Santos,"Shanghai, China",101.44,31,132.44,323.46,455.9,2018Q2,,,j7xv-dz9h,Transportation and Landed Costs of Brazilian Soybeans to China and Germany
2018-06-30T00:00:00.000,2018,2,soybeans,North MT - Santarem,"Shanghai, China",65.07,33.5,100.57,323.46,424.03,2018Q2,,,j7xv-dz9h,Transportation and Landed Costs of Brazilian Soybeans to China and Germany
2018-06-30T00:00:00.000,2018,2,soybeans,North MT - Paranagua,"Shanghai, China",99.91,32,131.91,323.46,455.37,2018Q2,,,j7xv-dz9h,Transportation and Landed Costs of Brazilian Soybeans to China and Germany
2018-06-30T00:00:00.000,2018,2,soybeans,Southwest PI - Sao Luis,"Hamburg, Germany",50.6,19.1,69.7,320.7,390.4,2018Q2,,,j7xv-dz9h,Transportation and Landed Costs of Brazilian Soybeans to China and Germany
2018-06-30T00:00:00.000,2018,2,soybeans,South MA - Sao Luis,"Hamburg, Germany",38.89,19.1,57.99,342.78,400.77,2018Q2,,,j7xv-dz9h,Transportation and Landed Costs of Brazilian Soybeans to China and Germany
2018-06-30T00:00:00.000,2018,2,soybeans,Northwest RS - Rio Grande,"Hamburg, Germany",31.29,26,57.29,343.9,401.18,2018Q2,,,j7xv-dz9h,Transportation and Landed Costs of Brazilian Soybeans to China and Germany
2018-06-30T00:00:00.000,2018,2,soybeans,North MT - Santos by rail,"Hamburg, Germany",32.93,25,101.82,323.46,425.28,2018Q2,43.89,,j7xv-dz9h,Transportation and Landed Costs of Brazilian Soybeans to China and Germany
2018-06-30T00:00:00.000,2018,2,soybeans,North MT - Santos,"Hamburg, Germany",101.44,25,126.44,323.46,449.9,2018Q2,,,j7xv-dz9h,Transportation and Landed Costs of Brazilian Soybeans to China and Germany
2018-06-30T00:00:00.000,2018,2,soybeans,North MT - Santarem,"Hamburg, Germany",65.07,22.9,87.97,323.46,411.23,2018Q2,,,j7xv-dz9h,Transportation and Landed Costs of Brazilian Soybeans to China and Germany
2018-06-30T00:00:00.000,2018,2,soybeans,North MT - Paranagua,"Hamburg, Germany",99.91,26,125.91,323.46,449.37,2018Q2,,,j7xv-dz9h,Transportation and Landed Costs of Brazilian Soybeans to China and Germany
2018-03-31T00:00:00.000,2018,1,soybeans,Southwest PI - Sao Luis,"Shanghai, China",44.3,37,81.3,334.2,415.5,2018Q1,,,j7xv-dz9h,Transportation and Landed Costs of Brazilian Soybeans to China and Germany
2018-03-31T00:00:00.000,2018,1,soybeans,South MA - Sao Luis,"Shanghai, China",36.57,37,73.57,350.9,424.47,2018Q1,,,j7xv-dz9h,Transportation and Landed Costs of Brazilian Soybeans to China and Germany
2018-03-31T00:00:00.000,2018,1,soybeans,Northwest RS - Rio Grande,"Shanghai, China",31.51,28,59.91,334.43,393.94,2018Q1,,,j7xv-dz9h,Transportation and Landed Costs of Brazilian Soybeans to China and Germany
2018-03-31T00:00:00.000,2018,1,soybeans,North MT - Santos by truck,"Shanghai, China",93.44,32.5,125.94,305.85,431.8,2018Q1,,,j7xv-dz9h,Transportation and Landed Costs of Brazilian Soybeans to China and Germany
2018-03-31T00:00:00.000,2018,1,soybeans,North MT - Santos by rail,"Shanghai, China",39.07,32.5,118.51,305.85,424.36,2018Q1,46.94,,j7xv-dz9h,Transportation and Landed Costs of Brazilian Soybeans to China and Germany
2018-03-31T00:00:00.000,2018,1,soybeans,North MT - Santarem,"Shanghai, China",61.09,38.5,99.59,319.69,419.28,2018Q1,,,j7xv-dz9h,Transportation and Landed Costs of Brazilian Soybeans to China and Germany
2018-03-31T00:00:00.000,2018,1,soybeans,North MT - Paranagua,"Shanghai, China",92.46,32,124.46,305.85,430.31,2018Q1,,,j7xv-dz9h,Transportation and Landed Costs of Brazilian Soybeans to China and Germany
2018-03-31T00:00:00.000,2018,1,soybeans,Southwest PI - Sao Luis,"Hamburg, Germany",44.28,21,65.28,334.23,399.51,2018Q1,,,j7xv-dz9h,Transportation and Landed Costs of Brazilian Soybeans to China and Germany
2018-03-31T00:00:00.000,2018,1,soybeans,South MA - Sao Luis,"Hamburg, Germany",36.57,21,57.57,350.9,408.47,2018Q1,,,j7xv-dz9h,Transportation and Landed Costs of Brazilian Soybeans to China and Germany
2018-03-31T00:00:00.000,2018,1,soybeans,Northwest RS - Rio Grande,"Hamburg, Germany",31.51,28,59.51,334.43,393.94,2018Q1,,,j7xv-dz9h,Transportation and Landed Costs of Brazilian Soybeans to China and Germany
2018-03-31T00:00:00.000,2018,1,soybeans,North MT - Santos by truck,"Hamburg, Germany",93.44,27,120.44,305.85,426.3,2018Q1,,,j7xv-dz9h,Transportation and Landed Costs of Brazilian Soybeans to China and Germany
2018-03-31T00:00:00.000,2018,1,soybeans,North MT - Santos by rail,"Hamburg, Germany",39.07,27,113.01,305.85,418.86,2018Q1,46.94,,j7xv-dz9h,Transportation and Landed Costs of Brazilian Soybeans to China and Germany
2018-03-31T00:00:00.000,2018,1,soybeans,North MT - Santarem,"Hamburg, Germany",61.09,25,86.09,319.69,405.78,2018Q1,,,j7xv-dz9h,Transportation and Landed Costs of Brazilian Soybeans to China and Germany
2018-03-31T00:00:00.000,2018,1,soybeans,North MT - Paranagua,"Hamburg, Germany",92.46,28,120.46,305.85,426.31,2018Q1,,,j7xv-dz9h,Transportation and Landed Costs of Brazilian Soybeans to China and Germany
2017-12-31T00:00:00.000,2017,4,soybeans,Southwest PI - Sao Luis,"Shanghai, China",44.44,29.56,74,283.05,357.05,2017Q4,,,j7xv-dz9h,Transportation and Landed Costs of Brazilian Soybeans to China and Germany
2017-12-31T00:00:00.000,2017,4,soybeans,South MA - Sao Luis,"Shanghai, China",37.69,29.56,67.25,343.39,410.64,2017Q4,,,j7xv-dz9h,Transportation and Landed Costs of Brazilian Soybeans to China and Germany
2017-12-31T00:00:00.000,2017,4,soybeans,South GO - Santos,"Shanghai, China",44.22,26.88,71.09,301.99,373.08,2017Q4,,,j7xv-dz9h,Transportation and Landed Costs of Brazilian Soybeans to China and Germany
2017-12-31T00:00:00.000,2017,4,soybeans,Northwest RS - Rio Grande,"Shanghai, China",30.72,27.3,58.02,322.3,380.32,2017Q4,,,j7xv-dz9h,Transportation and Landed Costs of Brazilian Soybeans to China and Germany
2017-12-31T00:00:00.000,2017,4,soybeans,North MT - Santos by rail,"Shanghai, China",,,,,,2017Q4,,,j7xv-dz9h,Transportation and Landed Costs of Brazilian Soybeans to China and Germany
2017-12-31T00:00:00.000,2017,4,soybeans,North MT - Santos,"Shanghai, China",92.25,26.88,119.82,293.6,413.43,2017Q4,,,j7xv-dz9h,Transportation and Landed Costs of Brazilian Soybeans to China and Germany
2017-12-31T00:00:00.000,2017,4,soybeans,North MT - Santarem,"Shanghai, China",55.08,30.75,85.83,293.6,379.43,2017Q4,,,j7xv-dz9h,Transportation and Landed Costs of Brazilian Soybeans to China and Germany
2017-12-31T00:00:00.000,2017,4,soybeans,Southwest PI - Sao Luis,"Hamburg, Germany",44.44,20.2,64.64,283.05,347.68,2017Q4,,,j7xv-dz9h,Transportation and Landed Costs of Brazilian Soybeans to China and Germany
2017-12-31T00:00:00.000,2017,4,soybeans,South MA - Sao Luis,"Hamburg, Germany",37.69,20.2,57.89,343.39,401.28,2017Q4,,,j7xv-dz9h,Transportation and Landed Costs of Brazilian Soybeans to China and Germany
2017-12-31T00:00:00.000,2017,4,soybeans,South GO - Santos,"Hamburg, Germany",44.22,24.5,68.72,301.99,370.71,2017Q4,,,j7xv-dz9h,Transportation and Landed Costs of Brazilian Soybeans to China and Germany
2017-12-31T00:00:00.000,2017,4,soybeans,Northwest RS - Rio Grande,"Hamburg, Germany",30.72,25.5,56.22,322.3,378.52,2017Q4,,,j7xv-dz9h,Transportation and Landed Costs of Brazilian Soybeans to China and Germany
2017-12-31T00:00:00.000,2017,4,soybeans,North MT - Santos by rail,"Hamburg, Germany",,,,,,2017Q4,,,j7xv-dz9h,Transportation and Landed Costs of Brazilian Soybeans to China and Germany
